{"type":"FeatureCollection","features":[{"type":"Feature","properties":{"role":"ground","name":"Parc Valrose - Université Côte d'Azur - Faculté des Sciences","leisure":"park"},"geometry":{"type":"Polygon","coordinates":[[[7.2668743,43.7147586],[7.2668633,43.7147915],[7.2668248,43.7149073],[7.2668758,43.7150929],[7.2669128,43.7153681],[7.2686314,43.7158392],[7.2686948,43.7154617],[7.268711,43.7154228],[7.2687579,43.7153938],[7.2687864,43.7154116],[7.268795,43.715417],[7.268822,43.715435],[7.268952,43.7155199],[7.2690503,43.715624],[7.2691472,43.7157609],[7.2691942,43.7158855],[7.2692,43.715944],[7.269205,43.715985],[7.2692202,43.7160894],[7.2694018,43.7160339],[7.269589,43.715918],[7.269616,43.715901],[7.269678,43.715866],[7.2700635,43.7163238],[7.2700161,43.7163655],[7.2699831,43.7163993],[7.2699542,43.7164467],[7.269932,43.7165001],[7.2699261,43.7165277],[7.2699209,43.716609],[7.269924,43.7166517],[7.2698777,43.7166546],[7.2698615,43.7166489],[7.2698539,43.7166418],[7.2698417,43.7166131],[7.2693728,43.7166536],[7.269476,43.7171682],[7.2700074,43.7171256],[7.2700099,43.7171609],[7.270007,43.7171753],[7.2699998,43.7171847],[7.2700001,43.717211],[7.2699926,43.7172279],[7.269978,43.7172433],[7.2699747,43.7172446],[7.269955,43.7172527],[7.2699275,43.7172594],[7.2699277,43.7172625],[7.269929,43.717271],[7.269936,43.717328],[7.2699367,43.717333],[7.2699684,43.7173329],[7.2699907,43.7173364],[7.2700025,43.7173425],[7.2700114,43.7173504],[7.2700171,43.7173582],[7.2700184,43.7173927],[7.2700354,43.7178416],[7.2698708,43.7178607],[7.2697199,43.7178914],[7.2695037,43.7179214],[7.2696346,43.7181786],[7.2698717,43.7183797],[7.2700582,43.7186262],[7.270073,43.7187538],[7.2698577,43.7187866],[7.2696357,43.7186956],[7.2690206,43.7183924],[7.2688152,43.7183814],[7.2685729,43.7184759],[7.2685833,43.7185304],[7.2680439,43.7188651],[7.2679942,43.7188693],[7.2679527,43.7188861],[7.2679245,43.7189087],[7.2679034,43.7189393],[7.2678948,43.7189554],[7.2681244,43.7191953],[7.2680621,43.7192429],[7.2680229,43.7192752],[7.2677521,43.7190394],[7.2667614,43.7181836],[7.2665772,43.7180774],[7.2664426,43.7180186],[7.2663352,43.7179757],[7.2662951,43.7179574],[7.2662224,43.7179121],[7.2661564,43.7178502],[7.2660758,43.7177738],[7.2660086,43.7176788],[7.2657657,43.7171579],[7.2657234,43.7170672],[7.2656963,43.7169591],[7.26569,43.7168238],[7.2657225,43.7161605],[7.265761,43.715939],[7.265773,43.715877],[7.2657792,43.7158377],[7.2658058,43.7158268],[7.2658287,43.7158135],[7.2658405,43.7157793],[7.2658385,43.7157586],[7.2658342,43.7157306],[7.2658155,43.7157082],[7.2657774,43.7156848],[7.2657635,43.7156655],[7.2656711,43.715345],[7.2655204,43.7147973],[7.265812,43.7147678],[7.2660666,43.7147549],[7.2664052,43.7147439],[7.2664085,43.7147677],[7.26652,43.714766],[7.266544,43.714765],[7.2668743,43.7147586]]]}},{"type":"Feature","properties":{"role":"track","name":"Circuit Valrose"},"geometry":{"type":"LineString","coordinates":[[7.2659092,43.7157807],[7.2659362,43.7157827],[7.2659852,43.7157883],[7.2660344,43.7157935],[7.2660836,43.7157989],[7.2661326,43.715805],[7.2661814,43.7158116],[7.2662301,43.7158189],[7.2662786,43.7158269],[7.2663269,43.7158355],[7.2663748,43.715845],[7.2664225,43.7158552],[7.26647,43.7158659],[7.2665173,43.7158769],[7.2665646,43.715888],[7.2666119,43.715899],[7.2666593,43.7159099],[7.2667068,43.7159205],[7.2667543,43.7159311],[7.2668019,43.7159415],[7.2668493,43.7159523],[7.2668966,43.7159635],[7.2669433,43.7159757],[7.2669894,43.7159892],[7.2670346,43.7160041],[7.2670789,43.7160204],[7.2671221,43.7160382],[7.2671644,43.7160571],[7.2672059,43.7160769],[7.2672467,43.7160975],[7.267287,43.7161185],[7.267327,43.7161399],[7.2673665,43.7161617],[7.2674056,43.716184],[7.2674439,43.7162069],[7.2674811,43.7162307],[7.2675169,43.7162557],[7.2675511,43.7162818],[7.2675844,43.7163085],[7.26762,43.7163314],[7.2676558,43.7163361],[7.2676804,43.7163147],[7.2676908,43.7162803],[7.2676921,43.7162445],[7.267687,43.7162088],[7.2676759,43.7161739],[7.2676582,43.7161405],[7.2676334,43.7161097],[7.267602,43.7160821],[7.2675663,43.7160572],[7.2675297,43.7160329],[7.2674988,43.7160058],[7.2674822,43.7159738],[7.2674836,43.7159394],[7.2674987,43.7159058],[7.2675214,43.715874],[7.2675485,43.715844],[7.267579,43.7158157],[7.2676131,43.7157897],[7.2676511,43.7157669],[7.2676932,43.7157484],[7.2677389,43.7157354],[7.2677871,43.7157288],[7.2678362,43.7157289],[7.2678844,43.7157357],[7.26793,43.7157488],[7.2679712,43.715768],[7.2680054,43.7157931],[7.2680306,43.7158233],[7.2680466,43.7158569],[7.2680561,43.7158921],[7.2680629,43.7159278],[7.2680707,43.7159633],[7.2680822,43.7159982],[7.2680986,43.716032],[7.2681196,43.7160645],[7.2681436,43.716096],[7.2681691,43.7161269],[7.2681952,43.7161575],[7.2682218,43.7161879],[7.2682492,43.7162179],[7.2682777,43.7162474],[7.2683075,43.7162762],[7.2683383,43.7163045],[7.2683696,43.7163324],[7.268401,43.7163604],[7.2684314,43.7163888],[7.2684601,43.7164181],[7.268486,43.7164488],[7.2685105,43.7164798],[7.268537,43.7165117],[7.2685571,43.7165465],[7.2685646,43.716582],[7.2685733,43.7166167],[7.2685874,43.7166512],[7.2686016,43.7166857],[7.2686159,43.7167202],[7.2686301,43.7167547],[7.2686443,43.7167892],[7.2686583,43.7168237],[7.2686721,43.7168583],[7.2686857,43.7168929],[7.2686991,43.7169275],[7.2687123,43.7169623],[7.2687251,43.716997],[7.2687375,43.7170319],[7.2687495,43.7170668],[7.2687612,43.7171018],[7.268773,43.7171368],[7.2687853,43.7171716],[7.268799,43.7172062],[7.2688148,43.7172403],[7.2688333,43.7172737],[7.2688545,43.7173062],[7.2688783,43.7173378],[7.2689041,43.7173685],[7.2689317,43.7173984],[7.2689611,43.7174274],[7.2689921,43.7174556],[7.2690244,43.7174829],[7.2690576,43.7175097],[7.2690907,43.7175365],[7.2691228,43.717564],[7.2691529,43.7175926],[7.2691796,43.7176228],[7.2692014,43.7176549],[7.2692157,43.717689],[7.2692191,43.7177242],[7.2692095,43.7177588],[7.2691886,43.7177909],[7.2691602,43.7178202],[7.2691272,43.717847],[7.2690907,43.7178713],[7.2690504,43.7178919],[7.269006,43.717907],[7.2689583,43.7179149],[7.2689092,43.717916],[7.26886,43.717912],[7.2688114,43.7179047],[7.2687634,43.7178954],[7.2687159,43.7178847],[7.2686689,43.7178732],[7.268622,43.7178612],[7.2685753,43.7178489],[7.2685285,43.7178366],[7.2684821,43.7178239],[7.2684362,43.71781],[7.2683918,43.717794],[7.2683497,43.7177752],[7.2683103,43.7177534],[7.2682738,43.7177291],[7.2682395,43.7177031],[7.2682064,43.7176762],[7.2681731,43.7176495],[7.2681391,43.7176233],[7.2681053,43.7175969],[7.2680717,43.7175704],[7.2680381,43.7175439],[7.2680049,43.7175171],[7.2679716,43.7174904],[7.2679392,43.7174631],[7.2679098,43.7174342],[7.2678843,43.7174035],[7.2678622,43.7173713],[7.267841,43.7173388],[7.2678171,43.7173075],[7.2677873,43.7172792],[7.2677512,43.7172549],[7.2677109,43.7172341],[7.2676689,43.7172148],[7.2676273,43.7171951],[7.2675874,43.7171738],[7.2675495,43.7171506],[7.2675136,43.7171258],[7.2674789,43.7171],[7.2674445,43.717074],[7.2674098,43.7170482],[7.2673747,43.7170228],[7.267339,43.7169977],[7.2673029,43.716973],[7.2672666,43.7169484],[7.2672303,43.7169238],[7.267194,43.7168992],[7.2671577,43.7168746],[7.2671209,43.7168504],[7.2670833,43.7168269],[7.2670441,43.7168048],[7.267003,43.7167847],[7.2669597,43.7167673],[7.2669144,43.7167526],[7.2668676,43.7167407],[7.2668197,43.7167312],[7.2667712,43.7167233],[7.2667225,43.7167164],[7.2666736,43.7167097],[7.2666248,43.7167029],[7.2665759,43.7166963],[7.2665269,43.7166906],[7.2664775,43.7166873],[7.2664281,43.7166881],[7.2663798,43.7166945],[7.266334,43.7167073],[7.2662926,43.7167264],[7.2662567,43.7167507],[7.2662275,43.7167794],[7.2662057,43.7168113],[7.2661922,43.7168455],[7.2661887,43.7168808],[7.2661971,43.7169153],[7.2662188,43.7169465],[7.2662522,43.7169721],[7.2662922,43.716993],[7.2663314,43.7170143],[7.2663602,43.7170413],[7.2663718,43.7170743],[7.2663685,43.7171095],[7.2663572,43.7171444],[7.2663426,43.7171788],[7.2663271,43.717213],[7.2663121,43.7172473],[7.2662992,43.717282],[7.2662902,43.7173173],[7.2662815,43.7173556],[7.2662738,43.7173945],[7.2662759,43.7174274],[7.2662877,43.7174599],[7.266305,43.717498],[7.2663263,43.7175348],[7.2663481,43.7175653],[7.2663683,43.7175933],[7.2663906,43.7176254],[7.2664207,43.7176608],[7.2664523,43.7176909],[7.2664794,43.7177173],[7.2665011,43.7177478],[7.2665165,43.717782],[7.2665312,43.7178162],[7.2665526,43.7178481],[7.2665824,43.7178764],[7.2666175,43.7179016],[7.2666542,43.7179258],[7.266689,43.7179513],[7.2667169,43.7179801],[7.2667236,43.7180091],[7.2666984,43.7180269],[7.2666545,43.7180262],[7.2666095,43.7180125],[7.2665678,43.7179932],[7.2665285,43.7179713],[7.2664907,43.717948],[7.2664534,43.7179241],[7.266416,43.7179004],[7.2663783,43.7178769],[7.2663404,43.7178536],[7.2663028,43.7178301],[7.2662663,43.7178057],[7.2662321,43.7177797],[7.2662012,43.7177517],[7.2661744,43.7177215],[7.2661515,43.7176897],[7.2661317,43.7176567],[7.2661134,43.7176232],[7.2660956,43.7175896],[7.2660776,43.7175561],[7.2660592,43.7175227],[7.2660405,43.7174893],[7.2660218,43.717456],[7.2660032,43.7174226],[7.2659849,43.7173891],[7.2659668,43.7173556],[7.2659488,43.717322],[7.2659308,43.7172885],[7.2659128,43.7172549],[7.2658948,43.7172214],[7.2658771,43.7171877],[7.26586,43.7171539],[7.2658437,43.7171199],[7.2658285,43.7170857],[7.2658144,43.7170512],[7.2658015,43.7170164],[7.26579,43.7169814],[7.2657802,43.7169462],[7.2657724,43.7169106],[7.2657666,43.7168749],[7.2657626,43.716839],[7.2657599,43.7168031],[7.2657581,43.7167671],[7.2657568,43.7167312],[7.2657558,43.7166952],[7.265755,43.7166592],[7.2657546,43.7166232],[7.2657545,43.7165872],[7.2657548,43.7165512],[7.2657553,43.7165152],[7.2657561,43.7164792],[7.2657569,43.7164432],[7.265758,43.7164073],[7.2657597,43.7163713],[7.2657626,43.7163354],[7.2657671,43.7162995],[7.2657736,43.7162639],[7.265782,43.7162284],[7.265792,43.7161932],[7.265803,43.7161581],[7.2658148,43.7161231],[7.265827,43.7160882],[7.2658401,43.7160535],[7.2658545,43.7160191],[7.265871,43.7159851],[7.2658896,43.7159518],[7.2659097,43.7159189],[7.2659292,43.7158858],[7.265944,43.7158518],[7.2659443,43.7158183],[7.2659229,43.715792],[7.2659092,43.7157807]]}},{"type":"Feature","properties":{"role":"ground","leisure":"park"},"geometry":{"type":"Polygon","coordinates":[[[7.2660203,43.715817],[7.2662477,43.7158414],[7.2667138,43.7159417],[7.2671005,43.7160533],[7.2673292,43.7161675],[7.267582,43.7163383],[7.2676215,43.716372],[7.2679414,43.7166446],[7.2681037,43.7167907],[7.268206,43.71694],[7.2681876,43.7170168],[7.2680104,43.7171514],[7.2677912,43.7172301],[7.2676001,43.717188],[7.2673588,43.7170103],[7.2670108,43.7167825],[7.2668551,43.7167351],[7.2666162,43.7167034],[7.2664677,43.7166849],[7.2663699,43.7166878],[7.2662695,43.7167388],[7.2661975,43.7168095],[7.2661868,43.7168864],[7.266215,43.7169704],[7.2662496,43.7169933],[7.266385,43.7170108],[7.2663659,43.7170924],[7.2663371,43.7172085],[7.2663019,43.7172602],[7.2657657,43.7171579],[7.2656963,43.7169591],[7.26569,43.7168238],[7.2657225,43.7161605],[7.2657792,43.7158377],[7.2658058,43.7158268],[7.2658287,43.7158135],[7.2660203,43.715817]]]}},{"type":"Feature","properties":{"role":"ground","leisure":"park"},"geometry":{"type":"Polygon","coordinates":[[[7.2658831,43.7157506],[7.2658342,43.7157306],[7.2658155,43.7157082],[7.2657774,43.7156848],[7.2657635,43.7156655],[7.2656711,43.715345],[7.2655749,43.7148257],[7.2668264,43.714792],[7.2667844,43.714927],[7.2668685,43.7153894],[7.2686244,43.7158654],[7.2686948,43.7154617],[7.268711,43.7154228],[7.2687579,43.7153938],[7.268952,43.7155199],[7.2690503,43.715624],[7.2691472,43.7157609],[7.2691942,43.7158855],[7.2692202,43.7160894],[7.2694018,43.7160339],[7.269678,43.715866],[7.2700635,43.7163238],[7.2700161,43.7163655],[7.2699831,43.7163993],[7.2699542,43.7164467],[7.2699261,43.7165277],[7.2699209,43.716609],[7.269924,43.7166517],[7.2698777,43.7166546],[7.2698615,43.7166489],[7.2698539,43.7166418],[7.2698417,43.7166131],[7.2693728,43.7166536],[7.269476,43.7171682],[7.2700074,43.7171256],[7.2700099,43.7171609],[7.270007,43.7171753],[7.2699998,43.7171847],[7.2700001,43.717211],[7.2699926,43.7172279],[7.2699747,43.7172446],[7.269955,43.7172527],[7.2699275,43.7172594],[7.2699312,43.7172889],[7.2699367,43.717333],[7.2699684,43.7173329],[7.2699907,43.7173364],[7.2700025,43.7173425],[7.2700114,43.7173504],[7.2700171,43.7173582],[7.2700184,43.7173927],[7.2700354,43.7178416],[7.2698708,43.7178607],[7.2697199,43.7178914],[7.2695037,43.7179214],[7.2692702,43.7178049],[7.2692664,43.7177627],[7.2692027,43.7175972],[7.2690456,43.7174537],[7.2688164,43.7172605],[7.2687181,43.7169853],[7.2685123,43.7166383],[7.2682134,43.7167632],[7.2677604,43.716348],[7.2670039,43.7159497],[7.2668471,43.7159157],[7.2663361,43.7158046],[7.2660202,43.7157669],[7.2658831,43.7157506]]]}},{"type":"Feature","properties":{"role":"ground","leisure":"park"},"geometry":{"type":"Polygon","coordinates":[[[7.2661868,43.7168864],[7.2661975,43.7168095],[7.2662695,43.7167388],[7.2663699,43.7166878],[7.2664677,43.7166849],[7.2666162,43.7167034],[7.2668551,43.7167351],[7.2670108,43.7167825],[7.2673588,43.7170103],[7.2676001,43.717188],[7.2677239,43.7172704],[7.2677851,43.7173175],[7.2678556,43.7174181],[7.2676518,43.7175383],[7.2674158,43.7176081],[7.2671805,43.7176421],[7.2669533,43.7174081],[7.2669226,43.717376],[7.2669384,43.7173596],[7.2669368,43.7173396],[7.2669294,43.717331],[7.2669074,43.7173214],[7.2668818,43.7173227],[7.2668619,43.7173345],[7.266599,43.7172116],[7.2663371,43.7172085],[7.2663659,43.7170924],[7.266385,43.7170108],[7.2662496,43.7169933],[7.266215,43.7169704],[7.2661868,43.7168864]]]}},{"type":"Feature","properties":{"role":"ground","leisure":"park"},"geometry":{"type":"Polygon","coordinates":[[[7.2682134,43.7167632],[7.2685123,43.7166383],[7.2687181,43.7169853],[7.2688164,43.7172605],[7.2688825,43.7174345],[7.2691923,43.7176815],[7.2691829,43.7177446],[7.2690005,43.7178881],[7.2687699,43.7178532],[7.268342,43.7177243],[7.2679195,43.7173819],[7.2679501,43.717289],[7.2682379,43.7170949],[7.2682973,43.7169985],[7.2682648,43.7168663],[7.2682134,43.7167632]]]}},{"type":"Feature","properties":{"role":"ground","leisure":"park"},"geometry":{"type":"Polygon","coordinates":[[[7.2678556,43.7174181],[7.268258,43.7177748],[7.2688373,43.7179416],[7.2690197,43.7179493],[7.2692702,43.7178049],[7.2695037,43.7179214],[7.2696346,43.7181786],[7.2698717,43.7183797],[7.2700582,43.7186262],[7.270073,43.7187538],[7.2698577,43.7187866],[7.2696357,43.7186956],[7.2690206,43.7183924],[7.2688152,43.7183814],[7.2685729,43.7184759],[7.2685833,43.7185304],[7.2680439,43.7188651],[7.2679942,43.7188693],[7.2679527,43.7188861],[7.2677859,43.7190129],[7.2677521,43.7190394],[7.2667614,43.7181836],[7.2662224,43.7179121],[7.2659727,43.7174763],[7.2657657,43.7171579],[7.2663019,43.7172602],[7.2663629,43.7172502],[7.266599,43.7172116],[7.2668619,43.7173345],[7.266855,43.7173524],[7.2668638,43.71737],[7.2668851,43.7173806],[7.266898,43.717382],[7.2669226,43.717376],[7.2669533,43.7174081],[7.2671805,43.7176421],[7.2674158,43.7176081],[7.2676518,43.7175383],[7.2678556,43.7174181]]]}},{"type":"Feature","properties":{"role":"ground","leisure":"garden"},"geometry":{"type":"Polygon","coordinates":[[[7.2652728,43.7183348],[7.265422,43.7184264],[7.2655685,43.7185007],[7.2658799,43.7186037],[7.2660768,43.718474],[7.2655991,43.7181407],[7.2655687,43.7181388],[7.2653989,43.7182725],[7.2653635,43.7182541],[7.2652728,43.7183348]]]}},{"type":"Feature","properties":{"role":"ground","leisure":"garden"},"geometry":{"type":"Polygon","coordinates":[[[7.266392,43.7180805],[7.2664273,43.7181437],[7.2664325,43.7181815],[7.2664233,43.7182419],[7.2661295,43.7184325],[7.265649,43.7180984],[7.2656464,43.7180786],[7.2659506,43.7178389],[7.266012,43.7178408],[7.266187,43.7179852],[7.266264,43.7180324],[7.266392,43.7180805]]]}},{"type":"Feature","properties":{"role":"ground","leisure":"garden"},"geometry":{"type":"Polygon","coordinates":[[[7.266855,43.718569],[7.2669733,43.718468],[7.2669747,43.7184405],[7.2667527,43.7182685],[7.2665672,43.7181619],[7.266503,43.7181376],[7.2664811,43.7181471],[7.2664942,43.7182294],[7.2664635,43.7182801],[7.2664066,43.7183255],[7.2659246,43.718659],[7.266134,43.718796],[7.2666046,43.7184176],[7.266855,43.718569]]]}},{"type":"Feature","properties":{"role":"ground","leisure":"garden"},"geometry":{"type":"Polygon","coordinates":[[[7.26335,43.71646],[7.263359,43.71652],[7.2634569,43.7168236],[7.2634671,43.7172479],[7.2633507,43.7176375],[7.2633319,43.7178738],[7.2632943,43.7179728],[7.2632305,43.7180204],[7.263228,43.718077],[7.263215,43.718125],[7.2631291,43.7183502],[7.2633939,43.7183665],[7.2634333,43.7183597],[7.2634747,43.7183312],[7.2635028,43.7182891],[7.263532,43.718146],[7.263542,43.718062],[7.2636024,43.7179891],[7.263647,43.71796],[7.263688,43.71796],[7.2637564,43.7179728],[7.2637977,43.7180109],[7.2638184,43.7180719],[7.2638184,43.7182606],[7.2638259,43.7183326],[7.263858,43.718402],[7.2638959,43.7184613],[7.2639512,43.7185131],[7.2642644,43.7187439],[7.2646105,43.7189519],[7.2647231,43.7190236],[7.2647948,43.7190325],[7.2648644,43.7190192],[7.2650538,43.7189785],[7.2650845,43.7189422],[7.264745,43.718503],[7.264644,43.718397],[7.2644767,43.7182417],[7.2643376,43.7180946],[7.264195,43.717909],[7.264117,43.717755],[7.26399,43.7174231],[7.2639306,43.7172065],[7.2638863,43.7170905],[7.2637447,43.7167954],[7.2636828,43.7166556],[7.2636474,43.7166063],[7.2636032,43.7165597],[7.2635248,43.7165167],[7.263425,43.716481],[7.26335,43.71646]]]}},{"type":"Feature","properties":{"building":"university","name":"Bâtiment T","height":12,"landmark":false,"heightSource":"Estimated","passageAssumed":false,"bridge":false,"localId":"B001","campusRefs":["T"],"positionCheck":"Contains MapHub marker T","nameSource":"CampusValrose MapHub"},"geometry":{"type":"Polygon","coordinates":[[[7.264552,43.716037],[7.264375,43.716041],[7.26437,43.715938],[7.264958,43.715928],[7.264962,43.716112],[7.264996,43.716111],[7.264997,43.716222],[7.264561,43.716228],[7.264552,43.716037]]]}},{"type":"Feature","properties":{"building":"yes","name":"","height":"2","landmark":false,"heightSource":"OSM height","passageAssumed":false,"bridge":false,"source":"OpenStreetMap supplied extract","wall":"no","localId":"B002"},"geometry":{"type":"Polygon","coordinates":[[[7.2663264,43.7171144],[7.2663134,43.7171604],[7.2662484,43.7171504],[7.2662164,43.7171724],[7.2661454,43.7171624],[7.2661224,43.7171264],[7.2661324,43.7170904],[7.2661704,43.7170654],[7.2662514,43.7170784],[7.2662704,43.7171064],[7.2663264,43.7171144]]]},"id":"way/363728813"},{"type":"Feature","properties":{"building":"yes","name":"","height":"9","landmark":false,"heightSource":"OSM height","passageAssumed":false,"bridge":false,"source":"OpenStreetMap supplied extract","localId":"B003"},"geometry":{"type":"Polygon","coordinates":[[[7.27062,43.718266],[7.270596,43.71827],[7.270506,43.718282],[7.270473,43.718287],[7.270471,43.718281],[7.270456,43.718228],[7.270431,43.718138],[7.270446,43.718135],[7.270577,43.718116],[7.270601,43.718199],[7.27062,43.718266]]]},"id":"way/139931885"},{"type":"Feature","properties":{"building":"yes","name":"","height":"10","landmark":false,"heightSource":"OSM height","passageAssumed":false,"bridge":false,"source":"OpenStreetMap supplied extract","localId":"B004"},"geometry":{"type":"Polygon","coordinates":[[[7.2704,43.718055],[7.270337,43.718043],[7.270338,43.718037],[7.270287,43.718028],[7.270317,43.717937],[7.270289,43.717931],[7.270304,43.71789],[7.270455,43.71792],[7.270475,43.717924],[7.270459,43.717982],[7.270421,43.717976],[7.270402,43.718047],[7.2704,43.718055]]]},"id":"way/139931913"},{"type":"Feature","properties":{"building":"yes","name":"","height":"7","landmark":false,"heightSource":"OSM height","passageAssumed":false,"bridge":false,"source":"OpenStreetMap supplied extract","wall":"no","localId":"B005"},"geometry":{"type":"Polygon","coordinates":[[[7.268486,43.718753],[7.268427,43.718788],[7.268409,43.718773],[7.26835,43.718808],[7.268334,43.718794],[7.268203,43.718869],[7.268216,43.718881],[7.268185,43.718899],[7.268172,43.718888],[7.268156,43.718873],[7.268185,43.718856],[7.268181,43.71885],[7.268294,43.718785],[7.268299,43.71879],[7.268437,43.718708],[7.268486,43.718753]]]},"id":"way/139931940"},{"type":"Feature","properties":{"building":"yes","name":"","height":"10","landmark":false,"heightSource":"OSM height","passageAssumed":false,"bridge":false,"source":"OpenStreetMap supplied extract","localId":"B006"},"geometry":{"type":"Polygon","coordinates":[[[7.268449,43.718894],[7.26843,43.718906],[7.268454,43.718928],[7.2684,43.71896],[7.268387,43.718949],[7.268298,43.719002],[7.268254,43.718961],[7.268185,43.718899],[7.268216,43.718881],[7.268203,43.718869],[7.268334,43.718794],[7.26835,43.718808],[7.268409,43.718773],[7.268427,43.718788],[7.268486,43.718753],[7.268565,43.718824],[7.268449,43.718894]]]},"id":"way/139931943"},{"type":"Feature","properties":{"building":"yes","name":"","height":"11","landmark":false,"heightSource":"OSM height","passageAssumed":false,"bridge":false,"source":"OpenStreetMap supplied extract","localId":"B007"},"geometry":{"type":"Polygon","coordinates":[[[7.269367,43.717997],[7.269386,43.718013],[7.269316,43.718059],[7.269295,43.718044],[7.269262,43.718066],[7.269197,43.718015],[7.269203,43.71801],[7.269179,43.71799],[7.269211,43.71797],[7.269217,43.717974],[7.269283,43.717931],[7.269279,43.717927],[7.269369,43.717869],[7.269405,43.717898],[7.269463,43.717884],[7.269612,43.718145],[7.26954,43.718166],[7.269397,43.717924],[7.269366,43.717945],[7.269401,43.717973],[7.269367,43.717997]]]},"id":"way/139931971"},{"type":"Feature","properties":{"building":"yes","name":"","height":"9","landmark":false,"heightSource":"OSM height","passageAssumed":false,"bridge":false,"source":"OpenStreetMap supplied extract","localId":"B008"},"geometry":{"type":"Polygon","coordinates":[[[7.270115,43.719064],[7.270113,43.719067],[7.270128,43.719088],[7.270128,43.719089],[7.270128,43.719105],[7.270105,43.719116],[7.270082,43.719111],[7.270052,43.719121],[7.270044,43.719122],[7.270041,43.719139],[7.270036,43.719143],[7.270029,43.719144],[7.270017,43.719144],[7.270006,43.719141],[7.269974,43.719152],[7.269916,43.719076],[7.269895,43.719083],[7.269855,43.719029],[7.270041,43.718957],[7.270094,43.719027],[7.27009,43.719031],[7.270115,43.719064]]]},"id":"way/139931976"},{"type":"Feature","properties":{"building":"yes","name":"","height":"12","landmark":false,"heightSource":"OSM height","passageAssumed":false,"bridge":false,"source":"OpenStreetMap supplied extract","localId":"B009"},"geometry":{"type":"Polygon","coordinates":[[[7.268856,43.719067],[7.269019,43.719033],[7.269057,43.719123],[7.269012,43.719132],[7.269018,43.719148],[7.269021,43.719155],[7.268879,43.719186],[7.268872,43.71917],[7.268783,43.719188],[7.268728,43.719199],[7.268661,43.719213],[7.268642,43.719166],[7.268617,43.719171],[7.268522,43.718944],[7.268513,43.718921],[7.268607,43.7189],[7.26862,43.718928],[7.268654,43.71892],[7.268681,43.718985],[7.268692,43.719011],[7.26873,43.719002],[7.268783,43.718992],[7.268807,43.71905],[7.268816,43.719076],[7.268856,43.719067]]]},"id":"way/139931982"},{"type":"Feature","properties":{"building":"yes","name":"","height":"5","landmark":false,"heightSource":"OSM height","passageAssumed":false,"bridge":false,"source":"OpenStreetMap supplied extract","localId":"B010"},"geometry":{"type":"Polygon","coordinates":[[[7.2695,43.718199],[7.269481,43.718222],[7.269494,43.718226],[7.269501,43.718231],[7.269502,43.718238],[7.269498,43.718246],[7.269486,43.718252],[7.269474,43.718253],[7.269462,43.718245],[7.269442,43.718267],[7.269252,43.718184],[7.269251,43.718179],[7.269202,43.718159],[7.269233,43.718122],[7.269259,43.718134],[7.26926,43.718124],[7.269267,43.718116],[7.269285,43.718116],[7.269297,43.718125],[7.269299,43.718121],[7.269305,43.718117],[7.269311,43.718117],[7.269318,43.718118],[7.2695,43.718199]]]},"id":"way/139931988"},{"type":"Feature","properties":{"building":"yes","name":"","height":"16","landmark":false,"heightSource":"OSM height","passageAssumed":false,"bridge":false,"source":"OpenStreetMap supplied extract","localId":"B011"},"geometry":{"type":"Polygon","coordinates":[[[7.269173,43.718891],[7.269186,43.718926],[7.269131,43.718939],[7.269132,43.718941],[7.269032,43.718965],[7.269028,43.71896],[7.268932,43.718983],[7.268943,43.71901],[7.268886,43.719023],[7.268884,43.719017],[7.268866,43.719008],[7.26886,43.718992],[7.268871,43.718977],[7.268869,43.718969],[7.268888,43.718965],[7.268872,43.718921],[7.268897,43.718916],[7.268873,43.718853],[7.269137,43.718795],[7.269141,43.718803],[7.26915,43.7188],[7.269158,43.718799],[7.269188,43.718809],[7.269195,43.71883],[7.269178,43.718847],[7.269165,43.718849],[7.269169,43.718864],[7.269165,43.718865],[7.269173,43.718891]]]},"id":"way/139931991"},{"type":"Feature","properties":{"building":"yes","name":"","height":"12","landmark":false,"heightSource":"OSM height","passageAssumed":false,"bridge":false,"source":"OpenStreetMap supplied extract","localId":"B012"},"geometry":{"type":"Polygon","coordinates":[[[7.268787,43.718435],[7.268768,43.718447],[7.268749,43.718432],[7.268769,43.718419],[7.268787,43.718435]]]},"id":"way/139932002"},{"type":"Feature","properties":{"building":"yes","name":"","height":"12","landmark":false,"heightSource":"OSM height","passageAssumed":false,"bridge":false,"source":"OpenStreetMap supplied extract","localId":"B013"},"geometry":{"type":"Polygon","coordinates":[[[7.268617,43.719171],[7.268591,43.719176],[7.268496,43.718951],[7.268522,43.718944],[7.268617,43.719171]]]},"id":"way/139931982"},{"type":"Feature","properties":{"building":"yes","name":"","height":"10","landmark":false,"heightSource":"OSM height","passageAssumed":false,"bridge":false,"source":"OpenStreetMap supplied extract","localId":"B014"},"geometry":{"type":"Polygon","coordinates":[[[7.268298,43.719002],[7.268281,43.719011],[7.268237,43.718971],[7.268254,43.718961],[7.268298,43.719002]]]},"id":"way/139931943"},{"type":"Feature","properties":{"building":"yes","name":"","height":"5","landmark":false,"heightSource":"OSM height","passageAssumed":false,"bridge":false,"source":"OpenStreetMap supplied extract","wall":"no","localId":"B015"},"geometry":{"type":"Polygon","coordinates":[[[7.269347,43.718892],[7.269318,43.718869],[7.269357,43.718841],[7.269387,43.718863],[7.269347,43.718892]]]},"id":"way/139932008"},{"type":"Feature","properties":{"building":"yes","name":"","height":12,"landmark":false,"heightSource":"Estimated","passageAssumed":false,"bridge":false,"source":"OpenStreetMap supplied extract","wall":"no","localId":"B016"},"geometry":{"type":"Polygon","coordinates":[[[7.27055,43.717812],[7.270552,43.717838],[7.270528,43.717839],[7.270526,43.717813],[7.27055,43.717812]]]},"id":"way/139932010"},{"type":"Feature","properties":{"building":"yes","name":"","height":12,"landmark":false,"heightSource":"Estimated","passageAssumed":false,"bridge":false,"source":"OpenStreetMap supplied extract","wall":"no","localId":"B017"},"geometry":{"type":"Polygon","coordinates":[[[7.2695,43.7188],[7.269476,43.718781],[7.26953,43.718741],[7.269555,43.718757],[7.2695,43.7188]]]},"id":"way/139932012"},{"type":"Feature","properties":{"building":"yes","name":"","height":"10","landmark":false,"heightSource":"OSM height","passageAssumed":false,"bridge":false,"source":"OpenStreetMap supplied extract","localId":"B018"},"geometry":{"type":"Polygon","coordinates":[[[7.268449,43.718894],[7.268473,43.718916],[7.268454,43.718928],[7.26843,43.718906],[7.268449,43.718894]]]},"id":"way/139931943"},{"type":"Feature","properties":{"building":"yes","name":"","height":"12","landmark":false,"heightSource":"OSM height","passageAssumed":false,"bridge":false,"source":"OpenStreetMap supplied extract","localId":"B019"},"geometry":{"type":"Polygon","coordinates":[[[7.269057,43.719123],[7.269063,43.719138],[7.269018,43.719148],[7.269012,43.719132],[7.269057,43.719123]]]},"id":"way/139931982"},{"type":"Feature","properties":{"building":"yes","name":"","height":"6","landmark":false,"heightSource":"OSM height","passageAssumed":false,"bridge":false,"source":"OpenStreetMap supplied extract","localId":"B020"},"geometry":{"type":"Polygon","coordinates":[[[7.269,43.718542],[7.268916,43.71856],[7.268891,43.7185],[7.268979,43.718482],[7.269,43.718542]]]},"id":"way/139932020"},{"type":"Feature","properties":{"building":"yes","name":"","height":"12","landmark":false,"heightSource":"OSM height","passageAssumed":false,"bridge":false,"source":"OpenStreetMap supplied extract","localId":"B021"},"geometry":{"type":"Polygon","coordinates":[[[7.268783,43.719188],[7.26879,43.719205],[7.268735,43.719216],[7.268728,43.719199],[7.268783,43.719188]]]},"id":"way/139931982"},{"type":"Feature","properties":{"building":"yes","name":"","height":12,"landmark":false,"heightSource":"Estimated","passageAssumed":false,"bridge":false,"source":"OpenStreetMap supplied extract","wall":"no","localId":"B022"},"geometry":{"type":"Polygon","coordinates":[[[7.269897,43.718094],[7.27006,43.718023],[7.270072,43.718036],[7.269907,43.718107],[7.269897,43.718094]]]},"id":"way/139932037"},{"type":"Feature","properties":{"building":"yes","name":"","height":"12","landmark":false,"heightSource":"OSM height","passageAssumed":false,"bridge":false,"source":"OpenStreetMap supplied extract","localId":"B023"},"geometry":{"type":"Polygon","coordinates":[[[7.268681,43.718985],[7.268697,43.718988],[7.268719,43.718995],[7.26873,43.719002],[7.268692,43.719011],[7.268681,43.718985]]]},"id":"way/139931982"},{"type":"Feature","properties":{"building":"yes","name":"","height":"12","landmark":false,"heightSource":"OSM height","passageAssumed":false,"bridge":false,"source":"OpenStreetMap supplied extract","localId":"B024"},"geometry":{"type":"Polygon","coordinates":[[[7.268856,43.719067],[7.268816,43.719076],[7.268807,43.71905],[7.268819,43.71905],[7.268845,43.719061],[7.268856,43.719067]]]},"id":"way/139931982"},{"type":"Feature","properties":{"building":"yes","name":"","height":"5","landmark":false,"heightSource":"OSM height","passageAssumed":false,"bridge":false,"source":"OpenStreetMap supplied extract","localId":"B025"},"geometry":{"type":"Polygon","coordinates":[[[7.269935,43.718141],[7.269907,43.718107],[7.270072,43.718036],[7.270135,43.718114],[7.269972,43.718185],[7.269935,43.718141]]]},"id":"way/139932047"},{"type":"Feature","properties":{"building":"yes","name":"","height":"12","landmark":false,"heightSource":"OSM height","passageAssumed":false,"bridge":false,"source":"OpenStreetMap supplied extract","localId":"B026"},"geometry":{"type":"Polygon","coordinates":[[[7.268607,43.7189],[7.26862,43.718903],[7.268645,43.718914],[7.268654,43.71892],[7.26862,43.718928],[7.268607,43.7189]]]},"id":"way/139931982"},{"type":"Feature","properties":{"building":"yes","name":"","height":12,"landmark":false,"heightSource":"Estimated","passageAssumed":false,"bridge":false,"source":"OpenStreetMap supplied extract","wall":"no","localId":"B027"},"geometry":{"type":"Polygon","coordinates":[[[7.269864,43.718099],[7.269892,43.718087],[7.269897,43.718094],[7.269907,43.718107],[7.269935,43.718141],[7.269909,43.718152],[7.269864,43.718099]]]},"id":"way/139932065"},{"type":"Feature","properties":{"building":"yes","name":"","height":12,"landmark":false,"heightSource":"Estimated","passageAssumed":false,"bridge":false,"source":"OpenStreetMap supplied extract","localId":"B028"},"geometry":{"type":"Polygon","coordinates":[[[7.269403,43.718874],[7.269418,43.718862],[7.269462,43.718896],[7.269443,43.718907],[7.269423,43.718887],[7.269412,43.718877],[7.269403,43.718874]]]},"id":"way/139932075"},{"type":"Feature","properties":{"building":"yes","name":"","height":"9","landmark":false,"heightSource":"OSM height","passageAssumed":false,"bridge":false,"source":"OpenStreetMap supplied extract","localId":"B029"},"geometry":{"type":"Polygon","coordinates":[[[7.269855,43.719029],[7.269833,43.719038],[7.269829,43.719032],[7.269769,43.718972],[7.269723,43.718923],[7.269743,43.718913],[7.269855,43.719029]]]},"id":"way/139931976"},{"type":"Feature","properties":{"building":"yes","name":"","height":12,"landmark":false,"heightSource":"Estimated","passageAssumed":false,"bridge":false,"source":"OpenStreetMap supplied extract","localId":"B030"},"geometry":{"type":"Polygon","coordinates":[[[7.270051,43.718638],[7.269882,43.718724],[7.269815,43.718656],[7.269888,43.718618],[7.269552,43.718268],[7.269645,43.718219],[7.270051,43.718638]]]},"id":"way/139932078"},{"type":"Feature","properties":{"building":"yes","name":"","height":"11","landmark":false,"heightSource":"OSM height","passageAssumed":false,"bridge":false,"source":"OpenStreetMap supplied extract","localId":"B031"},"geometry":{"type":"Polygon","coordinates":[[[7.27055,43.717809],[7.270599,43.717807],[7.270627,43.717806],[7.270629,43.717848],[7.270553,43.71785],[7.270552,43.717838],[7.27055,43.717812],[7.27055,43.717809]]]},"id":"way/139932087"},{"type":"Feature","properties":{"building":"yes","name":"","height":"9","landmark":false,"heightSource":"OSM height","passageAssumed":false,"bridge":false,"source":"OpenStreetMap supplied extract","localId":"B032"},"geometry":{"type":"Polygon","coordinates":[[[7.270473,43.718287],[7.270506,43.718282],[7.270596,43.71827],[7.270606,43.718312],[7.270508,43.718324],[7.270482,43.718327],[7.270478,43.71831],[7.270473,43.718287]]]},"id":"way/139931885"},{"type":"Feature","properties":{"building":"yes","name":"","height":"9","landmark":false,"heightSource":"OSM height","passageAssumed":false,"bridge":false,"source":"OpenStreetMap supplied extract","localId":"B033"},"geometry":{"type":"Polygon","coordinates":[[[7.270007,43.719242],[7.269922,43.719288],[7.269929,43.719299],[7.269884,43.719322],[7.269797,43.719235],[7.26992,43.719175],[7.269948,43.719205],[7.269971,43.719206],[7.270007,43.719242]]]},"id":"way/139932098"},{"type":"Feature","properties":{"building":"yes","name":"","height":"13","landmark":false,"heightSource":"OSM height","passageAssumed":false,"bridge":false,"source":"OpenStreetMap supplied extract","localId":"B034"},"geometry":{"type":"Polygon","coordinates":[[[7.270699,43.718474],[7.270675,43.718487],[7.270561,43.718548],[7.270541,43.71853],[7.270477,43.718468],[7.270459,43.718451],[7.270501,43.718428],[7.270598,43.718376],[7.27063,43.718405],[7.270699,43.718474]]]},"id":"way/139932117"},{"type":"Feature","properties":{"building":"yes","name":"","height":"9","landmark":false,"heightSource":"OSM height","passageAssumed":false,"bridge":false,"source":"OpenStreetMap supplied extract","localId":"B035"},"geometry":{"type":"Polygon","coordinates":[[[7.269714,43.719266],[7.269658,43.719294],[7.269583,43.719332],[7.269512,43.719265],[7.269429,43.719181],[7.269499,43.719142],[7.269494,43.719135],[7.269556,43.719104],[7.269635,43.719185],[7.269714,43.719266]]]},"id":"way/139932118"},{"type":"Feature","properties":{"building":"yes","name":"","height":"7","landmark":false,"heightSource":"OSM height","passageAssumed":false,"bridge":false,"source":"OpenStreetMap supplied extract","localId":"B036"},"geometry":{"type":"Polygon","coordinates":[[[7.266455,43.718535],[7.266392,43.718492],[7.266416,43.718475],[7.266408,43.718468],[7.266426,43.718451],[7.266389,43.718422],[7.266458,43.718374],[7.266534,43.718429],[7.266467,43.718479],[7.266499,43.718502],[7.266455,43.718535]]]},"id":"way/139964393"},{"type":"Feature","properties":{"building":"yes","name":"","height":"10","landmark":false,"heightSource":"OSM height","passageAssumed":false,"bridge":false,"addr:housenumber":"53","addr:street":"Avenue de Brancolar","source":"OpenStreetMap supplied extract","localId":"B037"},"geometry":{"type":"Polygon","coordinates":[[[7.264987,43.719393],[7.264884,43.719299],[7.2649139,43.7192807],[7.265008,43.719223],[7.264987,43.719203],[7.265114,43.719125],[7.265135,43.719146],[7.265164,43.719129],[7.265251,43.719204],[7.265006,43.719354],[7.265023,43.719371],[7.264987,43.719393]]]},"id":"way/139964401"},{"type":"Feature","properties":{"building":"yes","name":"","height":"7","landmark":false,"heightSource":"OSM height","passageAssumed":false,"bridge":false,"addr:housename":"Les myosotis","addr:housenumber":"83","addr:street":"Avenue Valrose","source":"OpenStreetMap supplied extract","localId":"B038"},"geometry":{"type":"Polygon","coordinates":[[[7.266709,43.71848],[7.266747,43.71845],[7.266715,43.71843],[7.266716,43.718419],[7.266787,43.718367],[7.26689,43.718447],[7.266903,43.718438],[7.266945,43.718471],[7.266881,43.718528],[7.266892,43.718537],[7.266855,43.718569],[7.266709,43.71848]]]},"id":"way/139964412"},{"type":"Feature","properties":{"building":"yes","name":"","height":"5","landmark":false,"heightSource":"OSM height","passageAssumed":false,"bridge":false,"addr:housenumber":"81","addr:street":"Avenue Valrose","source":"OpenStreetMap supplied extract","localId":"B039"},"geometry":{"type":"Polygon","coordinates":[[[7.266577,43.718241],[7.26666,43.718263],[7.266666,43.718265],[7.266663,43.718273],[7.266699,43.718283],[7.266686,43.718313],[7.26665,43.718342],[7.266631,43.718339],[7.266627,43.718348],[7.266523,43.718324],[7.26656,43.718238],[7.266577,43.718241]]]},"id":"way/139964418"},{"type":"Feature","properties":{"building":"yes","name":"","height":"9","landmark":false,"heightSource":"OSM height","passageAssumed":false,"bridge":false,"addr:housenumber":"52 Bis","addr:street":"Avenue de Brancolar","source":"OpenStreetMap supplied extract","localId":"B040"},"geometry":{"type":"Polygon","coordinates":[[[7.265768,43.719203],[7.265678,43.719285],[7.265591,43.719236],[7.265596,43.719229],[7.265563,43.719208],[7.265652,43.719131],[7.265658,43.719128],[7.265661,43.71913],[7.265683,43.719141],[7.265697,43.719151],[7.26571,43.719163],[7.265705,43.719168],[7.265768,43.719203]]]},"id":"way/139964428"},{"type":"Feature","properties":{"building":"yes","name":"","height":"12","landmark":false,"heightSource":"OSM height","passageAssumed":false,"bridge":false,"source":"OpenStreetMap supplied extract","localId":"B041"},"geometry":{"type":"Polygon","coordinates":[[[7.266792,43.718997],[7.266664,43.718914],[7.266955,43.718674],[7.267026,43.71872],[7.267003,43.718741],[7.267008,43.718744],[7.266975,43.718773],[7.266983,43.718778],[7.266964,43.718796],[7.266973,43.718802],[7.266839,43.718912],[7.266826,43.718903],[7.266807,43.718919],[7.266797,43.718913],[7.26677,43.718937],[7.266823,43.718972],[7.266792,43.718997]]]},"id":"way/139964459"},{"type":"Feature","properties":{"building":"yes","name":"","height":"13","landmark":false,"heightSource":"OSM height","passageAssumed":false,"bridge":false,"source":"OpenStreetMap supplied extract","localId":"B042"},"geometry":{"type":"Polygon","coordinates":[[[7.266099,43.718834],[7.266116,43.71882],[7.266114,43.718813],[7.266134,43.718796],[7.266141,43.71879],[7.266217,43.718838],[7.26628,43.718789],[7.26639,43.718859],[7.266384,43.718867],[7.266523,43.718956],[7.266531,43.718951],[7.266644,43.719023],[7.266566,43.719089],[7.266243,43.718885],[7.266198,43.718858],[7.266169,43.718881],[7.266117,43.718848],[7.266099,43.718834]]]},"id":"way/139964462"},{"type":"Feature","properties":{"building":"yes","name":"","height":"6","landmark":false,"heightSource":"OSM height","passageAssumed":false,"bridge":false,"source":"OpenStreetMap supplied extract","localId":"B043"},"geometry":{"type":"Polygon","coordinates":[[[7.266044,43.718737],[7.265996,43.718705],[7.266076,43.718675],[7.266081,43.718671],[7.26608,43.718668],[7.266079,43.718665],[7.266081,43.718663],[7.266083,43.71866],[7.266086,43.71866],[7.266093,43.718661],[7.266101,43.718653],[7.266112,43.718645],[7.266132,43.718637],[7.266169,43.718628],[7.26617,43.718626],[7.266172,43.718624],[7.266175,43.718623],[7.266178,43.718622],[7.266182,43.718623],[7.266185,43.718625],[7.266184,43.718629],[7.266182,43.718632],[7.266227,43.718688],[7.266176,43.718712],[7.266159,43.718692],[7.266044,43.718737]]]},"id":"way/139964484"},{"type":"Feature","properties":{"building":"residential","name":"EHPAD Valrose","height":"20","landmark":false,"heightSource":"OSM height","passageAssumed":false,"bridge":false,"addr:housename":"Résidence Valrose","addr:housenumber":"44","addr:street":"Avenue de Brancolar","amenity":"social_facility","capacity":"51","email":"dg@ccas-nice.fr","fax":"+33 4 93 83 99 11","operator":"Centre Communal d'Action Social","operator:type":"public","phone":"+33 4 93 83 57 07","ref:FR:FINESS":"060783008","ref:FR:SIRET":"26060047300383","social_facility":"nursing_home","social_facility:for":"senior","source":"OpenStreetMap supplied extract","type:FR:FINESS":"500","website":"https://ccas-nice.fr/","wikidata":"Q112996759","localId":"B044"},"geometry":{"type":"Polygon","coordinates":[[[7.2645415,43.7179498],[7.2644584,43.7179908],[7.2645243,43.718061],[7.2645304,43.718058],[7.2647732,43.7183167],[7.2647519,43.7183272],[7.264811,43.7183903],[7.264853,43.7183697],[7.2648676,43.7183624],[7.264907,43.7184044],[7.2649029,43.7184065],[7.2650312,43.7185433],[7.2651009,43.7185088],[7.2651242,43.7185336],[7.2651795,43.7185064],[7.2651561,43.7184815],[7.2651789,43.7184703],[7.2649455,43.7182216],[7.2648709,43.7182584],[7.2648989,43.7182882],[7.2648718,43.7183017],[7.2647915,43.7182162],[7.2647809,43.7182049],[7.2645415,43.7179498]]]},"id":"way/139964485"},{"type":"Feature","properties":{"building":"yes","name":"","height":"3","landmark":false,"heightSource":"OSM height","passageAssumed":false,"bridge":false,"source":"OpenStreetMap supplied extract","localId":"B045"},"geometry":{"type":"Polygon","coordinates":[[[7.267643,43.719139],[7.267612,43.719115],[7.267665,43.719075],[7.267694,43.719102],[7.267643,43.719139]]]},"id":"way/139964509"},{"type":"Feature","properties":{"building":"yes","name":"","height":"4","landmark":false,"heightSource":"OSM height","passageAssumed":false,"bridge":false,"source":"OpenStreetMap supplied extract","localId":"B046"},"geometry":{"type":"Polygon","coordinates":[[[7.26601,43.718136],[7.265963,43.71817],[7.265883,43.718116],[7.265928,43.71808],[7.26601,43.718136]]]},"id":"way/139964514"},{"type":"Feature","properties":{"building":"yes","name":"","height":"5","landmark":false,"heightSource":"OSM height","passageAssumed":false,"bridge":false,"addr:housenumber":"3","addr:street":"Avenue Maréchal Maunoury","source":"OpenStreetMap supplied extract","localId":"B047"},"geometry":{"type":"Polygon","coordinates":[[[7.265754,43.718148],[7.265675,43.718093],[7.2657175,43.718059],[7.26576,43.718025],[7.265842,43.718079],[7.265754,43.718148]]]},"id":"way/139964518"},{"type":"Feature","properties":{"building":"yes","name":"","height":"6","landmark":false,"heightSource":"OSM height","passageAssumed":false,"bridge":false,"addr:housename":"Villa Alexandrine","addr:street":"Rue des Poilus","source":"OpenStreetMap supplied extract","localId":"B048"},"geometry":{"type":"Polygon","coordinates":[[[7.26615,43.718399],[7.266071,43.718336],[7.266149,43.718282],[7.266231,43.718345],[7.26615,43.718399]]]},"id":"way/139964531"},{"type":"Feature","properties":{"building":"yes","name":"","height":"6","landmark":false,"heightSource":"OSM height","passageAssumed":false,"bridge":false,"source":"OpenStreetMap supplied extract","localId":"B049"},"geometry":{"type":"Polygon","coordinates":[[[7.266035,43.718309],[7.265957,43.718254],[7.266022,43.718202],[7.2661,43.718257],[7.266035,43.718309]]]},"id":"way/139964534"},{"type":"Feature","properties":{"building":"yes","name":"","height":"4","landmark":false,"heightSource":"OSM height","passageAssumed":false,"bridge":false,"addr:housename":"Villa Athéna","addr:housenumber":"8","addr:street":"Rue des Poilus","source":"OpenStreetMap supplied extract","localId":"B050"},"geometry":{"type":"Polygon","coordinates":[[[7.265678,43.718215],[7.265585,43.718286],[7.26549,43.718222],[7.265582,43.718151],[7.265678,43.718215]]]},"id":"way/139964539"},{"type":"Feature","properties":{"building":"yes","name":"","height":"2","landmark":false,"heightSource":"OSM height","passageAssumed":false,"bridge":false,"source":"OpenStreetMap supplied extract","localId":"B051"},"geometry":{"type":"Polygon","coordinates":[[[7.265518,43.718354],[7.265489,43.718333],[7.26555,43.718286],[7.265581,43.718307],[7.265518,43.718354]]]},"id":"way/139964544"},{"type":"Feature","properties":{"building":"yes","name":"","height":12,"landmark":false,"heightSource":"Estimated","passageAssumed":false,"bridge":false,"source":"OpenStreetMap supplied extract","wall":"no","localId":"B052"},"geometry":{"type":"Polygon","coordinates":[[[7.267541,43.719006],[7.267505,43.718982],[7.267531,43.718961],[7.267567,43.718986],[7.267541,43.719006]]]},"id":"way/139964546"},{"type":"Feature","properties":{"building":"yes","name":"","height":"6","landmark":false,"heightSource":"OSM height","passageAssumed":false,"bridge":false,"addr:housenumber":"1","addr:street":"Rue Auguste Bercy","source":"OpenStreetMap supplied extract","localId":"B053"},"geometry":{"type":"Polygon","coordinates":[[[7.267238,43.718856],[7.267156,43.718803],[7.267231,43.71874],[7.267313,43.718798],[7.267238,43.718856]]]},"id":"way/139964558"},{"type":"Feature","properties":{"building":"yes","name":"","height":"6","landmark":false,"heightSource":"OSM height","passageAssumed":false,"bridge":false,"addr:housename":"Villa Denis Thérèse","addr:housenumber":"2","addr:street":"Rue des Poilus","source":"OpenStreetMap supplied extract","localId":"B054"},"geometry":{"type":"Polygon","coordinates":[[[7.26591,43.718564],[7.265833,43.71851],[7.265903,43.718459],[7.265979,43.718514],[7.26591,43.718564]]]},"id":"way/139964562"},{"type":"Feature","properties":{"building":"yes","name":"","height":"5","landmark":false,"heightSource":"OSM height","passageAssumed":false,"bridge":false,"addr:housenumber":"81","addr:street":"Avenue Valrose","source":"OpenStreetMap supplied extract","localId":"B055"},"geometry":{"type":"Polygon","coordinates":[[[7.266577,43.718241],[7.266583,43.71823],[7.266665,43.718253],[7.26666,43.718263],[7.266577,43.718241]]]},"id":"way/139964418"},{"type":"Feature","properties":{"building":"apartments","name":"","height":"7","landmark":false,"heightSource":"OSM height","passageAssumed":false,"bridge":false,"addr:housenumber":"6","addr:street":"Rue Auguste Bercy","source":"OpenStreetMap supplied extract","localId":"B056"},"geometry":{"type":"Polygon","coordinates":[[[7.267415,43.71928],[7.267336,43.719227],[7.267416,43.719167],[7.267495,43.719219],[7.267415,43.71928]]]},"id":"way/139964601"},{"type":"Feature","properties":{"building":"yes","name":"","height":"8","landmark":false,"heightSource":"OSM height","passageAssumed":false,"bridge":false,"source":"OpenStreetMap supplied extract","localId":"B057"},"geometry":{"type":"Polygon","coordinates":[[[7.266327,43.718283],[7.266251,43.718231],[7.266327,43.71817],[7.266404,43.718225],[7.266327,43.718283]]]},"id":"way/139964613"},{"type":"Feature","properties":{"building":"yes","name":"","height":"10","landmark":false,"heightSource":"OSM height","passageAssumed":false,"bridge":false,"source":"OpenStreetMap supplied extract","wall":"no","localId":"B058"},"geometry":{"type":"Polygon","coordinates":[[[7.265469,43.718689],[7.26554,43.718725],[7.265484,43.718764],[7.265428,43.718719],[7.265469,43.718689]]]},"id":"way/139964627"},{"type":"Feature","properties":{"building":"yes","name":"","height":"10","landmark":false,"heightSource":"OSM height","passageAssumed":false,"bridge":false,"addr:housenumber":"6","addr:street":"Rue des Poilus","source":"OpenStreetMap supplied extract","localId":"B059"},"geometry":{"type":"Polygon","coordinates":[[[7.265773,43.718317],[7.265681,43.718383],[7.265595,43.718324],[7.265685,43.718255],[7.265773,43.718317]]]},"id":"way/139964651"},{"type":"Feature","properties":{"building":"yes","name":"","height":12,"landmark":false,"heightSource":"Estimated","passageAssumed":false,"bridge":false,"source":"OpenStreetMap supplied extract","wall":"no","localId":"B060"},"geometry":{"type":"Polygon","coordinates":[[[7.265669,43.718818],[7.265654,43.718806],[7.26567,43.718795],[7.265683,43.718802],[7.265688,43.718806],[7.265669,43.718818]]]},"id":"way/139964662"},{"type":"Feature","properties":{"building":"yes","name":"","height":"7","landmark":false,"heightSource":"OSM height","passageAssumed":false,"bridge":false,"addr:housenumber":"75","addr:street":"Avenue Valrose","source":"OpenStreetMap supplied extract","localId":"B061"},"geometry":{"type":"Polygon","coordinates":[[[7.265931,43.718012],[7.26586,43.717961],[7.265955,43.717886],[7.266026,43.717935],[7.265931,43.718012]]]},"id":"way/139964700"},{"type":"Feature","properties":{"building":"yes","name":"","height":"7","landmark":false,"heightSource":"OSM height","passageAssumed":false,"bridge":false,"source":"OpenStreetMap supplied extract","localId":"B062"},"geometry":{"type":"Polygon","coordinates":[[[7.26613,43.718042],[7.266129,43.718046],[7.266059,43.7181],[7.265982,43.718046],[7.266052,43.717992],[7.26613,43.718042]]]},"id":"way/139964703"},{"type":"Feature","properties":{"building":"yes","name":"","height":"6","landmark":false,"heightSource":"OSM height","passageAssumed":false,"bridge":false,"addr:housenumber":"89","addr:street":"Avenue Valrose","source":"OpenStreetMap supplied extract","localId":"B063"},"geometry":{"type":"Polygon","coordinates":[[[7.267127,43.718737],[7.267044,43.718686],[7.267094,43.71864],[7.267147,43.718673],[7.267132,43.718687],[7.267159,43.718706],[7.267127,43.718737]]]},"id":"way/139964709"},{"type":"Feature","properties":{"building":"apartments","name":"","height":"7","landmark":false,"heightSource":"OSM height","passageAssumed":false,"bridge":false,"addr:housenumber":"2","addr:street":"Rue Auguste Bercy","source":"OpenStreetMap supplied extract","localId":"B064"},"geometry":{"type":"Polygon","coordinates":[[[7.267428,43.719043],[7.267341,43.718986],[7.267382,43.718954],[7.267389,43.718958],[7.267427,43.718928],[7.267505,43.718982],[7.267428,43.719043]]]},"id":"way/139964712"},{"type":"Feature","properties":{"building":"yes","name":"","height":"7","landmark":false,"heightSource":"OSM height","passageAssumed":false,"bridge":false,"addr:housename":"So'halong","addr:housenumber":"87","addr:street":"Avenue Valrose","source":"OpenStreetMap supplied extract","localId":"B065"},"geometry":{"type":"Polygon","coordinates":[[[7.267009,43.718665],[7.266924,43.718613],[7.266975,43.718569],[7.267032,43.718602],[7.267016,43.718618],[7.267042,43.718634],[7.267009,43.718665]]]},"id":"way/139964728"},{"type":"Feature","properties":{"building":"yes","name":"","height":"7","landmark":false,"heightSource":"OSM height","passageAssumed":false,"bridge":false,"addr:housenumber":"47","addr:street":"Avenue de Brancolar","source":"OpenStreetMap supplied extract","localId":"B066"},"geometry":{"type":"Polygon","coordinates":[[[7.264995,43.718902],[7.265004,43.718899],[7.265028,43.718934],[7.264949,43.718964],[7.264881,43.718879],[7.264956,43.718848],[7.264995,43.718902]]]},"id":"way/139964730"},{"type":"Feature","properties":{"building":"residential","name":"","height":"13","landmark":false,"heightSource":"OSM height","passageAssumed":false,"bridge":false,"addr:housename":"Résidence Le Séréna","addr:housenumber":"52","addr:street":"Avenue de Brancolar","source":"OpenStreetMap supplied extract","localId":"B067"},"geometry":{"type":"Polygon","coordinates":[[[7.26552,43.719121],[7.265488,43.719097],[7.265495,43.71909],[7.265436,43.719046],[7.265678,43.718877],[7.265766,43.718943],[7.26552,43.719121]]]},"id":"way/139964732"},{"type":"Feature","properties":{"building":"yes","name":"","height":"7","landmark":false,"heightSource":"OSM height","passageAssumed":false,"bridge":false,"addr:housename":"Le petit prince","addr:housenumber":"5 bis","addr:street":"Rue Auguste Bercy","source":"OpenStreetMap supplied extract","localId":"B068"},"geometry":{"type":"Polygon","coordinates":[[[7.266815,43.719118],[7.266834,43.719132],[7.266779,43.719177],[7.2667,43.719119],[7.26677,43.719065],[7.266828,43.719105],[7.266815,43.719118]]]},"id":"way/139964739"},{"type":"Feature","properties":{"building":"yes","name":"Villa La Libellule","height":"4","landmark":false,"heightSource":"OSM height","passageAssumed":false,"bridge":false,"source":"OpenStreetMap supplied extract","localId":"B069"},"geometry":{"type":"Polygon","coordinates":[[[7.267588,43.71913],[7.267525,43.719177],[7.267451,43.719121],[7.267513,43.719074],[7.267522,43.71908],[7.267569,43.719115],[7.267588,43.71913]]]},"id":"way/139964750"},{"type":"Feature","properties":{"building":"yes","name":"","height":"8","landmark":false,"heightSource":"OSM height","passageAssumed":false,"bridge":false,"addr:housename":"Villa Diane","addr:housenumber":"3","addr:street":"Rue Auguste Bercy","source":"OpenStreetMap supplied extract","localId":"B070"},"geometry":{"type":"Polygon","coordinates":[[[7.267103,43.71896],[7.2671,43.718959],[7.267068,43.718983],[7.267043,43.718965],[7.266978,43.71892],[7.267068,43.718847],[7.267165,43.718916],[7.267103,43.71896]]]},"id":"way/139964787"},{"type":"Feature","properties":{"building":"yes","name":"","height":12,"landmark":false,"heightSource":"Estimated","passageAssumed":false,"bridge":false,"source":"OpenStreetMap supplied extract","localId":"B071"},"geometry":{"type":"Polygon","coordinates":[[[7.266937,43.71921],[7.266972,43.719183],[7.266999,43.719202],[7.266934,43.719251],[7.266917,43.719238],[7.266916,43.719232],[7.266919,43.719225],[7.266937,43.71921]]]},"id":"way/139964795"},{"type":"Feature","properties":{"building":"yes","name":"","height":"4","landmark":false,"heightSource":"OSM height","passageAssumed":false,"bridge":false,"source":"OpenStreetMap supplied extract","localId":"B072"},"geometry":{"type":"Polygon","coordinates":[[[7.265944,43.718642],[7.265981,43.718615],[7.266011,43.718594],[7.266032,43.718579],[7.266078,43.718611],[7.266103,43.718628],[7.266018,43.718693],[7.265944,43.718642]]]},"id":"way/139964802"},{"type":"Feature","properties":{"building":"yes","name":"","height":"9","landmark":false,"heightSource":"OSM height","passageAssumed":false,"bridge":false,"addr:housenumber":"5","addr:street":"Rue Auguste Bercy","source":"OpenStreetMap supplied extract","localId":"B073"},"geometry":{"type":"Polygon","coordinates":[[[7.266933,43.719098],[7.266876,43.719056],[7.26689,43.719044],[7.266843,43.719008],[7.266932,43.71894],[7.267016,43.719002],[7.266943,43.719062],[7.266961,43.719075],[7.266933,43.719098]]]},"id":"way/139964861"},{"type":"Feature","properties":{"building":"yes","name":"","height":12,"landmark":false,"heightSource":"Estimated","passageAssumed":false,"bridge":false,"source":"OpenStreetMap supplied extract","wall":"no","localId":"B074"},"geometry":{"type":"Polygon","coordinates":[[[7.266182,43.718079],[7.266227,43.718044],[7.266306,43.7181],[7.266262,43.718136],[7.266251,43.718128],[7.266278,43.718106],[7.266238,43.718077],[7.26621,43.718098],[7.266182,43.718079]]]},"id":"way/139964863"},{"type":"Feature","properties":{"building":"yes","name":"","height":"8","landmark":false,"heightSource":"OSM height","passageAssumed":false,"bridge":false,"source":"OpenStreetMap supplied extract","localId":"B075"},"geometry":{"type":"Polygon","coordinates":[[[7.266362,43.718538],[7.266318,43.718558],[7.266311,43.718551],[7.266255,43.718576],[7.266232,43.71855],[7.266248,43.718542],[7.266225,43.718514],[7.266309,43.718476],[7.266362,43.718538]]]},"id":"way/139964884"},{"type":"Feature","properties":{"building":"yes","name":"","height":"6","landmark":false,"heightSource":"OSM height","passageAssumed":false,"bridge":false,"addr:housename":"Villa Adele F. Lazzareschi","addr:housenumber":"4","addr:street":"Rue des Poilus","source":"OpenStreetMap supplied extract","localId":"B076"},"geometry":{"type":"Polygon","coordinates":[[[7.265879,43.718443],[7.265847,43.718466],[7.265821,43.718447],[7.265788,43.718473],[7.265718,43.718422],[7.26582,43.718345],[7.265891,43.718395],[7.265854,43.718424],[7.265879,43.718443]]]},"id":"way/139964895"},{"type":"Feature","properties":{"building":"yes","name":"","height":12,"landmark":false,"heightSource":"Estimated","passageAssumed":false,"bridge":false,"source":"OpenStreetMap supplied extract","wall":"no","localId":"B077"},"geometry":{"type":"Polygon","coordinates":[[[7.266182,43.718079],[7.26621,43.718098],[7.266238,43.718077],[7.266278,43.718106],[7.266251,43.718128],[7.266262,43.718136],[7.266193,43.71819],[7.266114,43.718135],[7.266182,43.718079]]]},"id":"way/139964863"},{"type":"Feature","properties":{"building":"residential","name":"","height":"5","landmark":false,"heightSource":"OSM height","passageAssumed":false,"bridge":false,"addr:housenumber":"4","addr:street":"Rue Auguste Bercy","source":"OpenStreetMap supplied extract","localId":"B078"},"geometry":{"type":"Polygon","coordinates":[[[7.267325,43.719165],[7.267277,43.719202],[7.267251,43.719185],[7.267229,43.7192],[7.267138,43.719141],[7.267201,43.719089],[7.267252,43.719122],[7.267257,43.719119],[7.267325,43.719165]]]},"id":"way/139964927"},{"type":"Feature","properties":{"building":"yes","name":"","height":"13","landmark":false,"heightSource":"OSM height","passageAssumed":false,"bridge":false,"source":"OpenStreetMap supplied extract","localId":"B079"},"geometry":{"type":"Polygon","coordinates":[[[7.2666,43.718647],[7.266607,43.718652],[7.266554,43.718696],[7.266546,43.718691],[7.266437,43.71878],[7.266351,43.718726],[7.266621,43.718507],[7.266663,43.718534],[7.266704,43.718561],[7.2666,43.718647]]]},"id":"way/139964937"},{"type":"Feature","properties":{"building":"yes","name":"","height":"12","landmark":false,"heightSource":"OSM height","passageAssumed":false,"bridge":false,"source":"OpenStreetMap supplied extract","localId":"B080"},"geometry":{"type":"Polygon","coordinates":[[[7.265221,43.718822],[7.265232,43.718833],[7.265227,43.71884],[7.265162,43.718867],[7.265104,43.718801],[7.265177,43.718767],[7.265186,43.718774],[7.26528,43.718735],[7.265316,43.71878],[7.265221,43.718822]]]},"id":"way/139964948"},{"type":"Feature","properties":{"building":"yes","name":"","height":"10","landmark":false,"heightSource":"OSM height","passageAssumed":false,"bridge":false,"source":"OpenStreetMap supplied extract","wall":"no","localId":"B081"},"geometry":{"type":"Polygon","coordinates":[[[7.265428,43.718719],[7.265484,43.718764],[7.265506,43.718782],[7.265522,43.718771],[7.265563,43.718805],[7.265547,43.718818],[7.265564,43.718831],[7.265313,43.71899],[7.265209,43.718882],[7.265428,43.718719]]]},"id":"way/139964627"},{"type":"Feature","properties":{"building":"university","name":"Laboratoire Lagrange · Hippolyte Fizeau","height":"23","landmark":false,"heightSource":"OSM height","passageAssumed":false,"bridge":false,"name:fr":"Bâtiment Hippolyte Fizeau","operator":"Université Côte d'Azur","operator:type":"university","source":"OpenStreetMap supplied extract","wheelchair":"yes","localId":"B082","campusRefs":["K"],"positionCheck":"Contains MapHub marker K","nameSource":"CampusValrose MapHub"},"geometry":{"type":"Polygon","coordinates":[[[7.2690793,43.7166138],[7.268901,43.7166271],[7.2688557,43.7163102],[7.269034,43.7162969],[7.2690793,43.7166138]]]},"id":"way/139974827"},{"type":"Feature","properties":{"building":"university","name":"IBV · Centre de Biochimie","height":"18","landmark":false,"heightSource":"OSM height","passageAssumed":false,"bridge":false,"name:de":"Zentrum für Biochemie","name:en":"Biochemistry Center","name:fr":"Centre de biochimie","operator":"Université Côte d'Azur","source":"OpenStreetMap supplied extract","localId":"B083","campusRefs":["N"],"positionCheck":"Contains MapHub marker N","nameSource":"CampusValrose MapHub"},"geometry":{"type":"Polygon","coordinates":[[[7.269758,43.716554],[7.269567,43.716563],[7.269545,43.716369],[7.269747,43.716361],[7.269754,43.716449],[7.269755,43.716453],[7.269745,43.716454],[7.269758,43.716554]]]},"id":"way/139974828"},{"type":"Feature","properties":{"building":"university","name":"Grand Château et Théâtre","height":"20","landmark":true,"heightSource":"OSM height","passageAssumed":false,"bridge":false,"name:de":"Großes Schloss - Verwaltung","name:fr":"Grand Château - Administration Université","operator":"Université Côte d'Azur","source":"OpenStreetMap supplied extract","wheelchair":"limited","localId":"B084","campusRefs":["A","C"],"positionCheck":"Contains MapHub marker A, C","nameSource":"CampusValrose MapHub"},"geometry":{"type":"Polygon","coordinates":[[[7.266851,43.716872],[7.266844,43.716902],[7.266818,43.716913],[7.266789,43.716907],[7.266758,43.717001],[7.266742,43.716998],[7.266746,43.716986],[7.266718,43.716981],[7.26671,43.717007],[7.266772,43.717018],[7.266782,43.71699],[7.26681,43.716995],[7.266813,43.716989],[7.266832,43.71698],[7.267029,43.717013],[7.267036,43.717023],[7.267207,43.717052],[7.267217,43.717062],[7.267212,43.717077],[7.267236,43.717082],[7.267225,43.717122],[7.267199,43.71712],[7.267191,43.717149],[7.267173,43.717155],[7.267133,43.717148],[7.267126,43.71715],[7.267119,43.717155],[7.267117,43.717163],[7.267145,43.717168],[7.26714,43.717192],[7.267111,43.717188],[7.267103,43.717215],[7.266906,43.717181],[7.266923,43.717121],[7.266909,43.717122],[7.266906,43.717138],[7.266885,43.71715],[7.266884,43.717156],[7.266858,43.71715],[7.266859,43.717142],[7.26685,43.717129],[7.266856,43.717111],[7.2668,43.717099],[7.266787,43.717081],[7.266794,43.717061],[7.266712,43.717045],[7.266564,43.71702],[7.26658,43.716959],[7.266326,43.716916],[7.266322,43.716927],[7.2663,43.716922],[7.26633,43.716835],[7.266288,43.716827],[7.266308,43.716767],[7.266349,43.716774],[7.266356,43.716757],[7.26637,43.71676],[7.266368,43.716764],[7.266437,43.716777],[7.266443,43.71676],[7.266459,43.716763],[7.266457,43.716772],[7.266702,43.716813],[7.266706,43.716802],[7.266728,43.716805],[7.266724,43.716819],[7.266795,43.716832],[7.266799,43.716823],[7.266815,43.716827],[7.266807,43.716846],[7.266836,43.716853],[7.266851,43.716872]]]},"id":"way/139974830"},{"type":"Feature","properties":{"building":"sports_centre","name":"Centre sportif","height":"18","landmark":false,"heightSource":"OSM height","passageAssumed":false,"bridge":false,"addr:city":"Nice","addr:housenumber":"65","addr:postcode":"06108","addr:street":"Avenue Valrose","leisure":"sports_centre","name:signed":"no","operator":"Université Côte d'Azur","source":"OpenStreetMap supplied extract","website":"https://sport.univ-cotedazur.fr/","localId":"B085","campusRefs":["V"],"positionCheck":"Contains MapHub marker V","nameSource":"CampusValrose MapHub"},"geometry":{"type":"Polygon","coordinates":[[[7.265579,43.717768],[7.265069,43.717911],[7.264901,43.717588],[7.265128,43.717525],[7.265122,43.717512],[7.265211,43.717488],[7.265295,43.717465],[7.265303,43.717477],[7.265459,43.717434],[7.265517,43.717546],[7.265473,43.717558],[7.265579,43.717768]]]},"id":"way/139974831"},{"type":"Feature","properties":{"building":"yes","name":"Laboratoire J. A. Dieudonné","height":"15","landmark":false,"heightSource":"OSM height","passageAssumed":false,"bridge":false,"operator":"Université Côte d'Azur","source":"OpenStreetMap supplied extract","localId":"B086","campusRefs":["W"],"positionCheck":"Contains MapHub marker W","nameSource":"CampusValrose MapHub"},"geometry":{"type":"Polygon","coordinates":[[[7.269851,43.716261],[7.269515,43.716345],[7.269363,43.716157],[7.26966,43.716032],[7.269851,43.716261]]]},"id":"way/139974832"},{"type":"Feature","properties":{"building":"university","name":"Le Rambouillet","height":"22","landmark":false,"heightSource":"OSM height","passageAssumed":false,"bridge":false,"addr:housenumber":"37","source":"OpenStreetMap supplied extract","localId":"B087"},"geometry":{"type":"Polygon","coordinates":[[[7.2697181,43.7169],[7.269786,43.7168951],[7.2698001,43.7169965],[7.2698134,43.7169955],[7.2698235,43.7170675],[7.2695649,43.7170864],[7.2695127,43.7167116],[7.2697733,43.7166926],[7.2697838,43.716768],[7.2697699,43.716769],[7.2697812,43.7168505],[7.2697119,43.7168555],[7.2697181,43.7169]]]},"id":"way/139974834"},{"type":"Feature","properties":{"building":"university","name":"Petit Château · Scolarité","height":"10","landmark":true,"heightSource":"OSM height","passageAssumed":false,"bridge":false,"name:de":"Kleines Schloss","name:fr":"Petit Château - Administration et Scolarité","operator":"Université Côte d'Azur","operator:type":"university","source":"OpenStreetMap supplied extract","wheelchair":"no","localId":"B088","campusRefs":["O"],"positionCheck":"Contains MapHub marker O","nameSource":"CampusValrose MapHub"},"geometry":{"type":"Polygon","coordinates":[[[7.2673925,43.71588],[7.2673665,43.715923],[7.2672415,43.715883],[7.2673645,43.715682],[7.2674905,43.715724],[7.2673925,43.71588]]]},"id":"way/139974835"},{"type":"Feature","properties":{"building":"university","name":"Mathématiques · Amphi Henri Poincaré","height":"12","landmark":false,"heightSource":"OSM height","passageAssumed":false,"bridge":false,"alt_name":"Mathématiques","name:de":"Aula Mathematik","name:fr":"Amphi Maths & Batiment M","operator":"Université Côte d'Azur","operator:type":"university","source":"OpenStreetMap supplied extract","wheelchair":"yes","localId":"B089","campusRefs":["L","M"],"positionCheck":"Contains MapHub marker L, M","nameSource":"CampusValrose MapHub"},"geometry":{"type":"Polygon","coordinates":[[[7.2692867,43.717057],[7.2692901,43.717079],[7.2692936,43.7171015],[7.2692562,43.7171046],[7.2692787,43.7172498],[7.2688939,43.717281],[7.2688718,43.717139],[7.2688887,43.7171376],[7.2691081,43.7171198],[7.2690904,43.7170059],[7.269042,43.7166937],[7.2691072,43.7166884],[7.269228,43.7166786],[7.2692867,43.717057]]]},"id":"way/139974842"},{"type":"Feature","properties":{"building":"roof","name":"","height":"5","landmark":false,"bridge":true,"heightSource":"OSM height","passageAssumed":true,"source":"OpenStreetMap supplied extract","wall":"no","localId":"B090"},"geometry":{"type":"Polygon","coordinates":[[[7.268616,43.717546],[7.26841,43.717683],[7.268376,43.717708],[7.2683372,43.717692],[7.2684442,43.717619],[7.2685522,43.7175503],[7.2686675,43.7174769],[7.268702,43.717455],[7.268527,43.717317],[7.2684909,43.7172872],[7.268446,43.71725],[7.26847,43.717233],[7.2685131,43.7172675],[7.268749,43.717456],[7.268667,43.71751],[7.268616,43.717546]]]},"id":"way/139974852"},{"type":"Feature","properties":{"building":"yes","name":"","height":"6","landmark":false,"heightSource":"OSM height","passageAssumed":false,"bridge":false,"source":"OpenStreetMap supplied extract","wall":"no","localId":"B091"},"geometry":{"type":"Polygon","coordinates":[[[7.264958,43.715928],[7.26437,43.715938],[7.26437,43.715909],[7.2645869,43.7159055],[7.264994,43.715899],[7.264996,43.716111],[7.264962,43.716112],[7.264958,43.715928]]]},"id":"way/139974853"},{"type":"Feature","properties":{"building":"yes","name":"","height":"6","landmark":false,"heightSource":"OSM height","passageAssumed":false,"bridge":false,"source":"OpenStreetMap supplied extract","localId":"B092"},"geometry":{"type":"Polygon","coordinates":[[[7.269414,43.715957],[7.269422,43.715966],[7.269359,43.716002],[7.269313,43.716015],[7.26926,43.715963],[7.269293,43.715946],[7.269279,43.715932],[7.269364,43.715884],[7.269357,43.715878],[7.26944,43.715832],[7.269512,43.715901],[7.269414,43.715957]]]},"id":"way/139974854"},{"type":"Feature","properties":{"building":"yes","name":"","height":"13","landmark":false,"heightSource":"OSM height","passageAssumed":false,"bridge":false,"source":"OpenStreetMap supplied extract","localId":"B093"},"geometry":{"type":"Polygon","coordinates":[[[7.270237,43.715519],[7.270175,43.715573],[7.270131,43.715546],[7.270099,43.715574],[7.27009,43.715569],[7.270076,43.71558],[7.270083,43.715587],[7.270042,43.715621],[7.269899,43.715535],[7.269988,43.715457],[7.269956,43.715436],[7.270016,43.715385],[7.270237,43.715519]]]},"id":"way/139974857"},{"type":"Feature","properties":{"building":"yes","name":"","height":"21","landmark":false,"heightSource":"OSM height","passageAssumed":false,"bridge":false,"source":"OpenStreetMap supplied extract","localId":"B094"},"geometry":{"type":"Polygon","coordinates":[[[7.2699277,43.7172625],[7.269929,43.717271],[7.269891,43.717273],[7.2698904,43.7172645],[7.269889,43.717241],[7.269866,43.717229],[7.269863,43.717202],[7.269883,43.717189],[7.26988,43.717162],[7.269911,43.717159],[7.269915,43.717182],[7.269947,43.717197],[7.269949,43.717224],[7.269926,43.717241],[7.2699275,43.7172594],[7.2699277,43.7172625]]]},"id":"way/139974860"},{"type":"Feature","properties":{"building":"yes","name":"","height":"22","landmark":false,"heightSource":"OSM height","passageAssumed":false,"bridge":false,"source":"OpenStreetMap supplied extract","localId":"B095"},"geometry":{"type":"Polygon","coordinates":[[[7.269939,43.717349],[7.269971,43.717364],[7.269974,43.717391],[7.269947,43.717411],[7.269949,43.717432],[7.269912,43.717434],[7.269911,43.717409],[7.269886,43.717397],[7.269883,43.717369],[7.269903,43.717355],[7.2699,43.717331],[7.269936,43.717328],[7.2699367,43.717333],[7.269939,43.717349]]]},"id":"way/139974861"},{"type":"Feature","properties":{"building":"university","name":"Amphi Informatique","height":"19","landmark":false,"heightSource":"OSM height","passageAssumed":false,"bridge":false,"operator":"Université Côte d'Azur","operator:type":"university","source":"OpenStreetMap supplied extract","wheelchair":"yes","localId":"B096","campusRefs":["H"],"positionCheck":"Contains MapHub marker H","nameSource":"CampusValrose MapHub"},"geometry":{"type":"Polygon","coordinates":[[[7.268239,43.716375],[7.267997,43.716508],[7.267886,43.716404],[7.268199,43.716228],[7.2683122,43.7163332],[7.268239,43.716375]]]},"id":"way/139974867"},{"type":"Feature","properties":{"building":"yes","name":"","height":"8","landmark":false,"heightSource":"OSM height","passageAssumed":false,"bridge":false,"source":"OpenStreetMap supplied extract","localId":"B097"},"geometry":{"type":"Polygon","coordinates":[[[7.269607,43.715765],[7.269575,43.715786],[7.269558,43.715784],[7.269545,43.715773],[7.269511,43.715794],[7.269416,43.715712],[7.269437,43.715698],[7.269432,43.71568],[7.269453,43.715668],[7.269481,43.71567],[7.269527,43.715641],[7.269574,43.715612],[7.269558,43.7156],[7.269571,43.715591],[7.269627,43.715636],[7.269614,43.715645],[7.269618,43.715649],[7.26965,43.715676],[7.269691,43.715711],[7.269677,43.71572],[7.2697,43.71574],[7.269629,43.715784],[7.269607,43.715765]]]},"id":"way/139974871"},{"type":"Feature","properties":{"building":"yes","name":"","height":"2","landmark":false,"heightSource":"OSM height","passageAssumed":false,"bridge":false,"source":"OpenStreetMap supplied extract","wall":"no","localId":"B098"},"geometry":{"type":"Polygon","coordinates":[[[7.269122,43.715848],[7.268877,43.715917],[7.268836,43.715839],[7.269079,43.71577],[7.269122,43.715848]]]},"id":"way/139974877"},{"type":"Feature","properties":{"building":"yes","name":"Le Florange","height":"16","landmark":false,"heightSource":"OSM height","passageAssumed":false,"bridge":false,"addr:housename":"Le Florange","source":"OpenStreetMap supplied extract","localId":"B099"},"geometry":{"type":"Polygon","coordinates":[[[7.27006,43.715919],[7.269883,43.715998],[7.269787,43.715883],[7.269963,43.715807],[7.27006,43.715919]]]},"id":"way/139974879"},{"type":"Feature","properties":{"building":"university","name":"Concierge","height":"6","landmark":false,"heightSource":"OSM height","passageAssumed":false,"bridge":false,"source":"OpenStreetMap supplied extract","localId":"B100"},"geometry":{"type":"Polygon","coordinates":[[[7.265939,43.715689],[7.26585,43.715686],[7.265859,43.715588],[7.26595,43.715595],[7.265939,43.715689]]]},"id":"way/139974880"},{"type":"Feature","properties":{"building":"yes","name":"","height":12,"landmark":false,"heightSource":"Estimated","passageAssumed":false,"bridge":false,"source":"OpenStreetMap supplied extract","localId":"B101"},"geometry":{"type":"Polygon","coordinates":[[[7.268542,43.715786],[7.268473,43.715775],[7.268522,43.715592],[7.268591,43.715601],[7.268542,43.715786]]]},"id":"way/139974888"},{"type":"Feature","properties":{"building":"yes","name":"","height":"3","landmark":false,"heightSource":"OSM height","passageAssumed":false,"bridge":false,"source":"OpenStreetMap supplied extract","localId":"B102"},"geometry":{"type":"Polygon","coordinates":[[[7.269015,43.716037],[7.269044,43.716091],[7.26898,43.71611],[7.268948,43.716056],[7.269015,43.716037]]]},"id":"way/139974890"},{"type":"Feature","properties":{"building":"yes","name":"","height":"10","landmark":false,"heightSource":"OSM height","passageAssumed":false,"bridge":false,"source":"OpenStreetMap supplied extract","localId":"B103"},"geometry":{"type":"Polygon","coordinates":[[[7.269005,43.715497],[7.269067,43.715442],[7.269219,43.715537],[7.269125,43.715621],[7.269005,43.715497]]]},"id":"way/139974897"},{"type":"Feature","properties":{"building":"yes","name":"","height":12,"landmark":false,"heightSource":"Estimated","passageAssumed":false,"bridge":false,"source":"OpenStreetMap supplied extract","wall":"no","localId":"B104"},"geometry":{"type":"Polygon","coordinates":[[[7.269383,43.71572],[7.269359,43.715703],[7.269385,43.715683],[7.26941,43.7157],[7.269383,43.71572]]]},"id":"way/139974899"},{"type":"Feature","properties":{"building":"yes","name":"","height":12,"landmark":false,"heightSource":"Estimated","passageAssumed":false,"bridge":false,"source":"OpenStreetMap supplied extract","localId":"B105"},"geometry":{"type":"Polygon","coordinates":[[[7.269642,43.716348],[7.269613,43.716357],[7.269604,43.716337],[7.269635,43.71633],[7.269642,43.716348]]]},"id":"way/139974904"},{"type":"Feature","properties":{"building":"yes","name":"","height":"2","landmark":false,"heightSource":"OSM height","passageAssumed":false,"bridge":false,"source":"OpenStreetMap supplied extract","localId":"B106"},"geometry":{"type":"Polygon","coordinates":[[[7.268379,43.715738],[7.268308,43.71573],[7.268389,43.715412],[7.26846,43.715421],[7.268379,43.715738]]]},"id":"way/139974909"},{"type":"Feature","properties":{"building":"yes","name":"","height":"6","landmark":false,"heightSource":"OSM height","passageAssumed":false,"bridge":false,"source":"OpenStreetMap supplied extract","localId":"B107"},"geometry":{"type":"Polygon","coordinates":[[[7.265773,43.715877],[7.265851,43.715886],[7.265839,43.715945],[7.265761,43.715939],[7.265773,43.715877]]]},"id":"way/139974910"},{"type":"Feature","properties":{"building":"yes","name":"","height":"8","landmark":false,"heightSource":"OSM height","passageAssumed":false,"bridge":false,"source":"OpenStreetMap supplied extract","localId":"B108"},"geometry":{"type":"Polygon","coordinates":[[[7.26965,43.715676],[7.269618,43.715649],[7.269637,43.715638],[7.269668,43.715664],[7.26965,43.715676]]]},"id":"way/139974871"},{"type":"Feature","properties":{"building":"university","name":"IBV · ECOSEAS","height":"27","landmark":false,"heightSource":"OSM height","passageAssumed":false,"bridge":false,"name:de":"Biologie & Geologie","name:en":"Biology & Geology","name:fr":"Biologie & Géologie","operator":"Université Côte d'Azur","source":"OpenStreetMap supplied extract","wheelchair":"yes","localId":"B109","campusRefs":["P"],"positionCheck":"Contains MapHub marker P","nameSource":"CampusValrose MapHub"},"geometry":{"type":"Polygon","coordinates":[[[7.2671037,43.7156767],[7.2670307,43.7157997],[7.2665387,43.7156427],[7.2666107,43.7155217],[7.2671037,43.7156767]]]},"id":"way/139974918"},{"type":"Feature","properties":{"building":"yes","name":"","height":"2","landmark":false,"heightSource":"OSM height","passageAssumed":false,"bridge":false,"source":"OpenStreetMap supplied extract","wall":"no","localId":"B110"},"geometry":{"type":"Polygon","coordinates":[[[7.2692,43.715944],[7.269205,43.715985],[7.269015,43.716037],[7.268948,43.716056],[7.268929,43.716019],[7.2692,43.715944]]]},"id":"way/139974922"},{"type":"Feature","properties":{"building":"yes","name":"","height":12,"landmark":false,"heightSource":"Estimated","passageAssumed":false,"bridge":false,"source":"OpenStreetMap supplied extract","wall":"no","localId":"B111"},"geometry":{"type":"Polygon","coordinates":[[[7.269167,43.715936],[7.269029,43.715976],[7.268925,43.716004],[7.268888,43.715936],[7.26913,43.715868],[7.269167,43.715936]]]},"id":"way/139974925"},{"type":"Feature","properties":{"building":"yes","name":"","height":"2","landmark":false,"heightSource":"OSM height","passageAssumed":false,"bridge":false,"source":"OpenStreetMap supplied extract","wall":"no","localId":"B112"},"geometry":{"type":"Polygon","coordinates":[[[7.269714,43.715849],[7.269678,43.71582],[7.269663,43.715808],[7.269747,43.71576],[7.269806,43.715809],[7.269714,43.715849]]]},"id":"way/139974926"},{"type":"Feature","properties":{"building":"yes","name":"","height":"8","landmark":false,"heightSource":"OSM height","passageAssumed":false,"bridge":false,"source":"OpenStreetMap supplied extract","localId":"B113"},"geometry":{"type":"Polygon","coordinates":[[[7.269678,43.715866],[7.269616,43.715901],[7.269585,43.715878],[7.269678,43.71582],[7.269714,43.715849],[7.269678,43.715866]]]},"id":"way/139974927"},{"type":"Feature","properties":{"building":"roof","name":"TP Chimie","height":"5","landmark":false,"heightSource":"OSM height","passageAssumed":false,"bridge":false,"source":"OpenStreetMap supplied extract","wall":"no","localId":"B114","campusRefs":["D"],"positionCheck":"Contains MapHub marker D","nameSource":"CampusValrose MapHub","facadeStyle":"ribbon"},"geometry":{"type":"Polygon","coordinates":[[[7.2683372,43.717692],[7.2683032,43.717716],[7.2679472,43.717435],[7.2680862,43.717337],[7.2684442,43.717619],[7.2683372,43.717692]]]},"id":"way/139974852"},{"type":"Feature","properties":{"building":"yes","name":"","height":12,"landmark":false,"heightSource":"Estimated","passageAssumed":false,"bridge":false,"source":"OpenStreetMap supplied extract","localId":"B115"},"geometry":{"type":"Polygon","coordinates":[[[7.269589,43.715918],[7.269547,43.715887],[7.269576,43.71587],[7.269585,43.715878],[7.269616,43.715901],[7.269589,43.715918]]]},"id":"way/139974933"},{"type":"Feature","properties":{"building":"roof","name":"ICN · Chimie Recherche","height":"5","landmark":false,"heightSource":"OSM height","passageAssumed":false,"bridge":false,"source":"OpenStreetMap supplied extract","wall":"no","localId":"B116","campusRefs":["E"],"positionCheck":"Contains MapHub marker E","nameSource":"CampusValrose MapHub","facadeStyle":"ribbon"},"geometry":{"type":"Polygon","coordinates":[[[7.268616,43.717546],[7.268667,43.71751],[7.268749,43.717456],[7.2691,43.717737],[7.268967,43.717824],[7.268616,43.717546]]]},"id":"way/139974852"},{"type":"Feature","properties":{"building":"roof","name":"Amphi Chimie","height":"5","landmark":false,"heightSource":"OSM height","passageAssumed":false,"bridge":false,"source":"OpenStreetMap supplied extract","wall":"no","localId":"B117","campusRefs":["F"],"positionCheck":"Contains MapHub marker F","nameSource":"CampusValrose MapHub","facadeStyle":"ribbon"},"geometry":{"type":"Polygon","coordinates":[[[7.26847,43.717233],[7.268446,43.71725],[7.268403,43.717278],[7.268281,43.717181],[7.268567,43.716991],[7.268689,43.717087],[7.26847,43.717233]]]},"id":"way/139974852"},{"type":"Feature","properties":{"building":"yes","name":"","height":"2","landmark":false,"heightSource":"OSM height","passageAssumed":false,"bridge":false,"source":"OpenStreetMap supplied extract","localId":"B118"},"geometry":{"type":"Polygon","coordinates":[[[7.270167,43.717352],[7.270173,43.717349],[7.270192,43.717337],[7.270213,43.717321],[7.270227,43.71732],[7.270228,43.717343],[7.270234,43.717415],[7.270173,43.717417],[7.270167,43.717352]]]},"id":"way/139974949"},{"type":"Feature","properties":{"building":"yes","name":"","height":"15","landmark":false,"heightSource":"OSM height","passageAssumed":false,"bridge":false,"addr:housenumber":"26","addr:street":"Boulevard Prince de Galles","source":"OpenStreetMap supplied extract","localId":"B119"},"geometry":{"type":"Polygon","coordinates":[[[7.270472,43.717664],[7.270442,43.717666],[7.270443,43.717678],[7.270433,43.717679],[7.270338,43.717685],[7.270255,43.717691],[7.270248,43.717648],[7.270198,43.71765],[7.270193,43.717619],[7.270184,43.717544],[7.270241,43.717541],[7.270263,43.717513],[7.270309,43.717511],[7.270339,43.717536],[7.270421,43.717529],[7.270426,43.717566],[7.270429,43.71759],[7.270434,43.717624],[7.270465,43.717623],[7.270472,43.717664]]]},"id":"way/141225380"},{"type":"Feature","properties":{"building":"yes","name":"","height":"11","landmark":false,"heightSource":"OSM height","passageAssumed":false,"bridge":false,"addr:housename":"Le Melrose","addr:housenumber":"1","addr:street":"Avenue du Puits","source":"OpenStreetMap supplied extract","localId":"B120"},"geometry":{"type":"Polygon","coordinates":[[[7.270628,43.716129],[7.270578,43.716138],[7.270581,43.716147],[7.270523,43.716158],[7.27052,43.716147],[7.270458,43.716158],[7.270422,43.716064],[7.270469,43.716052],[7.270455,43.716009],[7.270525,43.715996],[7.270534,43.71602],[7.270549,43.716057],[7.270559,43.716085],[7.270617,43.716073],[7.270628,43.716129]]]},"id":"way/141225383"},{"type":"Feature","properties":{"building":"yes","name":"","height":"17","landmark":false,"heightSource":"OSM height","passageAssumed":false,"bridge":false,"addr:housename":"Le Puits d'Édith","addr:housenumber":"2","addr:street":"Avenue du Puit","source":"OpenStreetMap supplied extract","localId":"B121"},"geometry":{"type":"Polygon","coordinates":[[[7.270191,43.716109],[7.270174,43.716118],[7.270192,43.716142],[7.270184,43.716144],[7.270216,43.716187],[7.270086,43.716246],[7.269957,43.71609],[7.270128,43.716013],[7.270162,43.716054],[7.270151,43.71606],[7.270191,43.716109]]]},"id":"way/141225384"},{"type":"Feature","properties":{"building":"yes","name":"Le Senlis","height":"24","landmark":false,"heightSource":"OSM height","passageAssumed":false,"bridge":false,"addr:housenumber":"36","source":"OpenStreetMap supplied extract","localId":"B122"},"geometry":{"type":"Polygon","coordinates":[[[7.270653,43.717193],[7.270211,43.71723],[7.270201,43.71723],[7.270183,43.717224],[7.270168,43.717214],[7.270151,43.717201],[7.270139,43.717182],[7.270105,43.716964],[7.270535,43.716926],[7.270659,43.716917],[7.270688,43.717107],[7.27064,43.71711],[7.270653,43.717193]]]},"id":"way/141225385"},{"type":"Feature","properties":{"building":"yes","name":"","height":"18","landmark":false,"heightSource":"OSM height","passageAssumed":false,"bridge":false,"addr:housename":"Les Églantiers","addr:housenumber":"24","addr:street":"Boulevard Prince de Galles","source":"OpenStreetMap supplied extract","localId":"B123"},"geometry":{"type":"Polygon","coordinates":[[[7.270859,43.717266],[7.270872,43.717361],[7.270775,43.717368],[7.270826,43.717722],[7.270635,43.717735],[7.270582,43.717384],[7.270481,43.717391],[7.270476,43.717368],[7.270468,43.717309],[7.270469,43.717297],[7.270568,43.717291],[7.270642,43.7173],[7.270697,43.717294],[7.270768,43.717274],[7.270859,43.717266]]]},"id":"way/141225390"},{"type":"Feature","properties":{"building":"yes","name":"","height":"13","landmark":false,"heightSource":"OSM height","passageAssumed":false,"bridge":false,"source":"OpenStreetMap supplied extract","localId":"B124"},"geometry":{"type":"Polygon","coordinates":[[[7.270578,43.715791],[7.270442,43.715785],[7.270441,43.715791],[7.270432,43.715797],[7.27042,43.715798],[7.270407,43.715794],[7.270398,43.715784],[7.270403,43.715749],[7.270295,43.715743],[7.2703,43.71564],[7.27044,43.715647],[7.270438,43.715678],[7.270513,43.715682],[7.270511,43.715711],[7.270588,43.715716],[7.270578,43.715791]]]},"id":"way/141225444"},{"type":"Feature","properties":{"building":"yes","name":"","height":"11","landmark":false,"heightSource":"OSM height","passageAssumed":false,"bridge":false,"addr:housename":"Le Melrose","addr:housenumber":"1","addr:street":"Avenue du Puits","source":"OpenStreetMap supplied extract","localId":"B125"},"geometry":{"type":"Polygon","coordinates":[[[7.270549,43.716057],[7.270534,43.71602],[7.270574,43.716013],[7.270587,43.716049],[7.270549,43.716057]]]},"id":"way/141225383"},{"type":"Feature","properties":{"building":"yes","name":"","height":"14","landmark":false,"heightSource":"OSM height","passageAssumed":false,"bridge":false,"source":"OpenStreetMap supplied extract","localId":"B126"},"geometry":{"type":"Polygon","coordinates":[[[7.270797,43.716335],[7.270811,43.716425],[7.27082,43.716479],[7.270297,43.716519],[7.270285,43.716454],[7.270275,43.716378],[7.270797,43.716335]]]},"id":"way/141225545"},{"type":"Feature","properties":{"building":"yes","name":"","height":"18","landmark":false,"heightSource":"OSM height","passageAssumed":false,"bridge":false,"addr:housename":"Les Églantiers","addr:housenumber":"24","addr:street":"Boulevard Prince de Galles","source":"OpenStreetMap supplied extract","localId":"B127"},"geometry":{"type":"Polygon","coordinates":[[[7.270469,43.717297],[7.270468,43.717309],[7.270476,43.717368],[7.270365,43.717374],[7.270354,43.717308],[7.270371,43.717306],[7.270469,43.717297]]]},"id":"way/141225390"},{"type":"Feature","properties":{"building":"university","name":"Bibliothèque universitaire","height":"12","landmark":false,"heightSource":"OSM height","passageAssumed":false,"bridge":false,"amenity":"library","check_date":"2024-09-01","name:de":"Universitätsbibliothek","name:en":"University Library","name:fr":"Bibliothèque universitaire","operator":"Université Côte d'Azur","operator:type":"university","source":"OpenStreetMap supplied extract","website":"https://bu.univ-cotedazur.fr/fr/bibliotheques/bu-sciences","wheelchair":"yes","localId":"B128","campusRefs":["B"],"positionCheck":"Contains MapHub marker B","nameSource":"CampusValrose MapHub"},"geometry":{"type":"Polygon","coordinates":[[[7.2670955,43.717739],[7.2670675,43.717807],[7.2670905,43.717812],[7.2670835,43.717829],[7.2670605,43.717824],[7.2670125,43.71794],[7.2669765,43.717942],[7.2669755,43.717931],[7.2669385,43.717932],[7.2669375,43.717921],[7.2669015,43.717922],[7.2669015,43.71791],[7.2668645,43.71791],[7.2668645,43.717898],[7.2668295,43.717899],[7.2668305,43.717885],[7.2667945,43.717886],[7.2667945,43.71787],[7.2667595,43.71787],[7.2667605,43.717856],[7.2667265,43.717856],[7.2667265,43.717838],[7.2666915,43.717838],[7.2666925,43.717821],[7.2666595,43.717819],[7.2666605,43.717803],[7.2666295,43.717802],[7.2666305,43.717785],[7.2665995,43.717784],[7.2666025,43.717765],[7.2665705,43.717762],[7.2665715,43.717744],[7.2665425,43.717741],[7.2665485,43.717725],[7.2665135,43.717718],[7.2665205,43.717701],[7.2664885,43.717692],[7.2664955,43.717678],[7.2664645,43.717669],[7.2664725,43.717657],[7.2664425,43.717646],[7.2664505,43.717633],[7.2664205,43.717622],[7.2664305,43.717608],[7.2664025,43.717597],[7.2664095,43.717582],[7.2663805,43.717569],[7.2663905,43.717556],[7.2663615,43.717543],[7.2663745,43.717531],[7.2663455,43.717516],[7.2663625,43.717503],[7.2663335,43.717489],[7.2663475,43.717477],[7.2663185,43.717462],[7.2663355,43.71745],[7.2663075,43.717435],[7.2663235,43.717422],[7.2662975,43.717408],[7.2663175,43.717396],[7.2662905,43.717381],[7.2663095,43.717371],[7.2665255,43.717337],[7.2665865,43.717327],[7.2665905,43.717341],[7.2665955,43.717358],[7.2666015,43.717376],[7.2666115,43.717397],[7.2666205,43.717418],[7.2666305,43.717435],[7.2666415,43.717454],[7.2666555,43.717473],[7.2666655,43.717488],[7.2666775,43.717504],[7.2666935,43.717521],[7.2667065,43.717536],[7.2667225,43.717552],[7.2667375,43.717565],[7.2667515,43.717578],[7.2667705,43.717593],[7.2667885,43.717607],[7.2668065,43.717619],[7.2668235,43.71763],[7.2668445,43.717644],[7.2668655,43.717656],[7.2668855,43.717666],[7.2669065,43.717675],[7.2669265,43.717686],[7.2669525,43.717696],[7.2669725,43.717704],[7.2669915,43.717711],[7.2670105,43.717716],[7.2670365,43.717724],[7.2670575,43.71773],[7.2670765,43.717735],[7.2670955,43.717739]]]},"id":"way/363728808"},{"type":"Feature","properties":{"building":"yes","name":"Resto U Montebello","height":"14","landmark":false,"heightSource":"OSM height","passageAssumed":false,"bridge":false,"addr:housenumber":"96","addr:street":"Avenue Valrose","amenity":"restaurant","name:en":"university restaurant Montebello","name:fr":"Resto U Montebello","opening_hours":"Mo-Fr 11:30-13:45","operator":"CROUS","phone":"+33 4 92 07 77 17","ref:FR:SIRET":"18060004100032","source":"OpenStreetMap supplied extract","website":"https://www.crous-nice.fr/restaurant/resto-u-montebello/","localId":"B129"},"geometry":{"type":"Polygon","coordinates":[[[7.2677658,43.7178592],[7.2677458,43.7178752],[7.2677108,43.7178932],[7.2676838,43.7179032],[7.2676458,43.7179122],[7.2676068,43.7179162],[7.2675708,43.7179152],[7.2675328,43.7179092],[7.2674908,43.7178962],[7.2674668,43.7178852],[7.2674368,43.7178662],[7.2674308,43.7178592],[7.2674128,43.7178442],[7.2673949,43.717827],[7.2673838,43.7177922],[7.2673788,43.7177662],[7.2673798,43.7177382],[7.2673878,43.7177122],[7.2674008,43.7176852],[7.2674288,43.7176572],[7.2674518,43.7176382],[7.2674768,43.7176252],[7.2675078,43.7176122],[7.2675488,43.7176032],[7.2675858,43.7175992],[7.2676258,43.7176002],[7.2676618,43.7176052],[7.2676968,43.7176162],[7.2677308,43.7176302],[7.2677578,43.7176502],[7.2678058,43.7176202],[7.2678218,43.7176322],[7.2678318,43.7176422],[7.2678408,43.7176532],[7.2678488,43.7176632],[7.2678558,43.7176732],[7.2678628,43.7176852],[7.2678688,43.7176982],[7.2678738,43.7177122],[7.2678778,43.7177272],[7.2678788,43.7177442],[7.2678808,43.7177592],[7.2678798,43.7177732],[7.2678768,43.7177872],[7.2678738,43.7178022],[7.2678678,43.7178172],[7.2678618,43.7178302],[7.2678558,43.7178412],[7.2678478,43.7178522],[7.2678398,43.7178632],[7.2678328,43.7178712],[7.2678248,43.7178792],[7.2678118,43.7178902],[7.2677876,43.7178739],[7.2677658,43.7178592]]]},"id":"way/363728809"},{"type":"Feature","properties":{"building":"yes","name":"","height":12,"landmark":false,"heightSource":"Estimated","passageAssumed":false,"bridge":false,"source":"OpenStreetMap supplied extract","localId":"B130"},"geometry":{"type":"Polygon","coordinates":[[[7.267899,43.717887],[7.267938,43.7179],[7.267927,43.717917],[7.267888,43.717904],[7.267899,43.717887]]]},"id":"way/363728811"},{"type":"Feature","properties":{"building":"university","name":"Bibliothèque universitaire","height":"12","landmark":false,"heightSource":"OSM height","passageAssumed":false,"bridge":false,"amenity":"library","check_date":"2024-09-01","name:de":"Universitätsbibliothek","name:en":"University Library","name:fr":"Bibliothèque universitaire","operator":"Université Côte d'Azur","operator:type":"university","source":"OpenStreetMap supplied extract","website":"https://bu.univ-cotedazur.fr/fr/bibliotheques/bu-sciences","wheelchair":"yes","localId":"B131"},"geometry":{"type":"Polygon","coordinates":[[[7.2665865,43.717327],[7.2665255,43.717337],[7.266549,43.717317],[7.26661,43.717307],[7.2665865,43.717327]]]},"id":"way/363728808"},{"type":"Feature","properties":{"building":"yes","name":"","height":"2","landmark":false,"bridge":true,"heightSource":"OSM height","passageAssumed":true,"source":"OpenStreetMap supplied extract","wall":"no","localId":"B132"},"geometry":{"type":"Polygon","coordinates":[[[7.2663264,43.7171144],[7.2663598,43.7171196],[7.2664484,43.7171334],[7.2664344,43.7171784],[7.2663483,43.7171656],[7.2663134,43.7171604],[7.2663264,43.7171144]]]},"id":"way/363728813"},{"type":"Feature","properties":{"building":"yes","name":"","height":12,"landmark":false,"heightSource":"Estimated","passageAssumed":false,"bridge":false,"source":"OpenStreetMap supplied extract","localId":"B133"},"geometry":{"type":"Polygon","coordinates":[[[7.267719,43.717535],[7.26775,43.71756],[7.267712,43.717586],[7.26768,43.717561],[7.267719,43.717535]]]},"id":"way/363728816"},{"type":"Feature","properties":{"building":"yes","name":"","height":"20","landmark":false,"heightSource":"OSM height","passageAssumed":false,"bridge":false,"source":"OpenStreetMap supplied extract","wall":"no","localId":"B134"},"geometry":{"type":"Polygon","coordinates":[[[7.267745,43.71748],[7.267802,43.717525],[7.26775,43.71756],[7.267719,43.717535],[7.267693,43.717515],[7.267745,43.71748]]]},"id":"way/363728818"},{"type":"Feature","properties":{"building":"dormitory","name":"Résidence universitaire Montebello","height":"17","landmark":false,"heightSource":"OSM height","passageAssumed":false,"bridge":false,"operator":"CROUS","source":"OpenStreetMap supplied extract","localId":"B135"},"geometry":{"type":"Polygon","coordinates":[[[7.2682068,43.7184053],[7.2681688,43.7184003],[7.2681328,43.7183883],[7.2680998,43.7183743],[7.2680688,43.7183543],[7.2680448,43.7183323],[7.2680268,43.7183053],[7.2680138,43.7182793],[7.2680078,43.7182513],[7.2680098,43.7182223],[7.2680188,43.7181943],[7.2680318,43.7181673],[7.2680538,43.7181433],[7.2680738,43.7181273],[7.2680608,43.7181173],[7.2681208,43.7180813],[7.2681338,43.7180953],[7.2681468,43.7180903],[7.2681848,43.7180823],[7.2682238,43.7180773],[7.2682628,43.7180793],[7.2683028,43.7180853],[7.2683398,43.7180953],[7.2683718,43.7181113],[7.2684018,43.7181303],[7.2684258,43.7181533],[7.2684448,43.7181773],[7.2684568,43.7182053],[7.2684618,43.7182343],[7.2684618,43.7182623],[7.2684528,43.7182903],[7.2684378,43.7183173],[7.2684168,43.7183413],[7.2683898,43.7183633],[7.2683588,43.7183803],[7.2683128,43.7183973],[7.2683358,43.7184453],[7.2682988,43.7184533],[7.2682748,43.7184583],[7.2682408,43.7184603],[7.2682048,43.7184593],[7.2682068,43.7184053]]]},"id":"way/363729913"},{"type":"Feature","properties":{"building":"dormitory","name":"Résidence universitaire Montebello","height":"16","landmark":false,"heightSource":"OSM height","passageAssumed":false,"bridge":false,"operator":"CROUS","source":"OpenStreetMap supplied extract","localId":"B136"},"geometry":{"type":"Polygon","coordinates":[[[7.2673584,43.7184081],[7.2673464,43.7184051],[7.2673274,43.7184001],[7.2672984,43.7183891],[7.2672794,43.7183801],[7.2672584,43.7183661],[7.2672424,43.7183541],[7.2672264,43.7183381],[7.2672144,43.7183211],[7.2672044,43.7183071],[7.2671974,43.7182871],[7.2671934,43.7182731],[7.2671914,43.7182591],[7.2671914,43.7182421],[7.2671924,43.7182241],[7.2671984,43.7182021],[7.2672074,43.7181841],[7.2672214,43.7181661],[7.2672324,43.7181541],[7.2672534,43.7181361],[7.2672714,43.7181241],[7.2672934,43.7181121],[7.2673104,43.7181051],[7.2673394,43.7180951],[7.2673644,43.7180891],[7.2673924,43.7180871],[7.2674184,43.7180851],[7.2674444,43.7180861],[7.2674724,43.7180901],[7.2675024,43.7180981],[7.2675144,43.7180761],[7.2675304,43.7180491],[7.2675544,43.7180571],[7.2675724,43.7180651],[7.2675944,43.7180761],[7.2676204,43.7180901],[7.2676384,43.7181061],[7.2675864,43.7181411],[7.2675984,43.7181521],[7.2676134,43.7181671],[7.2676224,43.7181811],[7.2676304,43.7181971],[7.2676374,43.7182111],[7.2676394,43.7182251],[7.2676434,43.7182431],[7.2676424,43.7182601],[7.2676414,43.7182711],[7.2676374,43.7182861],[7.2676324,43.7182991],[7.2676264,43.7183131],[7.2676124,43.7183321],[7.2676004,43.7183451],[7.2675904,43.7183551],[7.2675764,43.7183661],[7.2675604,43.7183761],[7.2675424,43.7183861],[7.2675224,43.7183941],[7.2675014,43.7184011],[7.2674794,43.7184071],[7.2674604,43.7184101],[7.2674404,43.7184121],[7.2674244,43.7184131],[7.2674244,43.7184321],[7.2673884,43.7184331],[7.2673554,43.7184281],[7.2673584,43.7184081]]]},"id":"way/363729914"},{"type":"Feature","properties":{"building":"yes","name":"","height":"13","landmark":false,"heightSource":"OSM height","passageAssumed":false,"bridge":false,"source":"OpenStreetMap supplied extract","localId":"B137"},"geometry":{"type":"Polygon","coordinates":[[[7.267815,43.718613],[7.267743,43.71855],[7.267782,43.718527],[7.267734,43.718485],[7.267793,43.718449],[7.267777,43.718435],[7.267779,43.718418],[7.267807,43.718402],[7.26783,43.718403],[7.267847,43.718417],[7.267904,43.718381],[7.267954,43.718422],[7.267982,43.718404],[7.26801,43.718428],[7.268004,43.718432],[7.268049,43.718471],[7.268024,43.718486],[7.268029,43.718491],[7.267977,43.718522],[7.267982,43.718526],[7.26795,43.718546],[7.267945,43.718541],[7.267859,43.718593],[7.267854,43.718589],[7.267815,43.718613]]]},"id":"way/363729915"},{"type":"Feature","properties":{"building":"yes","name":"","height":"13","landmark":false,"heightSource":"OSM height","passageAssumed":false,"bridge":false,"source":"OpenStreetMap supplied extract","localId":"B138"},"geometry":{"type":"Polygon","coordinates":[[[7.267777,43.718435],[7.267793,43.718449],[7.267735,43.718484],[7.267718,43.71847],[7.267777,43.718435]]]},"id":"way/363729915"},{"type":"Feature","properties":{"building":"yes","name":"","height":"15","landmark":false,"heightSource":"OSM height","passageAssumed":false,"bridge":false,"source":"OpenStreetMap supplied extract","wall":"no","localId":"B139"},"geometry":{"type":"Polygon","coordinates":[[[7.269063,43.718062],[7.269172,43.718109],[7.269132,43.718158],[7.269021,43.718113],[7.269063,43.718062]]]},"id":"way/363729917"},{"type":"Feature","properties":{"building":"yes","name":"","height":12,"landmark":false,"heightSource":"Estimated","passageAssumed":false,"bridge":false,"source":"OpenStreetMap supplied extract","localId":"B140"},"geometry":{"type":"Polygon","coordinates":[[[7.268158,43.718469],[7.268186,43.718492],[7.268164,43.718506],[7.268136,43.718482],[7.268158,43.718469]]]},"id":"way/363729918"},{"type":"Feature","properties":{"building":"yes","name":"","height":12,"landmark":false,"heightSource":"Estimated","passageAssumed":false,"bridge":false,"source":"OpenStreetMap supplied extract","wall":"no","localId":"B141"},"geometry":{"type":"Polygon","coordinates":[[[7.268503,43.717737],[7.268545,43.717771],[7.268499,43.717801],[7.268457,43.717768],[7.268503,43.717737]]]},"id":"way/363729919"},{"type":"Feature","properties":{"building":"yes","name":"","height":"13","landmark":false,"heightSource":"OSM height","passageAssumed":false,"bridge":false,"source":"OpenStreetMap supplied extract","localId":"B142"},"geometry":{"type":"Polygon","coordinates":[[[7.26783,43.718403],[7.267888,43.718367],[7.267904,43.718381],[7.267847,43.718417],[7.26783,43.718403]]]},"id":"way/363729915"},{"type":"Feature","properties":{"building":"yes","name":"","height":"3","landmark":false,"heightSource":"OSM height","passageAssumed":false,"bridge":false,"source":"OpenStreetMap supplied extract","localId":"B143"},"geometry":{"type":"Polygon","coordinates":[[[7.268613,43.717966],[7.268648,43.717923],[7.268728,43.717957],[7.268693,43.718],[7.268613,43.717966]]]},"id":"way/363729921"},{"type":"Feature","properties":{"building":"yes","name":"","height":"13","landmark":false,"heightSource":"OSM height","passageAssumed":false,"bridge":false,"source":"OpenStreetMap supplied extract","localId":"B144"},"geometry":{"type":"Polygon","coordinates":[[[7.267982,43.718526],[7.267977,43.718522],[7.268029,43.718491],[7.268085,43.71854],[7.268034,43.718571],[7.267982,43.718526]]]},"id":"way/363729915"},{"type":"Feature","properties":{"building":"yes","name":"","height":"9","landmark":false,"heightSource":"OSM height","passageAssumed":false,"bridge":false,"source":"OpenStreetMap supplied extract","localId":"B145"},"geometry":{"type":"Polygon","coordinates":[[[7.269448,43.718409],[7.269562,43.718478],[7.269465,43.718561],[7.26939,43.718514],[7.269427,43.718482],[7.269389,43.718459],[7.269448,43.718409]]]},"id":"way/363729924"},{"type":"Feature","properties":{"building":"dormitory","name":"Résidence Universitaire Alvéole","height":14.8,"landmark":false,"addr:housenumber":"1","addr:street":"Chemin Bessi","building:levels":"4","operator":"Crous Nice-Toulon","roof:levels":"0","website":"https://www.crous-nice.fr/logement/lalveole/","source":"OpenStreetMap supplied extract","heightSource":"Estimated from levels","passageAssumed":false,"bridge":false,"localId":"B146"},"geometry":{"type":"Polygon","coordinates":[[[7.2648085,43.7167012],[7.2655539,43.7166497],[7.2655768,43.7163035],[7.26452,43.7164126],[7.2645508,43.7167114],[7.2648085,43.7167012]]]},"id":"way/409582977"},{"type":"Feature","properties":{"building":"yes","name":"Resto U Montebello","height":"14","landmark":false,"heightSource":"OSM height","passageAssumed":false,"bridge":false,"addr:housenumber":"96","addr:street":"Avenue Valrose","amenity":"restaurant","name:en":"university restaurant Montebello","name:fr":"Resto U Montebello","opening_hours":"Mo-Fr 11:30-13:45","operator":"CROUS","phone":"+33 4 92 07 77 17","ref:FR:SIRET":"18060004100032","source":"OpenStreetMap supplied extract","website":"https://www.crous-nice.fr/restaurant/resto-u-montebello/","localId":"B147"},"geometry":{"type":"Polygon","coordinates":[[[7.2678118,43.7178902],[7.2677876,43.7178739],[7.2677658,43.7178592],[7.2676859,43.717804],[7.267667,43.7176961],[7.2677578,43.7176502],[7.2678058,43.7176202],[7.2678218,43.7176322],[7.2678318,43.7176422],[7.2678408,43.7176532],[7.2678488,43.7176632],[7.2678558,43.7176732],[7.2678628,43.7176852],[7.2678688,43.7176982],[7.2678738,43.7177122],[7.2678778,43.7177272],[7.2678788,43.7177442],[7.2678808,43.7177592],[7.2678798,43.7177732],[7.2678768,43.7177872],[7.2678738,43.7178022],[7.2678678,43.7178172],[7.2678618,43.7178302],[7.2678558,43.7178412],[7.2678478,43.7178522],[7.2678398,43.7178632],[7.2678328,43.7178712],[7.2678248,43.7178792],[7.2678118,43.7178902]]]},"id":"way/363728809"},{"type":"Feature","properties":{"building":"university","name":"Amphi Physique","height":"19","landmark":false,"heightSource":"OSM height","passageAssumed":false,"bridge":false,"name:de":"Aula Physik","name:fr":"Amphi Physique","operator":"Université Côte d'Azur","operator:type":"university","source":"OpenStreetMap supplied extract","wheelchair":"yes","localId":"B148","campusRefs":["I"],"positionCheck":"Contains MapHub marker I","nameSource":"CampusValrose MapHub"},"geometry":{"type":"Polygon","coordinates":[[[7.26835,43.716483],[7.2684259,43.7164429],[7.268535,43.716548],[7.268218,43.716719],[7.268107,43.716616],[7.2681863,43.7165726],[7.26835,43.716483]]]},"id":"way/1113474201"},{"type":"Feature","properties":{"building":"university","name":"TP Physique et Électronique","height":"19","landmark":false,"bridge":true,"heightSource":"OSM height","passageAssumed":true,"name:de":"Aula Physik","name:fr":"Amphi Physique","operator":"Université Côte d'Azur","operator:type":"university","source":"OpenStreetMap supplied extract","wheelchair":"yes","localId":"B149","campusRefs":["J"],"positionCheck":"Contains MapHub marker J","nameSource":"CampusValrose MapHub"},"geometry":{"type":"Polygon","coordinates":[[[7.2684259,43.7164429],[7.26835,43.716483],[7.268239,43.716375],[7.2683122,43.7163332],[7.2683484,43.7163133],[7.2685872,43.7161822],[7.268685,43.716276],[7.2686979,43.7162909],[7.2686151,43.7163371],[7.2684641,43.7164215],[7.2684259,43.7164429]]]},"id":"way/1113474201"},{"type":"Feature","properties":{"highway":"residential","cycleway:both":"no","lanes":"2","lit":"yes","name":"Avenue Joseph Vallot","name:etymology:wikidata":"Q1708120","parking:left":"no","parking:right":"lane","parking:right:orientation":"parallel","sidewalk":"both","surface":"asphalt","source":"OpenStreetMap supplied extract"},"geometry":{"type":"LineString","coordinates":[[7.2631654,43.7158409],[7.2632409,43.7158208],[7.2632681,43.7158136],[7.263422,43.7158086],[7.2642929,43.7157993],[7.2644321,43.7157971],[7.2645841,43.7157947],[7.2650427,43.7157874],[7.265218,43.7157847],[7.2653107,43.7157832],[7.2655086,43.7157801],[7.265695,43.7157771]]},"id":"way/4276702"},{"type":"Feature","properties":{"highway":"residential","cycleway:both":"no","lit":"yes","maxspeed":"30","name":"Avenue Valrose","parking:both":"lane","parking:both:orientation":"parallel","sidewalk":"right","surface":"asphalt","source":"OpenStreetMap supplied extract"},"geometry":{"type":"LineString","coordinates":[[7.2679207,43.7192486],[7.2674243,43.7187864],[7.2670483,43.7184628],[7.2667681,43.7182099],[7.2667164,43.7181751],[7.2666547,43.7181426],[7.2664894,43.7180709],[7.2663739,43.7180238],[7.2662245,43.7179527],[7.2661223,43.7178814],[7.2660512,43.7178228],[7.2659908,43.717764],[7.2659473,43.7176963],[7.2658126,43.717404],[7.2657082,43.7171897],[7.2656549,43.7170449],[7.2656316,43.716961],[7.2656214,43.7168976],[7.2656262,43.7167206],[7.2656449,43.7163318]]},"id":"way/4276703"},{"type":"Feature","properties":{"highway":"residential","cycleway:both":"no","lane_markings":"no","lit":"yes","name":"Chemin Bessi","ref:FR:FANTOIR":"060880799","surface":"asphalt","source":"OpenStreetMap supplied extract"},"geometry":{"type":"LineString","coordinates":[[7.2647893,43.7169649],[7.2647786,43.7168059],[7.2648162,43.7167788],[7.2655456,43.7167264],[7.2656262,43.7167206]]},"id":"way/4276704"},{"type":"Feature","properties":{"highway":"residential","cycleway:both":"no","name":"Avenue Daviot","oneway":"yes","parking:left":"no","parking:right":"lane","parking:right:orientation":"parallel","ref:FR:FANTOIR":"060881845","source":"OpenStreetMap supplied extract"},"geometry":{"type":"LineString","coordinates":[[7.2651547,43.7189592],[7.2650984,43.7189844],[7.2649053,43.7190358],[7.2648101,43.7190484],[7.2647189,43.7190397],[7.2646156,43.7190009],[7.2642558,43.7187579],[7.2638965,43.7184952],[7.2637896,43.7183157],[7.2637725,43.7181931],[7.2637681,43.7180489],[7.2637395,43.7180285],[7.2636919,43.7180139],[7.2636494,43.7180227],[7.2636124,43.7180473],[7.263577,43.7182211],[7.2635176,43.7183558],[7.2634713,43.7183994],[7.2633747,43.7184078],[7.2631345,43.718396],[7.2631099,43.7183938],[7.2630529,43.7183888]]},"id":"way/4276708"},{"type":"Feature","properties":{"highway":"residential","cycleway:both":"no","lane_markings":"no","lit":"yes","name":"Avenue Valrose","oneway":"yes","sidewalk":"right","surface":"asphalt","source":"OpenStreetMap supplied extract"},"geometry":{"type":"LineString","coordinates":[[7.265695,43.7157771],[7.2656984,43.7156336],[7.2656838,43.7155294],[7.2656714,43.7154705]]},"id":"way/23161155"},{"type":"Feature","properties":{"highway":"residential","lane_markings":"no","name":"Avenue Edith Cavell","name:etymology:wikidata":"Q237564","smoothness":"intermediate","surface":"asphalt","source":"OpenStreetMap supplied extract"},"geometry":{"type":"LineString","coordinates":[[7.2700944,43.7172771],[7.2699981,43.716607],[7.2699994,43.7165723],[7.2700052,43.7165376],[7.2700132,43.7165026],[7.2700257,43.7164676],[7.2700442,43.7164375],[7.2700677,43.7164068],[7.2700957,43.7163765],[7.2701313,43.7163474],[7.2701824,43.7163204],[7.2702363,43.7162966],[7.2702981,43.7162754],[7.2703667,43.716261]]},"id":"way/25331775"},{"type":"Feature","properties":{"highway":"residential","access":"private","foot":"yes","lane_markings":"no","name":"Avenue du Puits","ref:FR:FANTOIR":"060885325","smoothness":"good","surface":"asphalt","source":"OpenStreetMap supplied extract"},"geometry":{"type":"LineString","coordinates":[[7.2689676,43.7150917],[7.2695118,43.7154191],[7.2701946,43.7158299],[7.2702703,43.7159719],[7.2703396,43.716163],[7.2703667,43.716261]]},"id":"way/25331777"},{"type":"Feature","properties":{"highway":"residential","cycleway:both":"no","lane_markings":"no","lit":"yes","name":"Rue Auguste Bercy","parking:left":"no","parking:right":"lane","parking:right:orientation":"parallel","sidewalk":"no","surface":"asphalt","source":"OpenStreetMap supplied extract"},"geometry":{"type":"LineString","coordinates":[[7.2674243,43.7187864],[7.2670018,43.7191361],[7.2676816,43.7195714],[7.2689392,43.7203393],[7.2689708,43.7203586]]},"id":"way/25331782"},{"type":"Feature","properties":{"highway":"residential","cycleway:both":"no","lane_markings":"no","lit":"yes","name":"Avenue Goldenberg Garbowska","parking:left":"lane","parking:left:orientation":"parallel","parking:right":"no","ref:FR:FANTOIR":"060882965","sidewalk":"no","surface":"asphalt","source":"OpenStreetMap supplied extract"},"geometry":{"type":"LineString","coordinates":[[7.265999,43.7185662],[7.2661185,43.7184837],[7.2664175,43.7182735],[7.266451,43.718226],[7.2664651,43.7181088],[7.2664894,43.7180709]]},"id":"way/25331784"},{"type":"Feature","properties":{"highway":"residential","cycleway:both":"no","lane_markings":"no","lit":"yes","name":"Avenue Maréchal Maunoury","name:etymology:wikidata":"Q81042","parking:left":"lane","parking:left:orientation":"parallel","parking:right":"on_kerb","parking:right:orientation":"perpendicular","sidewalk":"left","surface":"concrete","source":"OpenStreetMap supplied extract"},"geometry":{"type":"LineString","coordinates":[[7.2654202,43.7182204],[7.2655933,43.718097],[7.2659453,43.7177971],[7.2659908,43.717764]]},"id":"way/25331785"},{"type":"Feature","properties":{"highway":"residential","created_by":"Potlatch 0.9c","cycleway:both":"no","lane_markings":"no","lit":"yes","name":"Rue des Poilus","parking:left":"no","parking:right":"lane","parking:right:orientation":"parallel","ref:FR:FANTOIR":"060885182","sidewalk":"both","surface":"asphalt","source":"OpenStreetMap supplied extract"},"geometry":{"type":"LineString","coordinates":[[7.2655933,43.718097],[7.2661185,43.7184837]]},"id":"way/25331786"},{"type":"Feature","properties":{"highway":"residential","lane_markings":"no","name":"Boulevard Prince de Galles","ref:FR:FANTOIR":"060885265","smoothness":"intermediate","surface":"asphalt","source":"OpenStreetMap supplied extract"},"geometry":{"type":"LineString","coordinates":[[7.2722023,43.7171093],[7.2720966,43.7171148],[7.2704801,43.7172461],[7.2700944,43.7172771]]},"id":"way/25345204"},{"type":"Feature","properties":{"highway":"service","access":"private","service":"driveway","surface":"asphalt","source":"OpenStreetMap supplied extract"},"geometry":{"type":"LineString","coordinates":[[7.265695,43.7157771],[7.2658405,43.7157793],[7.2659877,43.7157855],[7.2663213,43.7158323],[7.26676,43.7159329],[7.2668351,43.7159497],[7.266956,43.7159766],[7.2671385,43.7160425],[7.2673964,43.7161764],[7.2676545,43.7163465],[7.2679928,43.7166251],[7.2681246,43.7167476],[7.2682251,43.7169126],[7.2682597,43.717002],[7.2682272,43.7170447],[7.2680384,43.7171591],[7.2678261,43.7172865],[7.2676001,43.717188],[7.2673588,43.7170103],[7.2671098,43.7168439],[7.2670108,43.7167825],[7.2668551,43.7167351],[7.2666162,43.7167034],[7.2664677,43.7166849],[7.2663699,43.7166878],[7.2662695,43.7167388],[7.2661975,43.7168095],[7.2661868,43.7168864],[7.266215,43.7169704],[7.2662496,43.7169933],[7.266385,43.7170108],[7.2663659,43.7170924],[7.2663598,43.7171196]]},"id":"way/25352907"},{"type":"Feature","properties":{"highway":"service","service":"parking_aisle","surface":"asphalt","source":"OpenStreetMap supplied extract"},"geometry":{"type":"LineString","coordinates":[[7.2694919,43.716577],[7.2694302,43.7163078],[7.2693461,43.7161859],[7.2692883,43.7161416],[7.2691029,43.7161633]]},"id":"way/25401734"},{"type":"Feature","properties":{"highway":"steps","access":"yes","handrail":"yes","incline":"down","ramp":"no","step_count":"99","surface":"concrete","tactile_paving":"no","source":"OpenStreetMap supplied extract"},"geometry":{"type":"LineString","coordinates":[[7.2665623,43.7194719],[7.2670018,43.7191361]]},"id":"way/25444751"},{"type":"Feature","properties":{"highway":"steps","source":"OpenStreetMap supplied extract"},"geometry":{"type":"LineString","coordinates":[[7.269981,43.7172861],[7.2699447,43.7172622],[7.2699277,43.7172625]]},"id":"way/26971181"},{"type":"Feature","properties":{"highway":"service","service":"driveway","source":"OpenStreetMap supplied extract"},"geometry":{"type":"LineString","coordinates":[[7.269496,43.7172542],[7.2695536,43.7172234],[7.2696649,43.7172083],[7.2697314,43.7172143],[7.2697815,43.7172459],[7.2699393,43.7177188],[7.269944,43.7177414],[7.2699433,43.7177649],[7.2699397,43.71778],[7.2699307,43.717795],[7.2699155,43.7178062],[7.269895,43.7178173]]},"id":"way/27018268"},{"type":"Feature","properties":{"highway":"service","access":"private","service":"driveway","surface":"asphalt","source":"OpenStreetMap supplied extract"},"geometry":{"type":"LineString","coordinates":[[7.2676545,43.7163465],[7.2677103,43.7162927],[7.2676639,43.7161581],[7.2676326,43.7160864],[7.267451,43.7159907],[7.2675696,43.7158126]]},"id":"way/27255170"},{"type":"Feature","properties":{"highway":"service","service":"driveway","surface":"asphalt","source":"OpenStreetMap supplied extract"},"geometry":{"type":"LineString","coordinates":[[7.2691029,43.7161633],[7.2689463,43.7161481],[7.268847,43.716216],[7.2688236,43.7162799],[7.2688228,43.7163169],[7.2688675,43.7166438],[7.2688982,43.7168963],[7.2688836,43.7169571],[7.2687881,43.7169977],[7.2687206,43.7169843]]},"id":"way/32431334"},{"type":"Feature","properties":{"highway":"service","access":"private","service":"driveway","source":"OpenStreetMap supplied extract"},"geometry":{"type":"LineString","coordinates":[[7.2689861,43.7174554],[7.2690663,43.717368],[7.2691704,43.7173322],[7.2692606,43.7173688],[7.2693018,43.7174484],[7.2693113,43.7175598],[7.2693509,43.7176726],[7.2693847,43.7177504],[7.2694325,43.7178144],[7.2695212,43.717859],[7.2695679,43.717854],[7.2696105,43.7178373],[7.2696259,43.7177856],[7.2695934,43.7176778],[7.2695303,43.7175665],[7.2694506,43.7174709],[7.2694318,43.717372],[7.269496,43.7172542]]},"id":"way/37953186"},{"type":"Feature","properties":{"highway":"steps","handrail":"yes","incline":"up","lit":"no","ramp":"no","step_count":"71","surface":"concrete","source":"OpenStreetMap supplied extract"},"geometry":{"type":"LineString","coordinates":[[7.2676639,43.7161581],[7.2677448,43.7161659],[7.2678061,43.716209],[7.2680776,43.7162342],[7.2682138,43.7161876],[7.2682695,43.7161771],[7.2683849,43.7161769],[7.2685067,43.716124],[7.2686093,43.7161202],[7.268715,43.7162228],[7.268743,43.7162678],[7.2688236,43.7162799]]},"id":"way/37953187"},{"type":"Feature","properties":{"highway":"service","service":"driveway","surface":"asphalt","source":"OpenStreetMap supplied extract"},"geometry":{"type":"LineString","coordinates":[[7.2689463,43.7161481],[7.2689195,43.7160933],[7.2687999,43.7158482],[7.2687756,43.7157985],[7.2688096,43.715514]]},"id":"way/37953193"},{"type":"Feature","properties":{"highway":"path","foot":"yes","source":"OpenStreetMap supplied extract"},"geometry":{"type":"LineString","coordinates":[[7.2675696,43.7158126],[7.2677224,43.7157322],[7.2678543,43.7157231]]},"id":"way/38206133"},{"type":"Feature","properties":{"highway":"service","access":"private","service":"driveway","surface":"asphalt","source":"OpenStreetMap supplied extract"},"geometry":{"type":"LineString","coordinates":[[7.2678543,43.7157231],[7.2679171,43.7157485],[7.268033,43.7157954],[7.2680836,43.716031],[7.2681436,43.7160883],[7.2681691,43.7161127],[7.2682138,43.7161876],[7.2683484,43.7163133]]},"id":"way/38206135"},{"type":"Feature","properties":{"highway":"service","access":"private","service":"driveway","source":"OpenStreetMap supplied extract"},"geometry":{"type":"LineString","coordinates":[[7.267451,43.7159907],[7.2673095,43.7159393],[7.2672076,43.7159023],[7.2671612,43.7158815],[7.267006,43.7158118],[7.2666482,43.7156974],[7.2665103,43.7156505],[7.2664823,43.715641],[7.2662154,43.7155501]]},"id":"way/38206137"},{"type":"Feature","properties":{"highway":"service","access":"private","service":"driveway","source":"OpenStreetMap supplied extract"},"geometry":{"type":"LineString","coordinates":[[7.2671612,43.7158815],[7.2673033,43.7156582],[7.2674581,43.7156334],[7.2677457,43.7156804],[7.2678543,43.7157231]]},"id":"way/38206139"},{"type":"Feature","properties":{"highway":"footway","source":"OpenStreetMap supplied extract"},"geometry":{"type":"LineString","coordinates":[[7.2680384,43.7171591],[7.2679656,43.7171034]]},"id":"way/139974837"},{"type":"Feature","properties":{"highway":"footway","bridge":"yes","layer":"1","source":"OpenStreetMap supplied extract"},"geometry":{"type":"LineString","coordinates":[[7.2679656,43.7171034],[7.2678946,43.7170491]]},"id":"way/139974838"},{"type":"Feature","properties":{"highway":"service","service":"driveway","source":"OpenStreetMap supplied extract"},"geometry":{"type":"LineString","coordinates":[[7.2699312,43.7172889],[7.269981,43.7172861],[7.2700944,43.7172771]]},"id":"way/139974839"},{"type":"Feature","properties":{"highway":"service","bridge":"yes","layer":"1","service":"driveway","source":"OpenStreetMap supplied extract"},"geometry":{"type":"LineString","coordinates":[[7.269895,43.7178173],[7.2698648,43.717823],[7.2698305,43.7178239],[7.2698078,43.7178206],[7.269785,43.7178163],[7.2697677,43.7178069],[7.2697531,43.7177974],[7.2697423,43.7177822],[7.2697327,43.7177639],[7.2696343,43.7175124],[7.2696292,43.717473],[7.2696301,43.7174528],[7.269635,43.7174336],[7.2696429,43.7174132],[7.2696562,43.7173938],[7.2696753,43.7173724],[7.2696951,43.7173539],[7.2697342,43.7173287],[7.2697544,43.7173186],[7.269776,43.7173114],[7.2699312,43.7172889]]},"id":"way/139974840"},{"type":"Feature","properties":{"highway":"service","oneway":"yes","service":"driveway","surface":"asphalt","source":"OpenStreetMap supplied extract"},"geometry":{"type":"LineString","coordinates":[[7.2691029,43.7161633],[7.2691973,43.7162253],[7.2692254,43.7162828],[7.2692488,43.7163308],[7.2692848,43.7165488],[7.2693862,43.717162],[7.269496,43.7172542]]},"id":"way/163433175"},{"type":"Feature","properties":{"highway":"residential","lane_markings":"no","maxspeed:type":"FR:urban","name":"Avenue Edith Cavell","name:etymology:wikidata":"Q237564","surface":"asphalt","source":"OpenStreetMap supplied extract"},"geometry":{"type":"LineString","coordinates":[[7.2703667,43.716261],[7.2709835,43.71621],[7.2711577,43.7161951],[7.2712025,43.7161871],[7.2712453,43.7161781],[7.2712892,43.716167],[7.271329,43.7161539],[7.2713781,43.7161281],[7.2714231,43.7161013],[7.271468,43.7160706],[7.2715083,43.7160349],[7.2715521,43.7159793],[7.2715687,43.7159471],[7.271583,43.715912],[7.2715937,43.7158761],[7.2715989,43.7158402],[7.2716032,43.7157999],[7.271602,43.7157597],[7.2715957,43.7157336],[7.2715876,43.7157075],[7.2715734,43.7156734],[7.2715577,43.7156393],[7.2715405,43.7156056],[7.2715207,43.715572],[7.2714884,43.7155277],[7.2714499,43.7154832],[7.2714107,43.7154403],[7.2713661,43.7153974],[7.2712913,43.7153319],[7.2712493,43.7153006],[7.271201,43.7152721],[7.2711398,43.7152425],[7.2710714,43.715213],[7.2710061,43.7151884],[7.2709359,43.7151661],[7.2706166,43.7150838],[7.2705204,43.7150534],[7.2704296,43.7150153],[7.270389,43.714986],[7.2703537,43.7149567],[7.2703211,43.7149235],[7.2702957,43.7148903],[7.2702741,43.7148329],[7.2702597,43.7147754],[7.2702399,43.7146605],[7.2702234,43.7141572]]},"id":"way/164214560"},{"type":"Feature","properties":{"highway":"steps","covered":"yes","source":"OpenStreetMap supplied extract"},"geometry":{"type":"LineString","coordinates":[[7.2699277,43.7172625],[7.2699122,43.7172627],[7.2698904,43.7172645]]},"id":"way/188087203"},{"type":"Feature","properties":{"highway":"steps","source":"OpenStreetMap supplied extract"},"geometry":{"type":"LineString","coordinates":[[7.2698904,43.7172645],[7.2698651,43.7172676],[7.2698507,43.7172547],[7.2698298,43.7171898],[7.2697314,43.7172143]]},"id":"way/188087205"},{"type":"Feature","properties":{"highway":"residential","lane_markings":"no","noname":"yes","surface":"asphalt","source":"OpenStreetMap supplied extract"},"geometry":{"type":"LineString","coordinates":[[7.2695118,43.7154191],[7.2693033,43.7156058],[7.2692548,43.7156493]]},"id":"way/257231884"},{"type":"Feature","properties":{"highway":"service","access":"permit","service":"parking_aisle","surface":"asphalt","source":"OpenStreetMap supplied extract"},"geometry":{"type":"LineString","coordinates":[[7.2650427,43.7157874],[7.2650432,43.7158998],[7.2650483,43.7162625],[7.2645789,43.7162722]]},"id":"way/315713341"},{"type":"Feature","properties":{"highway":"tertiary","cycleway:both":"no","name":"Avenue de Brancolar","parking:both":"no","ref:FR:FANTOIR":"060880950","surface":"asphalt","source":"OpenStreetMap supplied extract"},"geometry":{"type":"LineString","coordinates":[[7.2631654,43.7158409],[7.2632015,43.7159142],[7.2632321,43.7160171],[7.2632658,43.7161856],[7.2632879,43.7162777],[7.2633167,43.7163438],[7.2633647,43.7163954],[7.263426,43.7164309],[7.2635029,43.7164631],[7.2635836,43.7165036],[7.2636411,43.7165459],[7.2637265,43.7166621],[7.2637993,43.716784],[7.2638521,43.7168927],[7.2638713,43.7169377],[7.2639113,43.7170298],[7.2639275,43.7170745],[7.263988,43.717232],[7.264059,43.7174656],[7.2641409,43.7176965],[7.2641985,43.7178291],[7.2642613,43.7179314],[7.2643482,43.7180408],[7.2643926,43.7180813],[7.2645537,43.7182266],[7.264767,43.7184541],[7.2648567,43.7185671],[7.2649288,43.718658],[7.2651547,43.7189592]]},"id":"way/315713345"},{"type":"Feature","properties":{"highway":"tertiary","cycleway:both":"no","lanes":"2","name":"Avenue de Brancolar","ref:FR:FANTOIR":"060880950","surface":"asphalt","source":"OpenStreetMap supplied extract"},"geometry":{"type":"LineString","coordinates":[[7.2651547,43.7189592],[7.2652364,43.7190438],[7.265361,43.7191727],[7.265442,43.7192452],[7.2655041,43.7192893],[7.26557,43.7193295],[7.2656362,43.7193642]]},"id":"way/329821820"},{"type":"Feature","properties":{"highway":"steps","source":"OpenStreetMap supplied extract"},"geometry":{"type":"LineString","coordinates":[[7.2663371,43.7172085],[7.2662881,43.7171865],[7.2662604,43.7171796],[7.2662323,43.7172015],[7.2662178,43.7172],[7.2662368,43.717173],[7.2661496,43.7171771],[7.2660769,43.7172036],[7.266048,43.7171826],[7.2660407,43.71704]]},"id":"way/351227720"},{"type":"Feature","properties":{"highway":"footway","source":"OpenStreetMap supplied extract"},"geometry":{"type":"LineString","coordinates":[[7.2660407,43.71704],[7.2658878,43.716883],[7.2658639,43.716853],[7.2657556,43.7167168]]},"id":"way/351227721"},{"type":"Feature","properties":{"highway":"service","service":"parking_aisle","surface":"asphalt","source":"OpenStreetMap supplied extract"},"geometry":{"type":"LineString","coordinates":[[7.2651613,43.7156385],[7.2652055,43.7156065],[7.2655636,43.7155687],[7.2655783,43.7155958],[7.2655797,43.7156666]]},"id":"way/365674242"},{"type":"Feature","properties":{"highway":"service","access":"private","source":"OpenStreetMap supplied extract"},"geometry":{"type":"LineString","coordinates":[[7.2670483,43.7184628],[7.266933,43.7185578],[7.2668068,43.7186619]]},"id":"way/404707367"},{"type":"Feature","properties":{"highway":"residential","cycleway:both":"no","lit":"yes","maxspeed":"30","name":"Avenue Valrose","parking:left":"lane","parking:left:orientation":"parallel","sidewalk":"right","surface":"asphalt","source":"OpenStreetMap supplied extract"},"geometry":{"type":"LineString","coordinates":[[7.2656449,43.7163318],[7.2656937,43.7158285],[7.265695,43.7157771]]},"id":"way/409582976"},{"type":"Feature","properties":{"highway":"service","access":"private","maxspeed":"10","service":"driveway","source":"OpenStreetMap supplied extract"},"geometry":{"type":"LineString","coordinates":[[7.2681195,43.7193032],[7.2680621,43.7192429],[7.2675523,43.7187383],[7.2672563,43.7184554],[7.2671783,43.7183586],[7.267119,43.7181883],[7.2670723,43.7180574],[7.2670913,43.7180131],[7.2671525,43.7179463],[7.2672796,43.7178999],[7.2673998,43.7179074],[7.2675053,43.7179645],[7.2675524,43.7179781],[7.2676164,43.7179966],[7.2678091,43.7180379],[7.2679823,43.7180894],[7.2680634,43.7180555],[7.2682077,43.7180426],[7.2683679,43.7180642],[7.2684648,43.7181035],[7.2685323,43.7181464],[7.2691384,43.7182907],[7.269373,43.7183986]]},"id":"way/444893991"},{"type":"Feature","properties":{"highway":"service","access":"private","service":"driveway","source":"OpenStreetMap supplied extract"},"geometry":{"type":"LineString","coordinates":[[7.2672563,43.7184554],[7.2673848,43.7184557],[7.2674746,43.7185083]]},"id":"way/444893992"},{"type":"Feature","properties":{"highway":"service","access":"private","service":"driveway","source":"OpenStreetMap supplied extract"},"geometry":{"type":"LineString","coordinates":[[7.2679823,43.7180894],[7.2680097,43.7181405],[7.2679724,43.7182443],[7.2679835,43.7183167],[7.2680776,43.7184263]]},"id":"way/444893995"},{"type":"Feature","properties":{"highway":"footway","access":"private","bicycle":"private","foot":"private","horse":"no","lit":"yes","motor_vehicle":"no","width":"5","source":"OpenStreetMap supplied extract"},"geometry":{"type":"LineString","coordinates":[[7.2663739,43.7180238],[7.2663949,43.7180067],[7.2664341,43.7180261],[7.2664426,43.7180186],[7.2664594,43.7180028],[7.2666413,43.7180725],[7.2667797,43.7181611],[7.2671173,43.7184453],[7.2671478,43.7184264],[7.2670389,43.7181839],[7.267119,43.7181883],[7.2671836,43.7181663],[7.2672509,43.7181347],[7.2672964,43.7181056],[7.2673759,43.7180569],[7.2674447,43.718067],[7.2675191,43.7180423],[7.2675524,43.7179781]]},"id":"way/444895060"},{"type":"Feature","properties":{"highway":"footway","source":"OpenStreetMap supplied extract"},"geometry":{"type":"LineString","coordinates":[[7.2663371,43.7172085],[7.266599,43.7172116],[7.2666781,43.7173848],[7.266855,43.7173524]]},"id":"way/444895225"},{"type":"Feature","properties":{"highway":"footway","source":"OpenStreetMap supplied extract"},"geometry":{"type":"LineString","coordinates":[[7.26676,43.7159329],[7.2666073,43.7163693],[7.2668149,43.7164039],[7.2669436,43.7160127],[7.266956,43.7159766]]},"id":"way/469518617"},{"type":"Feature","properties":{"highway":"steps","incline":"up","source":"OpenStreetMap supplied extract"},"geometry":{"type":"LineString","coordinates":[[7.2668149,43.7164039],[7.2667824,43.7165017]]},"id":"way/469518619"},{"type":"Feature","properties":{"highway":"footway","source":"OpenStreetMap supplied extract"},"geometry":{"type":"LineString","coordinates":[[7.2667824,43.7165017],[7.2668443,43.716569],[7.2668584,43.7165972],[7.2668641,43.716673],[7.2669934,43.7167379],[7.2670422,43.716767],[7.2671267,43.7168173]]},"id":"way/469518620"},{"type":"Feature","properties":{"highway":"footway","source":"OpenStreetMap supplied extract"},"geometry":{"type":"LineString","coordinates":[[7.2668443,43.716569],[7.2669239,43.716578],[7.2669717,43.7166151],[7.2670757,43.7166764],[7.2671086,43.7166958],[7.2676215,43.716372],[7.2676545,43.7163465]]},"id":"way/469518622"},{"type":"Feature","properties":{"highway":"footway","source":"OpenStreetMap supplied extract"},"geometry":{"type":"LineString","coordinates":[[7.2671086,43.7166958],[7.2671545,43.7167299],[7.2671911,43.716757],[7.2672655,43.7168146],[7.2673415,43.7168901],[7.2673588,43.7170103]]},"id":"way/469518623"},{"type":"Feature","properties":{"highway":"footway","source":"OpenStreetMap supplied extract"},"geometry":{"type":"LineString","coordinates":[[7.2673415,43.7168901],[7.2674441,43.716948],[7.2674707,43.7169681],[7.2675415,43.7169822],[7.2676636,43.7169873],[7.2677531,43.7169932],[7.267837,43.7169988],[7.2678946,43.7170491]]},"id":"way/469518624"},{"type":"Feature","properties":{"highway":"footway","surface":"ground","source":"OpenStreetMap supplied extract"},"geometry":{"type":"LineString","coordinates":[[7.2679928,43.7166251],[7.2678058,43.7167351],[7.2674824,43.7169254],[7.2674441,43.716948]]},"id":"way/469518625"},{"type":"Feature","properties":{"highway":"footway","source":"OpenStreetMap supplied extract"},"geometry":{"type":"LineString","coordinates":[[7.2665523,43.716514],[7.2663659,43.7165308],[7.2661163,43.7166221],[7.26595,43.7167089],[7.26595,43.7168047],[7.2658639,43.716853]]},"id":"way/469518626"},{"type":"Feature","properties":{"highway":"footway","surface":"dirt","source":"OpenStreetMap supplied extract"},"geometry":{"type":"LineString","coordinates":[[7.2666482,43.7156974],[7.266719,43.7157607],[7.2667891,43.7158147],[7.2668358,43.7158687],[7.2668471,43.7159157],[7.2669852,43.7158822],[7.2670366,43.7158856],[7.2671206,43.7159227],[7.2672047,43.7159329]]},"id":"way/469518628"},{"type":"Feature","properties":{"highway":"footway","source":"OpenStreetMap supplied extract"},"geometry":{"type":"LineString","coordinates":[[7.267451,43.7159907],[7.267597,43.7160145],[7.2676905,43.7160438],[7.2677475,43.7160762],[7.26778,43.716132],[7.267906,43.7162055],[7.2680076,43.7161966],[7.2681691,43.7161127]]},"id":"way/469518629"},{"type":"Feature","properties":{"highway":"footway","source":"OpenStreetMap supplied extract"},"geometry":{"type":"LineString","coordinates":[[7.2676905,43.7160438],[7.2678369,43.7160233],[7.2679507,43.7160086],[7.2680836,43.716031]]},"id":"way/469518630"},{"type":"Feature","properties":{"highway":"footway","source":"OpenStreetMap supplied extract"},"geometry":{"type":"LineString","coordinates":[[7.2679171,43.7157485],[7.2680442,43.7157559],[7.2681581,43.7157765],[7.2682353,43.7158176],[7.2682922,43.7158646],[7.2683369,43.7159234],[7.2684061,43.7159821],[7.2686093,43.7161202]]},"id":"way/469518631"},{"type":"Feature","properties":{"highway":"footway","surface":"dirt","source":"OpenStreetMap supplied extract"},"geometry":{"type":"LineString","coordinates":[[7.2684061,43.7159821],[7.2685524,43.7159674],[7.2686419,43.7159498],[7.2687516,43.7158646],[7.2687999,43.7158482]]},"id":"way/469518632"},{"type":"Feature","properties":{"highway":"footway","surface":"dirt","source":"OpenStreetMap supplied extract"},"geometry":{"type":"LineString","coordinates":[[7.2686093,43.7161202],[7.2687435,43.7161026],[7.2689195,43.7160933]]},"id":"way/469518633"},{"type":"Feature","properties":{"highway":"footway","source":"OpenStreetMap supplied extract"},"geometry":{"type":"LineString","coordinates":[[7.2662154,43.7155501],[7.2660562,43.7155326],[7.2660074,43.7155913],[7.2660034,43.7156325],[7.26604,43.7156648],[7.2661306,43.7156966]]},"id":"way/469518634"},{"type":"Feature","properties":{"highway":"footway","source":"OpenStreetMap supplied extract"},"geometry":{"type":"LineString","coordinates":[[7.2663659,43.7165308],[7.2662556,43.7165257],[7.266159,43.7165606],[7.2660893,43.7165916],[7.2660329,43.7165664],[7.2660759,43.7165393],[7.2661644,43.7165141],[7.266218,43.7164869],[7.2662207,43.7164617],[7.2661805,43.7164346],[7.2661188,43.7164249],[7.2660651,43.716392],[7.2657597,43.7163977]]},"id":"way/469578591"},{"type":"Feature","properties":{"highway":"footway","source":"OpenStreetMap supplied extract"},"geometry":{"type":"LineString","coordinates":[[7.2665708,43.7167695],[7.266858,43.7168258],[7.2668905,43.7168757],[7.2668478,43.7169477],[7.2669875,43.7169771],[7.2672035,43.7170226],[7.2672503,43.7170665],[7.2672266,43.717163],[7.2670999,43.717246]]},"id":"way/469578595"},{"type":"Feature","properties":{"highway":"steps","incline":"down","source":"OpenStreetMap supplied extract"},"geometry":{"type":"LineString","coordinates":[[7.2669875,43.7169771],[7.2670206,43.7169477],[7.2670734,43.7169624],[7.2671446,43.7169756],[7.2671995,43.7169991],[7.2672401,43.7170212],[7.2672442,43.7170021],[7.2671609,43.7169507],[7.2671222,43.7169242],[7.2671405,43.7169022],[7.2673588,43.7170103]]},"id":"way/469578596"},{"type":"Feature","properties":{"highway":"footway","source":"OpenStreetMap supplied extract"},"geometry":{"type":"LineString","coordinates":[[7.2668945,43.7173206],[7.2668818,43.7173227],[7.2668706,43.7173275],[7.2668619,43.7173345],[7.2668565,43.717343],[7.266855,43.7173524],[7.2668575,43.7173617],[7.2668638,43.71737],[7.2668733,43.7173765],[7.2668851,43.7173806],[7.266898,43.717382],[7.2669109,43.7173804],[7.2669226,43.717376],[7.2669324,43.7173688],[7.2669384,43.7173596],[7.2669399,43.7173495],[7.2669368,43.7173396],[7.2669294,43.717331],[7.2669195,43.717325],[7.2669074,43.7173214],[7.2668945,43.7173206]]},"id":"way/469578598"},{"type":"Feature","properties":{"highway":"footway","source":"OpenStreetMap supplied extract"},"geometry":{"type":"LineString","coordinates":[[7.2665103,43.7156505],[7.2665597,43.7155688]]},"id":"way/469582804"},{"type":"Feature","properties":{"highway":"footway","source":"OpenStreetMap supplied extract"},"geometry":{"type":"LineString","coordinates":[[7.2664823,43.715641],[7.2664702,43.7156129],[7.2664255,43.7155908],[7.2663279,43.7155541],[7.266273,43.7155188],[7.2662954,43.7154704],[7.2664072,43.7154542],[7.2665454,43.7154292],[7.2666247,43.7154175],[7.2666837,43.7154674],[7.2667589,43.7154909],[7.2668524,43.7155041],[7.2669093,43.7154792],[7.2668625,43.7154527],[7.2667975,43.7154233],[7.2667731,43.7153322],[7.2667528,43.7152867],[7.266704,43.7152852],[7.2666499,43.7153035]]},"id":"way/469582805"},{"type":"Feature","properties":{"highway":"footway","source":"OpenStreetMap supplied extract"},"geometry":{"type":"LineString","coordinates":[[7.2669093,43.7154792],[7.2670559,43.7155204],[7.2674581,43.7156334]]},"id":"way/469582806"},{"type":"Feature","properties":{"highway":"footway","source":"OpenStreetMap supplied extract"},"geometry":{"type":"LineString","coordinates":[[7.2670559,43.7155204],[7.2670719,43.7155541],[7.2671044,43.7155776],[7.2671613,43.7155879],[7.2672122,43.7155952],[7.2672549,43.7156114],[7.2673033,43.7156582]]},"id":"way/469582807"},{"type":"Feature","properties":{"highway":"footway","source":"OpenStreetMap supplied extract"},"geometry":{"type":"LineString","coordinates":[[7.2672047,43.7159329],[7.2673095,43.7159393]]},"id":"way/469582808"},{"type":"Feature","properties":{"highway":"footway","source":"OpenStreetMap supplied extract"},"geometry":{"type":"LineString","coordinates":[[7.2681436,43.7160883],[7.2685415,43.7160969],[7.2686093,43.7161202]]},"id":"way/469582809"},{"type":"Feature","properties":{"highway":"footway","surface":"asphalt","source":"OpenStreetMap supplied extract"},"geometry":{"type":"LineString","coordinates":[[7.2659877,43.7157855],[7.2660202,43.7157669],[7.2661306,43.7156966],[7.26621,43.715673],[7.2663641,43.7156797],[7.2664808,43.7156797],[7.2665103,43.7156505]]},"id":"way/488772485"},{"type":"Feature","properties":{"highway":"footway","source":"OpenStreetMap supplied extract"},"geometry":{"type":"LineString","coordinates":[[7.2666295,43.716651],[7.2666162,43.7167034]]},"id":"way/488772486"},{"type":"Feature","properties":{"highway":"footway","source":"OpenStreetMap supplied extract"},"geometry":{"type":"LineString","coordinates":[[7.2687881,43.7169977],[7.268812,43.7170337],[7.2689177,43.7170295],[7.2689672,43.7169988],[7.2689956,43.7169758],[7.2690904,43.7170059]]},"id":"way/549624368"},{"type":"Feature","properties":{"highway":"footway","source":"OpenStreetMap supplied extract"},"geometry":{"type":"LineString","coordinates":[[7.2688675,43.7166438],[7.2691032,43.7166326]]},"id":"way/549624369"},{"type":"Feature","properties":{"highway":"footway","surface":"gravel","source":"OpenStreetMap supplied extract"},"geometry":{"type":"LineString","coordinates":[[7.2678973,43.7174285],[7.2680979,43.7172824],[7.2681355,43.7172591],[7.2680384,43.7171591]]},"id":"way/549624370"},{"type":"Feature","properties":{"highway":"footway","surface":"gravel","source":"OpenStreetMap supplied extract"},"geometry":{"type":"LineString","coordinates":[[7.2680979,43.7172824],[7.2683041,43.7174444]]},"id":"way/549624371"},{"type":"Feature","properties":{"highway":"footway","surface":"gravel","source":"OpenStreetMap supplied extract"},"geometry":{"type":"LineString","coordinates":[[7.2685634,43.7174265],[7.2684548,43.7173218],[7.2684909,43.7172872]]},"id":"way/549624372"},{"type":"Feature","properties":{"highway":"service","surface":"asphalt","source":"OpenStreetMap supplied extract"},"geometry":{"type":"LineString","coordinates":[[7.2655797,43.7156666],[7.265695,43.7157771]]},"id":"way/828995021"},{"type":"Feature","properties":{"highway":"service","service":"parking_aisle","surface":"asphalt","source":"OpenStreetMap supplied extract"},"geometry":{"type":"LineString","coordinates":[[7.2643459,43.7157044],[7.2651613,43.7156385],[7.2652471,43.7156782],[7.2655797,43.7156666]]},"id":"way/828995022"},{"type":"Feature","properties":{"highway":"service","surface":"asphalt","source":"OpenStreetMap supplied extract"},"geometry":{"type":"LineString","coordinates":[[7.2653107,43.7157832],[7.2653126,43.7158289]]},"id":"way/828995023"},{"type":"Feature","properties":{"highway":"steps","incline":"down","source":"OpenStreetMap supplied extract"},"geometry":{"type":"LineString","coordinates":[[7.2677876,43.7178739],[7.2677491,43.7179001],[7.2677068,43.717915],[7.2676753,43.7179229],[7.2676324,43.7179283],[7.2675822,43.7179255]]},"id":"way/836239609"},{"type":"Feature","properties":{"highway":"footway","source":"OpenStreetMap supplied extract"},"geometry":{"type":"LineString","coordinates":[[7.2675822,43.7179255],[7.2675053,43.7179645]]},"id":"way/836239610"},{"type":"Feature","properties":{"highway":"footway","source":"OpenStreetMap supplied extract"},"geometry":{"type":"LineString","coordinates":[[7.2669226,43.717376],[7.2669533,43.7174081],[7.2671805,43.7176421],[7.2672302,43.7176933],[7.2672998,43.717806],[7.2673998,43.7179074]]},"id":"way/836239612"},{"type":"Feature","properties":{"highway":"footway","source":"OpenStreetMap supplied extract"},"geometry":{"type":"LineString","coordinates":[[7.2669294,43.717331],[7.2670999,43.717246],[7.2671922,43.717317],[7.2672764,43.7174718],[7.267286,43.7175871],[7.2672628,43.7176504],[7.2672302,43.7176933]]},"id":"way/836239613"},{"type":"Feature","properties":{"highway":"service","access":"private","service":"driveway","surface":"asphalt","source":"OpenStreetMap supplied extract"},"geometry":{"type":"LineString","coordinates":[[7.2663483,43.7171656],[7.2663371,43.7172085],[7.2663019,43.7172602],[7.2662777,43.7173596],[7.2663293,43.717527],[7.2664462,43.7176723],[7.2665367,43.7177529],[7.2665022,43.7178279],[7.2667091,43.7179599],[7.2667622,43.7180113],[7.2667407,43.718039],[7.2666889,43.7180476],[7.2666026,43.7180113],[7.2664286,43.717909],[7.2661888,43.7177537],[7.2659903,43.7174001],[7.2658359,43.717109],[7.2657687,43.7169183],[7.2657556,43.7167168],[7.2657542,43.7165274],[7.2657597,43.7163977],[7.2657643,43.7162871],[7.26583,43.7160757],[7.2659001,43.7159211],[7.2659877,43.7157855]]},"id":"way/836239614"},{"type":"Feature","properties":{"highway":"service","access":"private","layer":"-1","service":"driveway","tunnel":"yes","source":"OpenStreetMap supplied extract"},"geometry":{"type":"LineString","coordinates":[[7.2663598,43.7171196],[7.2663483,43.7171656]]},"id":"way/836239615"},{"type":"Feature","properties":{"highway":"footway","source":"OpenStreetMap supplied extract"},"geometry":{"type":"LineString","coordinates":[[7.2666781,43.7173848],[7.2666115,43.717397]]},"id":"way/836239616"},{"type":"Feature","properties":{"highway":"footway","source":"OpenStreetMap supplied extract"},"geometry":{"type":"LineString","coordinates":[[7.2666781,43.7173848],[7.2667519,43.7174948],[7.2668575,43.717598],[7.2669993,43.7176765],[7.2671643,43.717726]]},"id":"way/836239617"},{"type":"Feature","properties":{"highway":"steps","incline":"up","source":"OpenStreetMap supplied extract"},"geometry":{"type":"LineString","coordinates":[[7.2671643,43.717726],[7.2672302,43.7176933]]},"id":"way/836239618"},{"type":"Feature","properties":{"highway":"footway","source":"OpenStreetMap supplied extract"},"geometry":{"type":"LineString","coordinates":[[7.2667519,43.7174948],[7.2669533,43.7174081]]},"id":"way/836239619"},{"type":"Feature","properties":{"highway":"footway","crossing":"marked","footway":"crossing","source":"OpenStreetMap supplied extract"},"geometry":{"type":"LineString","coordinates":[[7.2666162,43.7167034],[7.2666056,43.71674]]},"id":"way/836239620"},{"type":"Feature","properties":{"highway":"steps","incline":"up","source":"OpenStreetMap supplied extract"},"geometry":{"type":"LineString","coordinates":[[7.2666315,43.716744],[7.2666988,43.7167543]]},"id":"way/836239621"},{"type":"Feature","properties":{"highway":"steps","incline":"up","source":"OpenStreetMap supplied extract"},"geometry":{"type":"LineString","coordinates":[[7.2666217,43.7167604],[7.2666942,43.7167718]]},"id":"way/836239622"},{"type":"Feature","properties":{"highway":"steps","incline":"up","source":"OpenStreetMap supplied extract"},"geometry":{"type":"LineString","coordinates":[[7.2665516,43.7167318],[7.2664804,43.7167209]]},"id":"way/836239623"},{"type":"Feature","properties":{"highway":"steps","incline":"up","source":"OpenStreetMap supplied extract"},"geometry":{"type":"LineString","coordinates":[[7.2664752,43.7167376],[7.2665476,43.7167488]]},"id":"way/836239624"},{"type":"Feature","properties":{"highway":"footway","source":"OpenStreetMap supplied extract"},"geometry":{"type":"LineString","coordinates":[[7.2665476,43.7167488],[7.2665748,43.7167531],[7.2666217,43.7167604]]},"id":"way/836239625"},{"type":"Feature","properties":{"highway":"footway","source":"OpenStreetMap supplied extract"},"geometry":{"type":"LineString","coordinates":[[7.2665708,43.7167695],[7.2665748,43.7167531]]},"id":"way/836239626"},{"type":"Feature","properties":{"highway":"footway","source":"OpenStreetMap supplied extract"},"geometry":{"type":"LineString","coordinates":[[7.2664804,43.7167209],[7.2664752,43.7167376]]},"id":"way/836239627"},{"type":"Feature","properties":{"highway":"footway","source":"OpenStreetMap supplied extract"},"geometry":{"type":"LineString","coordinates":[[7.2666988,43.7167543],[7.2666942,43.7167718]]},"id":"way/836239628"},{"type":"Feature","properties":{"highway":"footway","source":"OpenStreetMap supplied extract"},"geometry":{"type":"LineString","coordinates":[[7.2665516,43.7167318],[7.2666056,43.71674],[7.2666315,43.716744]]},"id":"way/836239629"},{"type":"Feature","properties":{"highway":"steps","incline":"up","source":"OpenStreetMap supplied extract"},"geometry":{"type":"LineString","coordinates":[[7.2668641,43.716673],[7.2666295,43.716651]]},"id":"way/836239630"},{"type":"Feature","properties":{"highway":"steps","incline":"up","source":"OpenStreetMap supplied extract"},"geometry":{"type":"LineString","coordinates":[[7.2665765,43.7164866],[7.2666073,43.7163693]]},"id":"way/836239631"},{"type":"Feature","properties":{"highway":"footway","source":"OpenStreetMap supplied extract"},"geometry":{"type":"LineString","coordinates":[[7.2667824,43.7165017],[7.2667074,43.7165453],[7.2666266,43.7165337],[7.2665765,43.7164866]]},"id":"way/836239632"},{"type":"Feature","properties":{"highway":"footway","source":"OpenStreetMap supplied extract"},"geometry":{"type":"LineString","coordinates":[[7.2665765,43.7164866],[7.2665523,43.716514],[7.2664993,43.716535],[7.2664938,43.7165677],[7.2665424,43.7165963],[7.2666203,43.7166094],[7.2666912,43.7166154],[7.2667537,43.7166139],[7.2668017,43.7166048],[7.2668443,43.716569]]},"id":"way/836239633"},{"type":"Feature","properties":{"highway":"steps","incline":"down","source":"OpenStreetMap supplied extract"},"geometry":{"type":"LineString","coordinates":[[7.2670422,43.716767],[7.2670753,43.7167339]]},"id":"way/836239634"},{"type":"Feature","properties":{"highway":"footway","source":"OpenStreetMap supplied extract"},"geometry":{"type":"LineString","coordinates":[[7.2670757,43.7166764],[7.2670578,43.7167067],[7.2670753,43.7167339],[7.2671121,43.7167405],[7.2671545,43.7167299]]},"id":"way/836239635"},{"type":"Feature","properties":{"highway":"footway","surface":"gravel","source":"OpenStreetMap supplied extract"},"geometry":{"type":"LineString","coordinates":[[7.2683424,43.7173787],[7.268367,43.717372],[7.2683934,43.7173712],[7.2684187,43.7173766],[7.2684403,43.7173875],[7.268456,43.7174028],[7.2684641,43.717421],[7.2684636,43.7174409],[7.268454,43.7174595],[7.2684364,43.7174748],[7.2684128,43.717485],[7.2683858,43.7174889],[7.2683586,43.7174862],[7.2683341,43.7174771],[7.2683152,43.7174626],[7.2683041,43.7174444],[7.2683018,43.7174255],[7.268308,43.7174069],[7.268322,43.7173908],[7.2683424,43.7173787]]},"id":"way/836239636"},{"type":"Feature","properties":{"highway":"footway","surface":"gravel","source":"OpenStreetMap supplied extract"},"geometry":{"type":"LineString","coordinates":[[7.2684128,43.717485],[7.2685634,43.7174265],[7.2686675,43.7174769]]},"id":"way/836239637"},{"type":"Feature","properties":{"highway":"service","access":"private","layer":"-1","service":"driveway","tunnel":"yes","source":"OpenStreetMap supplied extract"},"geometry":{"type":"LineString","coordinates":[[7.2683484,43.7163133],[7.2684641,43.7164215]]},"id":"way/836239638"},{"type":"Feature","properties":{"highway":"service","access":"private","service":"driveway","source":"OpenStreetMap supplied extract"},"geometry":{"type":"LineString","coordinates":[[7.2684641,43.7164215],[7.2685028,43.7164576],[7.2685868,43.7166498],[7.2686298,43.7167534],[7.2686947,43.7169149],[7.2687206,43.7169843],[7.2688156,43.7172537],[7.2688876,43.7173492],[7.2689861,43.7174554],[7.2691229,43.7175599],[7.2692118,43.7176643],[7.2692306,43.7177591],[7.2690134,43.7179229],[7.2687705,43.7179],[7.2684695,43.7178192],[7.2683401,43.7177805],[7.2678973,43.7174285],[7.2678572,43.7173899],[7.2678261,43.7172865]]},"id":"way/836239639"},{"type":"Feature","properties":{"highway":"footway","source":"OpenStreetMap supplied extract"},"geometry":{"type":"LineString","coordinates":[[7.268812,43.7170337],[7.2688887,43.7171376]]},"id":"way/836239640"},{"type":"Feature","properties":{"highway":"service","access":"private","source":"OpenStreetMap supplied extract"},"geometry":{"type":"LineString","coordinates":[[7.2692848,43.7165488],[7.2691674,43.7165711],[7.2691163,43.7166092],[7.2691032,43.7166326],[7.2691072,43.7166884]]},"id":"way/836239641"},{"type":"Feature","properties":{"highway":"footway","source":"OpenStreetMap supplied extract"},"geometry":{"type":"LineString","coordinates":[[7.268579,43.7175713],[7.2686057,43.7175922],[7.2683401,43.7177805]]},"id":"way/836239642"},{"type":"Feature","properties":{"highway":"footway","layer":"-1","surface":"concrete","tunnel":"yes","source":"OpenStreetMap supplied extract"},"geometry":{"type":"LineString","coordinates":[[7.2686675,43.7174769],[7.2685522,43.7175503],[7.268579,43.7175713]]},"id":"way/836239643"},{"type":"Feature","properties":{"highway":"footway","source":"OpenStreetMap supplied extract"},"geometry":{"type":"LineString","coordinates":[[7.2685131,43.7172675],[7.268541,43.7172404],[7.2686118,43.7172537],[7.2686365,43.7172916],[7.2687012,43.7173584],[7.2687998,43.7173896],[7.2688876,43.7173492]]},"id":"way/836239644"},{"type":"Feature","properties":{"highway":"footway","layer":"-1","tunnel":"yes","source":"OpenStreetMap supplied extract"},"geometry":{"type":"LineString","coordinates":[[7.2684909,43.7172872],[7.2685131,43.7172675]]},"id":"way/836239645"},{"type":"Feature","properties":{"highway":"service","access":"private","source":"OpenStreetMap supplied extract"},"geometry":{"type":"LineString","coordinates":[[7.2652258,43.7186908],[7.2651628,43.7186675],[7.2651131,43.7186345],[7.2650447,43.71859],[7.2649978,43.7185502],[7.2649442,43.7185405],[7.2648567,43.7185671]]},"id":"way/845358526"},{"type":"Feature","properties":{"highway":"service","access":"permit","service":"parking_aisle","surface":"asphalt","source":"OpenStreetMap supplied extract"},"geometry":{"type":"LineString","coordinates":[[7.2653126,43.7158289],[7.2653122,43.7158937],[7.2652463,43.7158935],[7.2652438,43.7162577],[7.2654739,43.7162585],[7.2654764,43.7158943],[7.2653122,43.7158937]]},"id":"way/882405956"},{"type":"Feature","properties":{"highway":"footway","source":"OpenStreetMap supplied extract"},"geometry":{"type":"LineString","coordinates":[[7.2657082,43.7171897],[7.2656322,43.7172081],[7.2652954,43.7173026]]},"id":"way/882405957"},{"type":"Feature","properties":{"highway":"footway","source":"OpenStreetMap supplied extract"},"geometry":{"type":"LineString","coordinates":[[7.2653598,43.7174142],[7.2648,43.7175879]]},"id":"way/882405958"},{"type":"Feature","properties":{"highway":"steps","incline":"up","source":"OpenStreetMap supplied extract"},"geometry":{"type":"LineString","coordinates":[[7.2652954,43.7173026],[7.2653598,43.7174142]]},"id":"way/882405959"},{"type":"Feature","properties":{"highway":"service","access":"private","service":"parking_aisle","source":"OpenStreetMap supplied extract"},"geometry":{"type":"LineString","coordinates":[[7.2677937,43.7188279],[7.2677018,43.7187369],[7.2676608,43.7187232],[7.2674746,43.7185083]]},"id":"way/910947535"},{"type":"Feature","properties":{"highway":"service","access":"private","service":"parking_aisle","source":"OpenStreetMap supplied extract"},"geometry":{"type":"LineString","coordinates":[[7.2679426,43.7188286],[7.2678217,43.7187073],[7.2677018,43.7187369]]},"id":"way/910947536"},{"type":"Feature","properties":{"highway":"footway","surface":"ground","source":"OpenStreetMap supplied extract"},"geometry":{"type":"LineString","coordinates":[[7.2668471,43.7159157],[7.2668351,43.7159497]]},"id":"way/910947537"},{"type":"Feature","properties":{"highway":"service","access":"private","maxheight":"2.5","maxspeed":"20","service":"driveway","source":"OpenStreetMap supplied extract"},"geometry":{"type":"LineString","coordinates":[[7.2701747,43.7191572],[7.2702493,43.7192727],[7.2703197,43.7193221],[7.2707419,43.7193544],[7.2708336,43.7193313],[7.2709104,43.7192866],[7.2709871,43.7189969],[7.270985,43.718909],[7.2709135,43.718425]]},"id":"way/1006731479"},{"type":"Feature","properties":{"highway":"service","access":"private","source":"OpenStreetMap supplied extract"},"geometry":{"type":"LineString","coordinates":[[7.2700944,43.7172771],[7.2701072,43.7173787],[7.2701474,43.7176974],[7.2701916,43.7177321],[7.2703801,43.7177348]]},"id":"way/1006731480"},{"type":"Feature","properties":{"highway":"service","access":"private","cycleway:both":"no","source":"OpenStreetMap supplied extract"},"geometry":{"type":"LineString","coordinates":[[7.2681678,43.7193958],[7.2682233,43.7194297],[7.268336,43.7194984],[7.2683998,43.7195142],[7.2684549,43.7195147],[7.2684808,43.7194849],[7.268473,43.7194477],[7.2679669,43.719002],[7.2679528,43.7189569],[7.2679871,43.7189153],[7.2680369,43.7189007],[7.2680992,43.7189085],[7.2684481,43.719181],[7.2685252,43.7192164],[7.2686148,43.7192406],[7.2687238,43.719256],[7.2689123,43.7192395],[7.269026,43.7191888]]},"id":"way/1006731481"},{"type":"Feature","properties":{"highway":"service","service":"parking_aisle","source":"OpenStreetMap supplied extract"},"geometry":{"type":"LineString","coordinates":[[7.2648753,43.7191968],[7.2652364,43.7190438]]},"id":"way/1065666189"},{"type":"Feature","properties":{"natural":"tree","source":"Procedural decoration"},"geometry":{"type":"Point","coordinates":[7.2674796,43.7169165]}},{"type":"Feature","properties":{"natural":"tree","source":"Procedural decoration"},"geometry":{"type":"Point","coordinates":[7.2696539,43.7185542]}},{"type":"Feature","properties":{"natural":"tree","source":"Procedural decoration"},"geometry":{"type":"Point","coordinates":[7.2677581,43.7182228]}},{"type":"Feature","properties":{"natural":"tree","source":"Procedural decoration"},"geometry":{"type":"Point","coordinates":[7.2687517,43.7162843]}},{"type":"Feature","properties":{"natural":"tree","source":"Procedural decoration"},"geometry":{"type":"Point","coordinates":[7.2682374,43.7187128]}},{"type":"Feature","properties":{"natural":"tree","source":"Procedural decoration"},"geometry":{"type":"Point","coordinates":[7.2681472,43.7170218]}},{"type":"Feature","properties":{"natural":"tree","source":"Procedural decoration"},"geometry":{"type":"Point","coordinates":[7.26876,43.718143]}},{"type":"Feature","properties":{"natural":"tree","source":"Procedural decoration"},"geometry":{"type":"Point","coordinates":[7.2665139,43.7172124]}},{"type":"Feature","properties":{"natural":"tree","source":"Procedural decoration"},"geometry":{"type":"Point","coordinates":[7.2669327,43.7174667]}},{"type":"Feature","properties":{"natural":"tree","source":"Procedural decoration"},"geometry":{"type":"Point","coordinates":[7.2676621,43.7187012]}},{"type":"Feature","properties":{"natural":"tree","source":"Procedural decoration"},"geometry":{"type":"Point","coordinates":[7.2675846,43.7155582]}},{"type":"Feature","properties":{"natural":"tree","source":"Procedural decoration"},"geometry":{"type":"Point","coordinates":[7.2678709,43.7188386]}},{"type":"Feature","properties":{"natural":"tree","source":"Procedural decoration"},"geometry":{"type":"Point","coordinates":[7.2687455,43.7177101]}},{"type":"Feature","properties":{"natural":"tree","source":"Procedural decoration"},"geometry":{"type":"Point","coordinates":[7.2695543,43.717447]}},{"type":"Feature","properties":{"natural":"tree","source":"Procedural decoration"},"geometry":{"type":"Point","coordinates":[7.2693607,43.7162373]}},{"type":"Feature","properties":{"natural":"tree","source":"Procedural decoration"},"geometry":{"type":"Point","coordinates":[7.2672212,43.718008]}},{"type":"Feature","properties":{"natural":"tree","source":"Procedural decoration"},"geometry":{"type":"Point","coordinates":[7.2665783,43.7161902]}},{"type":"Feature","properties":{"natural":"tree","source":"Procedural decoration"},"geometry":{"type":"Point","coordinates":[7.267655,43.7179769]}},{"type":"Feature","properties":{"natural":"tree","source":"Procedural decoration"},"geometry":{"type":"Point","coordinates":[7.2671954,43.7176471]}},{"type":"Feature","properties":{"natural":"tree","source":"Procedural decoration"},"geometry":{"type":"Point","coordinates":[7.2683776,43.715943]}},{"type":"Feature","properties":{"natural":"tree","source":"Procedural decoration"},"geometry":{"type":"Point","coordinates":[7.2659608,43.7149273]}},{"type":"Feature","properties":{"natural":"tree","source":"Procedural decoration"},"geometry":{"type":"Point","coordinates":[7.2665465,43.7151976]}},{"type":"Feature","properties":{"natural":"tree","source":"Procedural decoration"},"geometry":{"type":"Point","coordinates":[7.2690379,43.7167457]}},{"type":"Feature","properties":{"natural":"tree","source":"Procedural decoration"},"geometry":{"type":"Point","coordinates":[7.2659812,43.7168343]}},{"type":"Feature","properties":{"natural":"tree","source":"Procedural decoration"},"geometry":{"type":"Point","coordinates":[7.269467,43.7183244]}},{"type":"Feature","properties":{"natural":"tree","source":"Procedural decoration"},"geometry":{"type":"Point","coordinates":[7.2693094,43.7180889]}},{"type":"Feature","properties":{"natural":"tree","source":"Procedural decoration"},"geometry":{"type":"Point","coordinates":[7.2670227,43.7166187]}},{"type":"Feature","properties":{"natural":"tree","source":"Procedural decoration"},"geometry":{"type":"Point","coordinates":[7.267554,43.7174399]}},{"type":"Feature","properties":{"natural":"tree","source":"Procedural decoration"},"geometry":{"type":"Point","coordinates":[7.2668285,43.7155222]}},{"type":"Feature","properties":{"natural":"tree","source":"Procedural decoration"},"geometry":{"type":"Point","coordinates":[7.2676692,43.7166618]}},{"type":"Feature","properties":{"natural":"tree","source":"Procedural decoration"},"geometry":{"type":"Point","coordinates":[7.2668141,43.7147686]}},{"type":"Feature","properties":{"natural":"tree","source":"Procedural decoration"},"geometry":{"type":"Point","coordinates":[7.2673297,43.7155592]}},{"type":"Feature","properties":{"natural":"tree","source":"Procedural decoration"},"geometry":{"type":"Point","coordinates":[7.2661948,43.7149653]}},{"type":"Feature","properties":{"natural":"tree","source":"Procedural decoration"},"geometry":{"type":"Point","coordinates":[7.2682338,43.7172262]}},{"type":"Feature","properties":{"natural":"tree","source":"Procedural decoration"},"geometry":{"type":"Point","coordinates":[7.2671477,43.7173197]}},{"type":"Feature","properties":{"natural":"tree","source":"Procedural decoration"},"geometry":{"type":"Point","coordinates":[7.2670874,43.7163971]}},{"type":"Feature","properties":{"natural":"tree","source":"Procedural decoration"},"geometry":{"type":"Point","coordinates":[7.2697999,43.7161989]}},{"type":"Feature","properties":{"natural":"tree","source":"Procedural decoration"},"geometry":{"type":"Point","coordinates":[7.2673562,43.7184623]}},{"type":"Feature","properties":{"natural":"tree","source":"Procedural decoration"},"geometry":{"type":"Point","coordinates":[7.2696293,43.7171896]}},{"type":"Feature","properties":{"natural":"tree","source":"Procedural decoration"},"geometry":{"type":"Point","coordinates":[7.2691292,43.7157605]}},{"type":"Feature","properties":{"natural":"tree","source":"Procedural decoration"},"geometry":{"type":"Point","coordinates":[7.2683028,43.7179605]}},{"type":"Feature","properties":{"natural":"tree","source":"Procedural decoration"},"geometry":{"type":"Point","coordinates":[7.2695512,43.7181945]}},{"type":"Feature","properties":{"natural":"tree","source":"Procedural decoration"},"geometry":{"type":"Point","coordinates":[7.2698255,43.7183795]}},{"type":"Feature","properties":{"natural":"tree","source":"Procedural decoration"},"geometry":{"type":"Point","coordinates":[7.2675593,43.7188369]}},{"type":"Feature","properties":{"natural":"tree","source":"Procedural decoration"},"geometry":{"type":"Point","coordinates":[7.2656599,43.7150995]}},{"type":"Feature","properties":{"natural":"tree","source":"Procedural decoration"},"geometry":{"type":"Point","coordinates":[7.26685,43.7181605]}},{"type":"Feature","properties":{"natural":"tree","source":"Procedural decoration"},"geometry":{"type":"Point","coordinates":[7.2685131,43.71836]}},{"type":"Feature","properties":{"natural":"tree","source":"Procedural decoration"},"geometry":{"type":"Point","coordinates":[7.2678373,43.7176202]}},{"type":"Feature","properties":{"natural":"tree","source":"Procedural decoration"},"geometry":{"type":"Point","coordinates":[7.2668543,43.7152966]}},{"type":"Feature","properties":{"natural":"tree","source":"Procedural decoration"},"geometry":{"type":"Point","coordinates":[7.2698307,43.7173909]}},{"type":"Feature","properties":{"natural":"tree","source":"Procedural decoration"},"geometry":{"type":"Point","coordinates":[7.2680934,43.7178333]}},{"type":"Feature","properties":{"natural":"tree","source":"Procedural decoration"},"geometry":{"type":"Point","coordinates":[7.266049,43.7147828]}},{"type":"Feature","properties":{"natural":"tree","source":"Procedural decoration"},"geometry":{"type":"Point","coordinates":[7.2677558,43.717048]}},{"type":"Feature","properties":{"natural":"tree","source":"Procedural decoration"},"geometry":{"type":"Point","coordinates":[7.2661696,43.715658]}},{"type":"Feature","properties":{"natural":"tree","source":"Procedural decoration"},"geometry":{"type":"Point","coordinates":[7.2667032,43.7149947]}},{"type":"Feature","properties":{"natural":"tree","source":"Procedural decoration"},"geometry":{"type":"Point","coordinates":[7.2673463,43.7177356]}},{"type":"Feature","properties":{"natural":"tree","source":"Procedural decoration"},"geometry":{"type":"Point","coordinates":[7.2660947,43.7151089]}},{"type":"Feature","properties":{"natural":"tree","source":"Procedural decoration"},"geometry":{"type":"Point","coordinates":[7.2679124,43.718111]}},{"type":"Feature","properties":{"natural":"tree","source":"Procedural decoration"},"geometry":{"type":"Point","coordinates":[7.265914,43.7155049]}},{"type":"Feature","properties":{"natural":"tree","source":"Procedural decoration"},"geometry":{"type":"Point","coordinates":[7.2683517,43.7168672]}},{"type":"Feature","properties":{"natural":"tree","source":"Procedural decoration"},"geometry":{"type":"Point","coordinates":[7.2690623,43.7170016]}},{"type":"Feature","properties":{"natural":"tree","source":"Procedural decoration"},"geometry":{"type":"Point","coordinates":[7.269312,43.7173806]}},{"type":"Feature","properties":{"natural":"tree","source":"Procedural decoration"},"geometry":{"type":"Point","coordinates":[7.2661422,43.7163693]}},{"type":"Feature","properties":{"natural":"tree","source":"Procedural decoration"},"geometry":{"type":"Point","coordinates":[7.2663839,43.7155698]}},{"type":"Feature","properties":{"natural":"tree","source":"Procedural decoration"},"geometry":{"type":"Point","coordinates":[7.2693672,43.7175605]}},{"type":"Feature","properties":{"natural":"tree","source":"Procedural decoration"},"geometry":{"type":"Point","coordinates":[7.2674871,43.7166235]}},{"type":"Feature","properties":{"natural":"tree","source":"Procedural decoration"},"geometry":{"type":"Point","coordinates":[7.2692079,43.7182386]}},{"type":"Feature","properties":{"natural":"tree","source":"Procedural decoration"},"geometry":{"type":"Point","coordinates":[7.2666949,43.7172451]}},{"type":"Feature","properties":{"natural":"tree","source":"Procedural decoration"},"geometry":{"type":"Point","coordinates":[7.2686157,43.7172003]}},{"type":"Feature","properties":{"natural":"tree","source":"Procedural decoration"},"geometry":{"type":"Point","coordinates":[7.267317,43.7164093]}},{"type":"Feature","properties":{"natural":"tree","source":"Procedural decoration"},"geometry":{"type":"Point","coordinates":[7.2670901,43.7157512]}},{"type":"Feature","properties":{"natural":"tree","source":"Procedural decoration"},"geometry":{"type":"Point","coordinates":[7.2700231,43.7176235]}},{"type":"Feature","properties":{"natural":"tree","source":"Procedural decoration"},"geometry":{"type":"Point","coordinates":[7.2682192,43.7165522]}},{"type":"Feature","properties":{"natural":"tree","source":"Procedural decoration"},"geometry":{"type":"Point","coordinates":[7.2698417,43.716343]}},{"type":"Feature","properties":{"natural":"tree","source":"Procedural decoration"},"geometry":{"type":"Point","coordinates":[7.2685373,43.7169919]}},{"type":"Feature","properties":{"natural":"tree","source":"Procedural decoration"},"geometry":{"type":"Point","coordinates":[7.2660126,43.7166359]}},{"type":"Feature","properties":{"natural":"tree","source":"Procedural decoration"},"geometry":{"type":"Point","coordinates":[7.2690514,43.7163744]}},{"type":"Feature","properties":{"natural":"tree","source":"Procedural decoration"},"geometry":{"type":"Point","coordinates":[7.2687622,43.7154522]}},{"type":"Feature","properties":{"natural":"tree","source":"Procedural decoration"},"geometry":{"type":"Point","coordinates":[7.2699121,43.7165303]}},{"type":"Feature","properties":{"natural":"tree","source":"Procedural decoration"},"geometry":{"type":"Point","coordinates":[7.2678746,43.7160583]}},{"type":"Feature","properties":{"natural":"tree","source":"Procedural decoration"},"geometry":{"type":"Point","coordinates":[7.2669928,43.715612]}},{"type":"Feature","properties":{"natural":"tree","source":"Procedural decoration"},"geometry":{"type":"Point","coordinates":[7.2686256,43.715917]}},{"type":"Feature","properties":{"natural":"tree","source":"Procedural decoration"},"geometry":{"type":"Point","coordinates":[7.2664448,43.7160592]}},{"type":"Feature","properties":{"natural":"tree","source":"Procedural decoration"},"geometry":{"type":"Point","coordinates":[7.268842,43.7165843]}},{"type":"Feature","properties":{"natural":"tree","source":"Procedural decoration"},"geometry":{"type":"Point","coordinates":[7.2660196,43.7169708]}},{"type":"Feature","properties":{"natural":"tree","source":"Procedural decoration"},"geometry":{"type":"Point","coordinates":[7.2668483,43.7151158]}},{"type":"Feature","properties":{"natural":"tree","source":"Procedural decoration"},"geometry":{"type":"Point","coordinates":[7.2667866,43.7173782]}},{"type":"Feature","properties":{"natural":"tree","source":"Procedural decoration"},"geometry":{"type":"Point","coordinates":[7.2687277,43.7164482]}},{"type":"Feature","properties":{"natural":"tree","source":"Procedural decoration"},"geometry":{"type":"Point","coordinates":[7.2663415,43.7148056]}},{"type":"Feature","properties":{"natural":"tree","source":"Procedural decoration"},"geometry":{"type":"Point","coordinates":[7.2694729,43.7164134]}},{"type":"Feature","properties":{"natural":"tree","source":"Procedural decoration"},"geometry":{"type":"Point","coordinates":[7.2686133,43.7180594]}},{"type":"Feature","properties":{"natural":"tree","source":"Procedural decoration"},"geometry":{"type":"Point","coordinates":[7.2662954,43.7150819]}},{"type":"Feature","properties":{"natural":"tree","source":"Procedural decoration"},"geometry":{"type":"Point","coordinates":[7.2667296,43.7169996]}},{"type":"Feature","properties":{"natural":"tree","source":"Procedural decoration"},"geometry":{"type":"Point","coordinates":[7.2667757,43.7164764]}},{"type":"Feature","properties":{"natural":"tree","source":"Procedural decoration"},"geometry":{"type":"Point","coordinates":[7.2657924,43.7148536]}},{"type":"Feature","properties":{"natural":"tree","source":"Procedural decoration"},"geometry":{"type":"Point","coordinates":[7.2689835,43.7181819]}},{"type":"Feature","properties":{"natural":"tree","source":"Procedural decoration"},"geometry":{"type":"Point","coordinates":[7.2662726,43.7160051]}},{"type":"Feature","properties":{"natural":"tree","source":"Procedural decoration"},"geometry":{"type":"Point","coordinates":[7.2673578,43.7174178]}},{"type":"Feature","properties":{"natural":"tree","source":"Procedural decoration"},"geometry":{"type":"Point","coordinates":[7.2687161,43.7161496]}},{"type":"Feature","properties":{"natural":"tree","source":"Procedural decoration"},"geometry":{"type":"Point","coordinates":[7.266845,43.715763]}},{"type":"Feature","properties":{"natural":"tree","source":"Procedural decoration"},"geometry":{"type":"Point","coordinates":[7.2677158,43.7164616]}},{"type":"Feature","properties":{"natural":"tree","source":"Procedural decoration"},"geometry":{"type":"Point","coordinates":[7.2664301,43.7164872]}},{"type":"Feature","properties":{"natural":"tree","source":"Procedural decoration"},"geometry":{"type":"Point","coordinates":[7.2672102,43.7162557]}},{"type":"Feature","properties":{"natural":"tree","source":"Procedural decoration"},"geometry":{"type":"Point","coordinates":[7.2688101,43.7157216]}},{"type":"Feature","properties":{"natural":"tree","source":"Procedural decoration"},"geometry":{"type":"Point","coordinates":[7.2659084,43.7152931]}},{"type":"Feature","properties":{"natural":"tree","source":"Procedural decoration"},"geometry":{"type":"Point","coordinates":[7.2671353,43.7178723]}},{"type":"Feature","properties":{"natural":"tree","source":"Procedural decoration"},"geometry":{"type":"Point","coordinates":[7.2679005,43.7165587]}},{"type":"Feature","properties":{"natural":"tree","source":"Procedural decoration"},"geometry":{"type":"Point","coordinates":[7.2679988,43.7167906]}},{"type":"Feature","properties":{"natural":"tree","source":"Procedural decoration"},"geometry":{"type":"Point","coordinates":[7.266936,43.7161539]}},{"type":"Feature","properties":{"natural":"tree","source":"Procedural decoration"},"geometry":{"type":"Point","coordinates":[7.2695915,43.716631]}},{"type":"Feature","properties":{"natural":"tree","source":"Procedural decoration"},"geometry":{"type":"Point","coordinates":[7.2680422,43.7171424]}},{"type":"Feature","properties":{"natural":"tree","source":"Procedural decoration"},"geometry":{"type":"Point","coordinates":[7.2691207,43.7183874]}},{"type":"Feature","properties":{"natural":"tree","source":"Procedural decoration"},"geometry":{"type":"Point","coordinates":[7.269293,43.7171852]}},{"type":"Feature","properties":{"natural":"tree","source":"Procedural decoration"},"geometry":{"type":"Point","coordinates":[7.267376,43.7172085]}},{"type":"Feature","properties":{"natural":"tree","source":"Procedural decoration"},"geometry":{"type":"Point","coordinates":[7.2666345,43.7165662]}},{"type":"Feature","properties":{"natural":"tree","source":"Procedural decoration"},"geometry":{"type":"Point","coordinates":[7.2684194,43.7185194]}},{"type":"Feature","properties":{"natural":"tree","source":"Procedural decoration"},"geometry":{"type":"Point","coordinates":[7.2671913,43.7154537]}},{"type":"Feature","properties":{"natural":"tree","source":"Procedural decoration"},"geometry":{"type":"Point","coordinates":[7.2698721,43.7177734]}},{"type":"Feature","properties":{"natural":"tree","source":"Procedural decoration"},"geometry":{"type":"Point","coordinates":[7.2679413,43.7177364]}},{"type":"Feature","properties":{"natural":"tree","source":"Procedural decoration"},"geometry":{"type":"Point","coordinates":[7.269601,43.7160564]}},{"type":"Feature","properties":{"natural":"tree","source":"Procedural decoration"},"geometry":{"type":"Point","coordinates":[7.269359,43.7184994]}},{"type":"Feature","properties":{"natural":"tree","source":"Procedural decoration"},"geometry":{"type":"Point","coordinates":[7.267969,43.7163315]}},{"type":"Feature","properties":{"natural":"tree","source":"Procedural decoration"},"geometry":{"type":"Point","coordinates":[7.266566,43.7154667]}},{"type":"Feature","properties":{"natural":"tree","source":"Procedural decoration"},"geometry":{"type":"Point","coordinates":[7.2683965,43.7174204]}},{"type":"Feature","properties":{"natural":"tree","source":"Procedural decoration"},"geometry":{"type":"Point","coordinates":[7.2690881,43.7161374]}},{"type":"Feature","properties":{"natural":"tree","source":"Procedural decoration"},"geometry":{"type":"Point","coordinates":[7.2677425,43.7189787]}},{"type":"Feature","properties":{"natural":"tree","source":"Procedural decoration"},"geometry":{"type":"Point","coordinates":[7.267238,43.7171059]}},{"type":"Feature","properties":{"natural":"tree","source":"Procedural decoration"},"geometry":{"type":"Point","coordinates":[7.2697207,43.7178795]}},{"type":"Feature","properties":{"natural":"tree","source":"Procedural decoration"},"geometry":{"type":"Point","coordinates":[7.2665628,43.7170755]}},{"type":"Feature","properties":{"natural":"tree","source":"Procedural decoration"},"geometry":{"type":"Point","coordinates":[7.2674816,43.7164737]}},{"type":"Feature","properties":{"natural":"tree","source":"Procedural decoration"},"geometry":{"type":"Point","coordinates":[7.2663948,43.7152764]}},{"type":"Feature","properties":{"natural":"tree","source":"Procedural decoration"},"geometry":{"type":"Point","coordinates":[7.2698142,43.7186455]}},{"type":"Feature","properties":{"natural":"tree","source":"Procedural decoration"},"geometry":{"type":"Point","coordinates":[7.2669316,43.7176797]}},{"type":"Feature","properties":{"natural":"tree","source":"Procedural decoration"},"geometry":{"type":"Point","coordinates":[7.2656616,43.7152784]}},{"type":"Feature","properties":{"natural":"tree","source":"Procedural decoration"},"geometry":{"type":"Point","coordinates":[7.2690942,43.718049]}},{"type":"Feature","properties":{"natural":"tree","source":"Procedural decoration"},"geometry":{"type":"Point","coordinates":[7.2684176,43.7161008]}},{"type":"Feature","properties":{"natural":"tree","source":"Procedural decoration"},"geometry":{"type":"Point","coordinates":[7.2669989,43.7169545]}},{"type":"Feature","properties":{"natural":"tree","source":"Procedural decoration"},"geometry":{"type":"Point","coordinates":[7.2679544,43.7161937]}},{"type":"Feature","properties":{"natural":"tree","source":"Procedural decoration"},"geometry":{"type":"Point","coordinates":[7.2665436,43.714893]}},{"type":"Feature","properties":{"natural":"tree","source":"Procedural decoration"},"geometry":{"type":"Point","coordinates":[7.2697855,43.7160167]}},{"type":"Feature","properties":{"natural":"tree","source":"Procedural decoration"},"geometry":{"type":"Point","coordinates":[7.2685555,43.7175472]}},{"type":"Feature","properties":{"natural":"tree","source":"Procedural decoration"},"geometry":{"type":"Point","coordinates":[7.2676287,43.7168163]}},{"type":"Feature","properties":{"natural":"tree","source":"Procedural decoration"},"geometry":{"type":"Point","coordinates":[7.2669667,43.717996]}},{"type":"Feature","properties":{"natural":"tree","source":"Procedural decoration"},"geometry":{"type":"Point","coordinates":[7.2695688,43.7176277]}},{"type":"Feature","properties":{"natural":"tree","source":"Procedural decoration"},"geometry":{"type":"Point","coordinates":[7.2663741,43.7162611]}},{"type":"Feature","properties":{"natural":"tree","source":"Procedural decoration"},"geometry":{"type":"Point","coordinates":[7.2694726,43.7186123]}},{"type":"Feature","properties":{"natural":"tree","source":"Procedural decoration"},"geometry":{"type":"Point","coordinates":[7.2675388,43.7185152]}},{"type":"Feature","properties":{"natural":"tree","source":"Procedural decoration"},"geometry":{"type":"Point","coordinates":[7.2674192,43.7186396]}},{"type":"Feature","properties":{"natural":"tree","source":"Procedural decoration"},"geometry":{"type":"Point","coordinates":[7.2669563,43.7183477]}},{"type":"Feature","properties":{"natural":"tree","source":"Procedural decoration"},"geometry":{"type":"Point","coordinates":[7.2697751,43.7175543]}},{"type":"Feature","properties":{"natural":"tree","source":"Procedural decoration"},"geometry":{"type":"Point","coordinates":[7.2687652,43.7183685]}},{"type":"Feature","properties":{"natural":"tree","source":"Procedural decoration"},"geometry":{"type":"Point","coordinates":[7.267251,43.7166012]}},{"type":"Feature","properties":{"natural":"tree","source":"Procedural decoration"},"geometry":{"type":"Point","coordinates":[7.2693912,43.7170378]}},{"type":"Feature","properties":{"natural":"tree","source":"Procedural decoration"},"geometry":{"type":"Point","coordinates":[7.2693606,43.7166171]}},{"type":"Feature","properties":{"natural":"tree","source":"Procedural decoration"},"geometry":{"type":"Point","coordinates":[7.2681265,43.7180628]}},{"type":"Feature","properties":{"natural":"tree","source":"Procedural decoration"},"geometry":{"type":"Point","coordinates":[7.269156,43.7165276]}},{"type":"Feature","properties":{"natural":"tree","source":"Procedural decoration"},"geometry":{"type":"Point","coordinates":[7.2679602,43.7183382]}},{"type":"Feature","properties":{"natural":"tree","source":"Procedural decoration"},"geometry":{"type":"Point","coordinates":[7.2667477,43.7161245]}},{"type":"Feature","properties":{"natural":"tree","source":"Procedural decoration"},"geometry":{"type":"Point","coordinates":[7.2672906,43.7157797]}},{"type":"Feature","properties":{"natural":"tree","source":"Procedural decoration"},"geometry":{"type":"Point","coordinates":[7.2694444,43.7177928]}},{"type":"Feature","properties":{"natural":"tree","source":"Procedural decoration"},"geometry":{"type":"Point","coordinates":[7.2669047,43.7172635]}},{"type":"Feature","properties":{"natural":"tree","source":"Procedural decoration"},"geometry":{"type":"Point","coordinates":[7.2677351,43.7184359]}},{"type":"Feature","properties":{"natural":"tree","source":"Procedural decoration"},"geometry":{"type":"Point","coordinates":[7.2678887,43.7191117]}},{"type":"Feature","properties":{"natural":"tree","source":"Procedural decoration"},"geometry":{"type":"Point","coordinates":[7.2671262,43.7174617]}},{"type":"Feature","properties":{"natural":"tree","source":"Procedural decoration"},"geometry":{"type":"Point","coordinates":[7.2693349,43.7167949]}},{"type":"Feature","properties":{"natural":"tree","source":"Procedural decoration"},"geometry":{"type":"Point","coordinates":[7.2688022,43.7159987]}},{"type":"Feature","properties":{"natural":"tree","source":"Procedural decoration"},"geometry":{"type":"Point","coordinates":[7.2688887,43.7169436]}},{"type":"Feature","properties":{"natural":"tree","source":"Procedural decoration"},"geometry":{"type":"Point","coordinates":[7.2662175,43.7154543]}},{"type":"Feature","properties":{"natural":"tree","source":"Procedural decoration"},"geometry":{"type":"Point","coordinates":[7.2658996,43.7151519]}},{"type":"Feature","properties":{"natural":"tree","source":"Procedural decoration"},"geometry":{"type":"Point","coordinates":[7.2667142,43.7162938]}},{"type":"Feature","properties":{"natural":"tree","source":"Procedural decoration"},"geometry":{"type":"Point","coordinates":[7.2673609,43.7167847]}},{"type":"Feature","properties":{"natural":"tree","source":"Procedural decoration"},"geometry":{"type":"Point","coordinates":[7.2682997,43.7157829]}},{"type":"Feature","properties":{"natural":"tree","source":"Procedural decoration"},"geometry":{"type":"Point","coordinates":[7.2681941,43.71855]}},{"type":"Feature","properties":{"natural":"tree","source":"Procedural decoration"},"geometry":{"type":"Point","coordinates":[7.2683826,43.7180962]}},{"type":"Feature","properties":{"natural":"tree","source":"Procedural decoration"},"geometry":{"type":"Point","coordinates":[7.2659998,43.7164914]}},{"type":"Feature","properties":{"natural":"tree","source":"Procedural decoration"},"geometry":{"type":"Point","coordinates":[7.2661192,43.7172618]}},{"type":"Feature","properties":{"natural":"tree","source":"Procedural decoration"},"geometry":{"type":"Point","coordinates":[7.2680274,43.7173277]}},{"type":"Feature","properties":{"natural":"tree","source":"Procedural decoration"},"geometry":{"type":"Point","coordinates":[7.2683975,43.7167168]}},{"type":"Feature","properties":{"natural":"tree","source":"Procedural decoration"},"geometry":{"type":"Point","coordinates":[7.2668245,43.7171371]}},{"type":"Feature","properties":{"natural":"tree","source":"Procedural decoration"},"geometry":{"type":"Point","coordinates":[7.2679649,43.7169746]}},{"type":"Feature","properties":{"natural":"tree","source":"Procedural decoration"},"geometry":{"type":"Point","coordinates":[7.2655667,43.7148563]}},{"type":"Feature","properties":{"natural":"tree","source":"Procedural decoration"},"geometry":{"type":"Point","coordinates":[7.2672395,43.7159145]}},{"type":"Feature","properties":{"natural":"tree","source":"Procedural decoration"},"geometry":{"type":"Point","coordinates":[7.2679009,43.7186259]}},{"type":"Feature","properties":{"natural":"tree","source":"Procedural decoration"},"geometry":{"type":"Point","coordinates":[7.268046,43.7187765]}},{"type":"Feature","properties":{"natural":"tree","source":"Procedural decoration"},"geometry":{"type":"Point","coordinates":[7.2659774,43.7161684]}},{"type":"Feature","properties":{"natural":"tree","source":"Procedural decoration"},"geometry":{"type":"Point","coordinates":[7.2679129,43.7178881]}},{"type":"Feature","properties":{"natural":"tree","source":"Procedural decoration"},"geometry":{"type":"Point","coordinates":[7.2673433,43.717875]}},{"type":"Feature","properties":{"natural":"tree","source":"Procedural decoration"},"geometry":{"type":"Point","coordinates":[7.2671864,43.718327]}},{"type":"Feature","properties":{"natural":"tree","source":"Procedural decoration"},"geometry":{"type":"Point","coordinates":[7.2680312,43.7192271]}},{"type":"Feature","properties":{"natural":"tree","source":"Procedural decoration"},"geometry":{"type":"Point","coordinates":[7.2657895,43.7149963]}},{"type":"Feature","id":"way/576798466","properties":{"amenity":"fountain","barrier":"kerb","natural":"water","waterKind":"fountain","name":"Fontaine 1"},"geometry":{"type":"Polygon","coordinates":[[[7.2669216,43.7173453],[7.2669233,43.717351],[7.2669224,43.7173568],[7.266919,43.7173621],[7.2669134,43.7173664],[7.2669063,43.7173692],[7.2668983,43.7173702],[7.2668903,43.7173693],[7.266883,43.7173666],[7.2668774,43.7173624],[7.2668737,43.7173568],[7.2668728,43.7173506],[7.2668749,43.7173446],[7.2668796,43.7173394],[7.2668865,43.7173357],[7.2668947,43.7173338],[7.2669033,43.717334],[7.2669113,43.7173364],[7.2669174,43.7173402],[7.2669216,43.7173453]]]}},{"type":"Feature","id":"way/576798467","properties":{"amenity":"fountain","barrier":"kerb","natural":"water","waterKind":"fountain","name":"Fontaine 2"},"geometry":{"type":"Polygon","coordinates":[[[7.2662191,43.7171111],[7.2662207,43.7171167],[7.2662197,43.7171224],[7.2662163,43.7171276],[7.2662109,43.7171318],[7.2662039,43.7171345],[7.2661961,43.7171355],[7.2661883,43.7171347],[7.2661812,43.7171322],[7.2661755,43.7171281],[7.2661717,43.7171226],[7.2661707,43.7171165],[7.2661725,43.7171105],[7.2661771,43.7171053],[7.2661838,43.7171015],[7.2661918,43.7170995],[7.2662003,43.7170996],[7.2662083,43.7171018],[7.2662148,43.7171058],[7.2662191,43.7171111]]]}},{"type":"Feature","id":"way/576799348","properties":{"amenity":"fountain","barrier":"kerb","source":"cadastre-dgi-fr source : Direction Générale des Impôts - Cadastre. Mise à jour : 2013","natural":"water","waterKind":"fountain","name":"Fontaine 3"},"geometry":{"type":"Polygon","coordinates":[[[7.2667103,43.7164524],[7.2667203,43.716461],[7.2667266,43.7164713],[7.2667288,43.7164824],[7.2667267,43.7164936],[7.2667204,43.7165039],[7.2667105,43.7165125],[7.2666977,43.7165189],[7.2666829,43.7165225],[7.2666674,43.716523],[7.2666523,43.7165204],[7.2666369,43.7165139],[7.2666251,43.7165042],[7.2666181,43.7164924],[7.2666166,43.7164795],[7.2666207,43.716467],[7.2666301,43.716456],[7.2666437,43.7164477],[7.2666603,43.7164429],[7.2666781,43.7164421],[7.2666953,43.7164454],[7.2667103,43.7164524]]]}},{"type":"Feature","id":"way/576799349","properties":{"amenity":"fountain","barrier":"kerb","source":"cadastre-dgi-fr source : Direction Générale des Impôts - Cadastre. Mise à jour : 2013","natural":"water","waterKind":"fountain","name":"Fontaine 4"},"geometry":{"type":"Polygon","coordinates":[[[7.2662024,43.7160774],[7.2662163,43.7160888],[7.2662244,43.7161028],[7.2662258,43.716118],[7.2662203,43.7161326],[7.2662086,43.7161452],[7.2661919,43.7161544],[7.266172,43.7161592],[7.266151,43.7161591],[7.2661311,43.7161541],[7.2661146,43.7161447],[7.2661032,43.716132],[7.2660987,43.7161212],[7.266098,43.71611],[7.266101,43.716099],[7.2661075,43.7160889],[7.2661173,43.7160802],[7.2661296,43.7160734],[7.2661438,43.7160689],[7.2661591,43.7160671],[7.2661746,43.716068],[7.2661893,43.7160715],[7.2662024,43.7160774]]]}},{"type":"Feature","id":"way/576799350","properties":{"amenity":"fountain","barrier":"kerb","source":"cadastre-dgi-fr source : Direction Générale des Impôts - Cadastre. Mise à jour : 2013","natural":"water","waterKind":"fountain","name":"Fontaine 5"},"geometry":{"type":"Polygon","coordinates":[[[7.2684208,43.7174108],[7.2684272,43.7174203],[7.2684289,43.7174308],[7.268427,43.7174387],[7.2684223,43.717446],[7.2684153,43.7174523],[7.2684063,43.7174571],[7.268396,43.7174601],[7.2683849,43.7174611],[7.2683739,43.7174601],[7.2683635,43.7174571],[7.2683546,43.7174523],[7.2683458,43.7174439],[7.2683413,43.7174338],[7.2683416,43.7174233],[7.2683467,43.7174134],[7.268356,43.7174052],[7.2683685,43.7173997],[7.2683828,43.7173975],[7.2683973,43.7173987],[7.2684104,43.7174033],[7.2684208,43.7174108]]]}},{"type":"Feature","id":"relation/1891267","properties":{"natural":"water","water":"pond","waterKind":"lake","name":"Lac du parc","source":"OpenStreetMap relation 1891267"},"geometry":{"type":"Polygon","coordinates":[[[7.2674824,43.7169254],[7.2678058,43.7167351],[7.2678816,43.7167182],[7.2679908,43.7167892],[7.2681109,43.7169076],[7.2681182,43.7169576],[7.2680672,43.7170076],[7.2679763,43.7170733],[7.2678525,43.7171444],[7.2677469,43.7171523],[7.2675759,43.7170576],[7.267483,43.7169769],[7.2674824,43.7169254]],[[7.2678538,43.7169212],[7.2677724,43.716955],[7.2677531,43.7169932],[7.2677433,43.7170128],[7.2677849,43.7170574],[7.2678561,43.7170602],[7.2678946,43.7170491],[7.2679289,43.7170391],[7.2679544,43.716997],[7.2679362,43.7169602],[7.2678538,43.7169212]]]}}]}