<?xml version="1.0" encoding="UTF-8"?>
<osm version="0.6" generator="openstreetmap-cgimap 2.1.0 (244688 spike-07.openstreetmap.org)" copyright="OpenStreetMap and contributors" attribution="http://www.openstreetmap.org/copyright" license="http://opendatacommons.org/licenses/odbl/1-0/">
 <bounds minlat="43.7156200" minlon="7.2649780" maxlat="43.7191950" maxlon="7.2705670"/>
 <node id="25315323" visible="true" version="3" changeset="119255849" timestamp="2022-04-03T08:15:58Z" user="Patchi" uid="591881" lat="43.7183888" lon="7.2630529"/>
 <node id="25369267" visible="true" version="8" changeset="156598774" timestamp="2024-09-14T07:22:24Z" user="Nzau" uid="15118949" lat="43.7158136" lon="7.2632681">
  <tag k="crossing" v="uncontrolled"/>
  <tag k="crossing:island" v="no"/>
  <tag k="crossing:markings" v="zebra"/>
  <tag k="highway" v="crossing"/>
  <tag k="kerb" v="lowered"/>
  <tag k="tactile_paving" v="no"/>
 </node>
 <node id="25369268" visible="true" version="2" changeset="33334572" timestamp="2015-08-14T11:46:00Z" user="PipoCanaja" uid="1872287" lat="43.7157771" lon="7.2656950"/>
 <node id="25743594" visible="true" version="8" changeset="156598774" timestamp="2024-09-14T07:22:24Z" user="Nzau" uid="15118949" lat="43.7159142" lon="7.2632015">
  <tag k="crossing" v="marked"/>
  <tag k="crossing:island" v="no"/>
  <tag k="crossing:markings" v="zebra"/>
  <tag k="highway" v="crossing"/>
  <tag k="kerb" v="lowered"/>
  <tag k="tactile_paving" v="no"/>
 </node>
 <node id="25743595" visible="true" version="2" changeset="10046348" timestamp="2011-12-05T23:06:27Z" user="Vlad" uid="24247" lat="43.7160171" lon="7.2632321"/>
 <node id="25743596" visible="true" version="1" changeset="212838" timestamp="2007-02-10T00:26:57Z" user="flo" uid="5513" lat="43.7161856" lon="7.2632658"/>
 <node id="25743597" visible="true" version="2" changeset="10046348" timestamp="2011-12-05T23:06:27Z" user="Vlad" uid="24247" lat="43.7163438" lon="7.2633167"/>
 <node id="25743598" visible="true" version="3" changeset="119255849" timestamp="2022-04-03T08:15:58Z" user="Patchi" uid="591881" lat="43.7163954" lon="7.2633647"/>
 <node id="25743599" visible="true" version="2" changeset="10046348" timestamp="2011-12-05T23:06:28Z" user="Vlad" uid="24247" lat="43.7164631" lon="7.2635029"/>
 <node id="25743600" visible="true" version="2" changeset="10046348" timestamp="2011-12-05T23:06:28Z" user="Vlad" uid="24247" lat="43.7165459" lon="7.2636411"/>
 <node id="25743601" visible="true" version="2" changeset="10046348" timestamp="2011-12-05T23:06:28Z" user="Vlad" uid="24247" lat="43.7166621" lon="7.2637265"/>
 <node id="25743602" visible="true" version="3" changeset="119255849" timestamp="2022-04-03T08:15:58Z" user="Patchi" uid="591881" lat="43.7167840" lon="7.2637993"/>
 <node id="25743603" visible="true" version="5" changeset="156598774" timestamp="2024-09-14T07:22:24Z" user="Nzau" uid="15118949" lat="43.7170298" lon="7.2639113">
  <tag k="crossing" v="uncontrolled"/>
  <tag k="crossing:markings" v="zebra"/>
  <tag k="highway" v="crossing"/>
 </node>
 <node id="25743604" visible="true" version="3" changeset="119255849" timestamp="2022-04-03T08:15:58Z" user="Patchi" uid="591881" lat="43.7176965" lon="7.2641409"/>
 <node id="25743615" visible="true" version="3" changeset="27223549" timestamp="2014-12-04T08:12:38Z" user="PipoCanaja" uid="1872287" lat="43.7158409" lon="7.2631654"/>
 <node id="25743617" visible="true" version="1" changeset="212838" timestamp="2007-02-10T00:30:13Z" user="flo" uid="5513" lat="43.7169649" lon="7.2647893"/>
 <node id="25743618" visible="true" version="1" changeset="212838" timestamp="2007-02-10T00:30:16Z" user="flo" uid="5513" lat="43.7168059" lon="7.2647786"/>
 <node id="25743619" visible="true" version="1" changeset="212838" timestamp="2007-02-10T00:30:17Z" user="flo" uid="5513" lat="43.7167788" lon="7.2648162"/>
 <node id="25743620" visible="true" version="1" changeset="212838" timestamp="2007-02-10T00:30:20Z" user="flo" uid="5513" lat="43.7167206" lon="7.2656262"/>
 <node id="25743621" visible="true" version="1" changeset="212838" timestamp="2007-02-10T00:30:23Z" user="flo" uid="5513" lat="43.7169610" lon="7.2656316"/>
 <node id="25743622" visible="true" version="5" changeset="136502497" timestamp="2023-05-24T14:09:01Z" user="Snusmumriken" uid="76269" lat="43.7177640" lon="7.2659908">
  <tag k="bus" v="yes"/>
  <tag k="name" v="Stade de Valrose"/>
  <tag k="public_transport" v="stop_position"/>
 </node>
 <node id="25743623" visible="true" version="2" changeset="119756973" timestamp="2022-04-15T16:03:58Z" user="Patchi" uid="591881" lat="43.7180238" lon="7.2663739">
  <tag k="highway" v="crossing"/>
 </node>
 <node id="25743624" visible="true" version="2" changeset="119756973" timestamp="2022-04-15T16:03:58Z" user="Patchi" uid="591881" lat="43.7182099" lon="7.2667681"/>
 <node id="25743625" visible="true" version="2" changeset="119756973" timestamp="2022-04-15T16:03:58Z" user="Patchi" uid="591881" lat="43.7174040" lon="7.2658126"/>
 <node id="25743626" visible="true" version="7" changeset="156598774" timestamp="2024-09-14T07:22:24Z" user="Nzau" uid="15118949" lat="43.7156336" lon="7.2656984">
  <tag k="crossing" v="uncontrolled"/>
  <tag k="crossing:markings" v="zebra"/>
  <tag k="highway" v="crossing"/>
  <tag k="kerb" v="lowered"/>
  <tag k="tactile_paving" v="no"/>
 </node>
 <node id="25743788" visible="true" version="2" changeset="10046348" timestamp="2011-12-05T23:06:28Z" user="Vlad" uid="24247" lat="43.7184078" lon="7.2633747"/>
 <node id="25743789" visible="true" version="3" changeset="139189787" timestamp="2023-07-29T21:35:55Z" user="divulmappeur" uid="8490885" lat="43.7183994" lon="7.2634713"/>
 <node id="25743790" visible="true" version="1" changeset="212838" timestamp="2007-02-10T00:50:22Z" user="flo" uid="5513" lat="43.7182211" lon="7.2635770"/>
 <node id="25743791" visible="true" version="2" changeset="10046348" timestamp="2011-12-05T23:06:28Z" user="Vlad" uid="24247" lat="43.7180473" lon="7.2636124"/>
 <node id="25743792" visible="true" version="2" changeset="10046348" timestamp="2011-12-05T23:06:28Z" user="Vlad" uid="24247" lat="43.7180139" lon="7.2636919"/>
 <node id="25743793" visible="true" version="2" changeset="10046348" timestamp="2011-12-05T23:06:28Z" user="Vlad" uid="24247" lat="43.7180489" lon="7.2637681"/>
 <node id="25743794" visible="true" version="2" changeset="10046348" timestamp="2011-12-05T23:06:29Z" user="Vlad" uid="24247" lat="43.7181931" lon="7.2637725"/>
 <node id="25744218" visible="true" version="2" changeset="10046348" timestamp="2011-12-05T23:06:29Z" user="Vlad" uid="24247" lat="43.7183157" lon="7.2637896"/>
 <node id="25744219" visible="true" version="2" changeset="10046348" timestamp="2011-12-05T23:06:29Z" user="Vlad" uid="24247" lat="43.7184952" lon="7.2638965"/>
 <node id="25744220" visible="true" version="2" changeset="90582950" timestamp="2020-09-08T11:06:58Z" user="Hervé TUC" uid="922338" lat="43.7190009" lon="7.2646156"/>
 <node id="25744221" visible="true" version="3" changeset="90582950" timestamp="2020-09-08T11:06:58Z" user="Hervé TUC" uid="922338" lat="43.7190484" lon="7.2648101"/>
 <node id="25744222" visible="true" version="3" changeset="90582950" timestamp="2020-09-08T11:06:58Z" user="Hervé TUC" uid="922338" lat="43.7189592" lon="7.2651547"/>
 <node id="25744230" visible="true" version="1" changeset="212838" timestamp="2007-02-10T01:45:44Z" user="flo" uid="5513" lat="43.7187579" lon="7.2642558"/>
 <node id="250127951" visible="true" version="4" changeset="83269612" timestamp="2020-04-08T19:34:47Z" user="Thibault JUNIN" uid="3590922" lat="43.7162933" lon="7.2655757"/>
 <node id="250127952" visible="true" version="5" changeset="119756973" timestamp="2022-04-15T16:03:58Z" user="Patchi" uid="591881" lat="43.7158605" lon="7.2655864"/>
 <node id="250127953" visible="true" version="3" changeset="119756973" timestamp="2022-04-15T16:03:58Z" user="Patchi" uid="591881" lat="43.7158322" lon="7.2651477"/>
 <node id="250127959" visible="true" version="5" changeset="119756973" timestamp="2022-04-15T16:03:58Z" user="Patchi" uid="591881" lat="43.7163313" lon="7.2651470"/>
 <node id="250127960" visible="true" version="3" changeset="119756973" timestamp="2022-04-15T16:03:58Z" user="Patchi" uid="591881" lat="43.7156596" lon="7.2643154"/>
 <node id="250127961" visible="true" version="3" changeset="119756973" timestamp="2022-04-15T16:03:58Z" user="Patchi" uid="591881" lat="43.7157463" lon="7.2643301"/>
 <node id="250127962" visible="true" version="2" changeset="119756973" timestamp="2022-04-15T16:03:58Z" user="Patchi" uid="591881" lat="43.7157256" lon="7.2655915"/>
 <node id="250127963" visible="true" version="2" changeset="27223549" timestamp="2014-12-04T08:12:37Z" user="PipoCanaja" uid="1872287" lat="43.7155268" lon="7.2656303"/>
 <node id="250312485" visible="true" version="5" changeset="156598774" timestamp="2024-09-14T07:22:24Z" user="Nzau" uid="15118949" lat="43.7179314" lon="7.2642613">
  <tag k="crossing" v="uncontrolled"/>
  <tag k="crossing:markings" v="zebra"/>
  <tag k="highway" v="crossing"/>
 </node>
 <node id="250312486" visible="true" version="3" changeset="77184706" timestamp="2019-11-17T10:30:59Z" user="Mg2" uid="852996" lat="43.7180408" lon="7.2643482"/>
 <node id="250312487" visible="true" version="2" changeset="10046348" timestamp="2011-12-05T23:06:25Z" user="Vlad" uid="24247" lat="43.7182266" lon="7.2645537"/>
 <node id="250312489" visible="true" version="2" changeset="10046348" timestamp="2011-12-05T23:06:25Z" user="Vlad" uid="24247" lat="43.7184541" lon="7.2647670"/>
 <node id="250312491" visible="true" version="2" changeset="10046348" timestamp="2011-12-05T23:06:25Z" user="Vlad" uid="24247" lat="43.7186580" lon="7.2649288"/>
 <node id="250312493" visible="true" version="4" changeset="146365658" timestamp="2024-01-17T13:51:14Z" user="Snusmumriken" uid="76269" lat="43.7191727" lon="7.2653610">
  <tag k="bus" v="yes"/>
  <tag k="name" v="Les Lilas"/>
  <tag k="public_transport" v="stop_position"/>
 </node>
 <node id="250312494" visible="true" version="5" changeset="119255849" timestamp="2022-04-03T08:15:58Z" user="Patchi" uid="591881" lat="43.7193642" lon="7.2656362"/>
 <node id="275661990" visible="true" version="3" changeset="10118283" timestamp="2011-12-14T18:40:13Z" user="Vlad" uid="24247" lat="43.7144215" lon="7.2653955"/>
 <node id="276007235" visible="true" version="3" changeset="174774738" timestamp="2025-11-17T14:29:43Z" user="NicholasNCE" uid="186141" lat="43.7174336" lon="7.2696350"/>
 <node id="276007236" visible="true" version="5" changeset="174774738" timestamp="2025-11-17T14:29:43Z" user="NicholasNCE" uid="186141" lat="43.7173539" lon="7.2696951"/>
 <node id="276007237" visible="true" version="3" changeset="174774738" timestamp="2025-11-17T14:29:43Z" user="NicholasNCE" uid="186141" lat="43.7173114" lon="7.2697760"/>
 <node id="276007239" visible="true" version="1" changeset="381186" timestamp="2008-07-03T18:35:12Z" user="flo" uid="5513" lat="43.7172461" lon="7.2704801"/>
 <node id="276007240" visible="true" version="4" changeset="118953858" timestamp="2022-03-26T16:19:24Z" user="Patchi" uid="591881" lat="43.7171093" lon="7.2722023"/>
 <node id="276007608" visible="true" version="3" changeset="90144019" timestamp="2020-08-30T12:29:44Z" user="divulmappeur" uid="8490885" lat="43.7138579" lon="7.2672069">
  <tag k="access" v="private"/>
  <tag k="barrier" v="gate"/>
 </node>
 <node id="276007641" visible="true" version="3" changeset="114294455" timestamp="2021-11-27T13:26:24Z" user="divulmappeur" uid="8490885" lat="43.7172771" lon="7.2700944">
  <tag k="highway" v="turning_circle"/>
 </node>
 <node id="276007642" visible="true" version="2" changeset="10048527" timestamp="2011-12-06T10:05:26Z" user="Vlad" uid="24247" lat="43.7166070" lon="7.2699981"/>
 <node id="276007643" visible="true" version="3" changeset="174774738" timestamp="2025-11-17T14:29:43Z" user="NicholasNCE" uid="186141" lat="43.7164676" lon="7.2700257"/>
 <node id="276007644" visible="true" version="3" changeset="174774738" timestamp="2025-11-17T14:29:43Z" user="NicholasNCE" uid="186141" lat="43.7163474" lon="7.2701313"/>
 <node id="276007645" visible="true" version="2" changeset="174774738" timestamp="2025-11-17T14:29:43Z" user="NicholasNCE" uid="186141" lat="43.7162610" lon="7.2703667"/>
 <node id="276007646" visible="true" version="1" changeset="381186" timestamp="2008-07-03T18:35:44Z" user="flo" uid="5513" lat="43.7161539" lon="7.2713290"/>
 <node id="276007647" visible="true" version="2" changeset="174774738" timestamp="2025-11-17T14:29:43Z" user="NicholasNCE" uid="186141" lat="43.7160349" lon="7.2715083"/>
 <node id="276007648" visible="true" version="2" changeset="174774738" timestamp="2025-11-17T14:29:43Z" user="NicholasNCE" uid="186141" lat="43.7157597" lon="7.2716020"/>
 <node id="276007649" visible="true" version="3" changeset="174774738" timestamp="2025-11-17T14:29:43Z" user="NicholasNCE" uid="186141" lat="43.7157075" lon="7.2715876"/>
 <node id="276007650" visible="true" version="3" changeset="174774738" timestamp="2025-11-17T14:29:43Z" user="NicholasNCE" uid="186141" lat="43.7155720" lon="7.2715207"/>
 <node id="276007651" visible="true" version="2" changeset="10048527" timestamp="2011-12-06T10:05:27Z" user="Vlad" uid="24247" lat="43.7153974" lon="7.2713661"/>
 <node id="276007652" visible="true" version="2" changeset="10048527" timestamp="2011-12-06T10:05:27Z" user="Vlad" uid="24247" lat="43.7152721" lon="7.2712010"/>
 <node id="276007653" visible="true" version="2" changeset="10048527" timestamp="2011-12-06T10:05:27Z" user="Vlad" uid="24247" lat="43.7151661" lon="7.2709359"/>
 <node id="276007654" visible="true" version="3" changeset="174774738" timestamp="2025-11-17T14:29:43Z" user="NicholasNCE" uid="186141" lat="43.7150838" lon="7.2706166"/>
 <node id="276007655" visible="true" version="1" changeset="381186" timestamp="2008-07-03T18:35:45Z" user="flo" uid="5513" lat="43.7150153" lon="7.2704296"/>
 <node id="276007656" visible="true" version="2" changeset="174774738" timestamp="2025-11-17T14:29:43Z" user="NicholasNCE" uid="186141" lat="43.7148903" lon="7.2702957"/>
 <node id="276007657" visible="true" version="1" changeset="381186" timestamp="2008-07-03T18:35:45Z" user="flo" uid="5513" lat="43.7146605" lon="7.2702399"/>
 <node id="276007658" visible="true" version="1" changeset="381186" timestamp="2008-07-03T18:35:45Z" user="flo" uid="5513" lat="43.7141572" lon="7.2702234"/>
 <node id="276007661" visible="true" version="3" changeset="173289624" timestamp="2025-10-14T18:36:28Z" user="divulmappeur" uid="8490885" lat="43.7150917" lon="7.2689676">
  <tag k="barrier" v="cycle_barrier"/>
  <tag k="motor_vehicle" v="no"/>
 </node>
 <node id="276007662" visible="true" version="2" changeset="10048527" timestamp="2011-12-06T10:05:28Z" user="Vlad" uid="24247" lat="43.7158299" lon="7.2701946"/>
 <node id="276007663" visible="true" version="2" changeset="10048527" timestamp="2011-12-06T10:05:28Z" user="Vlad" uid="24247" lat="43.7159719" lon="7.2702703"/>
 <node id="276007666" visible="true" version="3" changeset="174774738" timestamp="2025-11-17T14:29:43Z" user="NicholasNCE" uid="186141" lat="43.7162100" lon="7.2709835"/>
 <node id="276007679" visible="true" version="2" changeset="10048527" timestamp="2011-12-06T10:05:28Z" user="Vlad" uid="24247" lat="43.7187864" lon="7.2674243"/>
 <node id="276007685" visible="true" version="1" changeset="381186" timestamp="2008-07-03T18:35:48Z" user="flo" uid="5513" lat="43.7191361" lon="7.2670018"/>
 <node id="276007686" visible="true" version="2" changeset="10046231" timestamp="2011-12-05T22:37:42Z" user="Vlad" uid="24247" lat="43.7195714" lon="7.2676816"/>
 <node id="276007687" visible="true" version="4" changeset="43444582" timestamp="2016-11-06T16:11:40Z" user="Guillaume Mortier" uid="1429581" lat="43.7203586" lon="7.2689708">
  <tag k="highway" v="turning_loop"/>
  <tag k="name" v="Rond Point Étienne Mondino"/>
 </node>
 <node id="276007691" visible="true" version="2" changeset="10048527" timestamp="2011-12-06T10:05:28Z" user="Vlad" uid="24247" lat="43.7185662" lon="7.2659990"/>
 <node id="276007692" visible="true" version="3" changeset="119756973" timestamp="2022-04-15T16:03:58Z" user="Patchi" uid="591881" lat="43.7180709" lon="7.2664894"/>
 <node id="276007693" visible="true" version="2" changeset="10048527" timestamp="2011-12-06T10:05:28Z" user="Vlad" uid="24247" lat="43.7182204" lon="7.2654202"/>
 <node id="276007694" visible="true" version="2" changeset="10048527" timestamp="2011-12-06T10:05:28Z" user="Vlad" uid="24247" lat="43.7180970" lon="7.2655933"/>
 <node id="276007695" visible="true" version="2" changeset="10048527" timestamp="2011-12-06T10:05:28Z" user="Vlad" uid="24247" lat="43.7184837" lon="7.2661185"/>
 <node id="276291146" visible="true" version="4" changeset="99995835" timestamp="2021-02-25T18:05:36Z" user="divulmappeur" uid="8490885" lat="43.7157855" lon="7.2659877"/>
 <node id="276291148" visible="true" version="4" changeset="99995835" timestamp="2021-02-25T18:05:36Z" user="divulmappeur" uid="8490885" lat="43.7161764" lon="7.2673964"/>
 <node id="276291150" visible="true" version="1" changeset="395789" timestamp="2008-07-04T23:08:31Z" user="remyoudompheng" uid="41851" lat="43.7167476" lon="7.2681246"/>
 <node id="276291151" visible="true" version="2" changeset="10048527" timestamp="2011-12-06T10:05:29Z" user="Vlad" uid="24247" lat="43.7169126" lon="7.2682251"/>
 <node id="276839255" visible="true" version="2" changeset="48047197" timestamp="2017-04-22T23:01:57Z" user="greecemapper" uid="23785" lat="43.7165770" lon="7.2694919"/>
 <node id="276839256" visible="true" version="3" changeset="1907280" timestamp="2009-07-22T18:44:14Z" user="remyoudompheng" uid="41851" lat="43.7163078" lon="7.2694302"/>
 <node id="276839257" visible="true" version="2" changeset="1907280" timestamp="2009-07-22T18:44:14Z" user="remyoudompheng" uid="41851" lat="43.7161859" lon="7.2693461"/>
 <node id="276839258" visible="true" version="2" changeset="1907280" timestamp="2009-07-22T18:44:13Z" user="remyoudompheng" uid="41851" lat="43.7161416" lon="7.2692883"/>
 <node id="276839259" visible="true" version="2" changeset="416221" timestamp="2008-07-07T04:04:56Z" user="remyoudompheng" uid="41851" lat="43.7161633" lon="7.2691029"/>
 <node id="276839260" visible="true" version="1" changeset="416221" timestamp="2008-07-07T04:04:05Z" user="remyoudompheng" uid="41851" lat="43.7162253" lon="7.2691973"/>
 <node id="276839261" visible="true" version="1" changeset="416221" timestamp="2008-07-07T04:04:05Z" user="remyoudompheng" uid="41851" lat="43.7163308" lon="7.2692488"/>
 <node id="276839262" visible="true" version="1" changeset="416221" timestamp="2008-07-07T04:04:05Z" user="remyoudompheng" uid="41851" lat="43.7171620" lon="7.2693862"/>
 <node id="277297876" visible="true" version="2" changeset="845167" timestamp="2009-03-22T13:07:33Z" user="remyoudompheng" uid="41851" lat="43.7173767" lon="7.2650534"/>
 <node id="277297877" visible="true" version="2" changeset="845167" timestamp="2009-03-22T13:07:34Z" user="remyoudompheng" uid="41851" lat="43.7171304" lon="7.2649255"/>
 <node id="277297878" visible="true" version="1" changeset="439268" timestamp="2008-07-08T22:21:06Z" user="remyoudompheng" uid="41851" lat="43.7167929" lon="7.2654473"/>
 <node id="277297879" visible="true" version="1" changeset="439268" timestamp="2008-07-08T22:21:06Z" user="remyoudompheng" uid="41851" lat="43.7171403" lon="7.2656103"/>
 <node id="277298134" visible="true" version="6" changeset="133228280" timestamp="2023-03-02T21:14:38Z" user="chabe01" uid="502891" lat="43.7177654" lon="7.2658517">
  <tag k="amenity" v="post_box"/>
  <tag k="collection_times" v="Mo-Fr 09:00; Sa 08:00"/>
  <tag k="operator" v="La Poste"/>
  <tag k="operator:wikidata" v="Q373724"/>
  <tag k="ref" v="A1G1W4"/>
  <tag k="source" v="data.gouv.fr:LaPoste - 06/2015"/>
 </node>
 <node id="277298218" visible="true" version="12" changeset="155912209" timestamp="2024-08-29T06:51:08Z" user="Pyb" uid="150474" lat="43.7177422" lon="7.2658876">
  <tag k="bench" v="no"/>
  <tag k="bin" v="no"/>
  <tag k="bus" v="yes"/>
  <tag k="departures_board" v="timetable"/>
  <tag k="highway" v="bus_stop"/>
  <tag k="lit" v="no"/>
  <tag k="name" v="Stade de Valrose"/>
  <tag k="public_transport" v="platform"/>
  <tag k="shelter" v="no"/>
  <tag k="tactile_paving" v="no"/>
  <tag k="wheelchair" v="no"/>
 </node>
 <node id="277299084" visible="true" version="1" changeset="439268" timestamp="2008-07-08T22:26:49Z" user="remyoudompheng" uid="41851" lat="43.7194719" lon="7.2665623"/>
 <node id="281959043" visible="true" version="9" changeset="156052656" timestamp="2024-09-01T12:49:07Z" user="Pyb" uid="150474" lat="43.7191593" lon="7.2654382">
  <tag k="bench" v="yes"/>
  <tag k="bin" v="no"/>
  <tag k="bus" v="yes"/>
  <tag k="highway" v="bus_stop"/>
  <tag k="lit" v="no"/>
  <tag k="name" v="Les Lilas"/>
  <tag k="public_transport" v="platform"/>
  <tag k="shelter" v="yes"/>
  <tag k="tactile_paving" v="no"/>
  <tag k="wheelchair" v="no"/>
 </node>
 <node id="295560694" visible="true" version="3" changeset="89272654" timestamp="2020-08-11T23:47:01Z" user="divulmappeur" uid="8490885" lat="43.7172542" lon="7.2694960"/>
 <node id="295560695" visible="true" version="2" changeset="89272654" timestamp="2020-08-11T23:47:01Z" user="divulmappeur" uid="8490885" lat="43.7172083" lon="7.2696649"/>
 <node id="295560696" visible="true" version="5" changeset="89272654" timestamp="2020-08-11T23:47:01Z" user="divulmappeur" uid="8490885" lat="43.7172143" lon="7.2697314"/>
 <node id="295560698" visible="true" version="4" changeset="27223549" timestamp="2014-12-04T08:12:37Z" user="PipoCanaja" uid="1872287" lat="43.7177649" lon="7.2699433"/>
 <node id="295560710" visible="true" version="3" changeset="10048527" timestamp="2011-12-06T10:05:29Z" user="Vlad" uid="24247" lat="43.7172861" lon="7.2699810"/>
 <node id="295560711" visible="true" version="4" changeset="173289624" timestamp="2025-10-14T18:36:28Z" user="divulmappeur" uid="8490885" lat="43.7172627" lon="7.2699122">
  <tag k="barrier" v="gate"/>
  <tag k="bicycle" v="no"/>
  <tag k="foot" v="private"/>
 </node>
 <node id="295560712" visible="true" version="2" changeset="1907280" timestamp="2009-07-22T18:44:05Z" user="remyoudompheng" uid="41851" lat="43.7172676" lon="7.2698651"/>
 <node id="295561293" visible="true" version="4" changeset="89272654" timestamp="2020-08-11T23:47:01Z" user="divulmappeur" uid="8490885" lat="43.7172459" lon="7.2697815"/>
 <node id="295561296" visible="true" version="4" changeset="27223549" timestamp="2014-12-04T08:12:37Z" user="PipoCanaja" uid="1872287" lat="43.7178173" lon="7.2698950"/>
 <node id="295561298" visible="true" version="3" changeset="10048527" timestamp="2011-12-06T10:05:30Z" user="Vlad" uid="24247" lat="43.7178239" lon="7.2698305"/>
 <node id="295561300" visible="true" version="3" changeset="174774738" timestamp="2025-11-17T14:29:43Z" user="NicholasNCE" uid="186141" lat="43.7177974" lon="7.2697531"/>
 <node id="295689112" visible="true" version="3" changeset="173289624" timestamp="2025-10-14T18:36:28Z" user="divulmappeur" uid="8490885" lat="43.7143528" lon="7.2674751">
  <tag k="barrier" v="cycle_barrier"/>
 </node>
 <node id="295689114" visible="true" version="3" changeset="20081651" timestamp="2014-01-19T10:08:19Z" user="zerpou" uid="1238664" lat="43.7153938" lon="7.2687579"/>
 <node id="295689132" visible="true" version="3" changeset="20081651" timestamp="2014-01-19T10:08:19Z" user="zerpou" uid="1238664" lat="43.7153681" lon="7.2669128"/>
 <node id="295689138" visible="true" version="4" changeset="20081651" timestamp="2014-01-19T10:08:19Z" user="zerpou" uid="1238664" lat="43.7158392" lon="7.2686314"/>
 <node id="296155460" visible="true" version="3" changeset="20081651" timestamp="2014-01-19T10:08:19Z" user="zerpou" uid="1238664" lat="43.7147586" lon="7.2668743"/>
 <node id="296155465" visible="true" version="4" changeset="20081651" timestamp="2014-01-19T10:08:20Z" user="zerpou" uid="1238664" lat="43.7154228" lon="7.2687110"/>
 <node id="299136249" visible="true" version="2" changeset="10048527" timestamp="2011-12-06T10:05:31Z" user="Vlad" uid="24247" lat="43.7154705" lon="7.2656714"/>
 <node id="299136251" visible="true" version="3" changeset="89272654" timestamp="2020-08-11T23:47:01Z" user="divulmappeur" uid="8490885" lat="43.7163465" lon="7.2676545">
  <tag k="crossing" v="marked"/>
  <tag k="highway" v="crossing"/>
 </node>
 <node id="299136252" visible="true" version="3" changeset="10048527" timestamp="2011-12-06T10:05:31Z" user="Vlad" uid="24247" lat="43.7162927" lon="7.2677103"/>
 <node id="299136254" visible="true" version="2" changeset="1907280" timestamp="2009-07-22T18:44:06Z" user="remyoudompheng" uid="41851" lat="43.7160864" lon="7.2676326"/>
 <node id="299136255" visible="true" version="4" changeset="10048527" timestamp="2011-12-06T10:05:31Z" user="Vlad" uid="24247" lat="43.7159907" lon="7.2674510"/>
 <node id="299136256" visible="true" version="3" changeset="1966684" timestamp="2009-07-28T16:57:40Z" user="remyoudompheng" uid="41851" lat="43.7158126" lon="7.2675696"/>
 <node id="299136257" visible="true" version="2" changeset="1907280" timestamp="2009-07-22T18:44:07Z" user="remyoudompheng" uid="41851" lat="43.7157322" lon="7.2677224"/>
 <node id="299136258" visible="true" version="2" changeset="1907280" timestamp="2009-07-22T18:44:07Z" user="remyoudompheng" uid="41851" lat="43.7157231" lon="7.2678543"/>
 <node id="299136259" visible="true" version="2" changeset="1907280" timestamp="2009-07-22T18:44:07Z" user="remyoudompheng" uid="41851" lat="43.7157954" lon="7.2680330"/>
 <node id="299136260" visible="true" version="1" changeset="681838" timestamp="2008-09-22T21:39:52Z" user="remyoudompheng" uid="41851" lat="43.7160310" lon="7.2680836">
  <tag k="created_by" v="Merkaartor 0.13"/>
 </node>
 <node id="299136261" visible="true" version="3" changeset="173125765" timestamp="2025-10-11T08:18:44Z" user="Hervé TUC" uid="922338" lat="43.7161876" lon="7.2682138"/>
 <node id="299136262" visible="true" version="3" changeset="89272654" timestamp="2020-08-11T23:47:01Z" user="divulmappeur" uid="8490885" lat="43.7164576" lon="7.2685028"/>
 <node id="299136263" visible="true" version="2" changeset="10048527" timestamp="2011-12-06T10:05:31Z" user="Vlad" uid="24247" lat="43.7166498" lon="7.2685868"/>
 <node id="299136264" visible="true" version="2" changeset="10048527" timestamp="2011-12-06T10:05:31Z" user="Vlad" uid="24247" lat="43.7167534" lon="7.2686298"/>
 <node id="299136265" visible="true" version="2" changeset="10048527" timestamp="2011-12-06T10:05:32Z" user="Vlad" uid="24247" lat="43.7169149" lon="7.2686947"/>
 <node id="299136267" visible="true" version="2" changeset="10048527" timestamp="2011-12-06T10:05:32Z" user="Vlad" uid="24247" lat="43.7172605" lon="7.2688164"/>
 <node id="299136268" visible="true" version="2" changeset="10048527" timestamp="2011-12-06T10:05:32Z" user="Vlad" uid="24247" lat="43.7173492" lon="7.2688876"/>
 <node id="299136269" visible="true" version="4" changeset="173125765" timestamp="2025-10-11T08:18:44Z" user="Hervé TUC" uid="922338" lat="43.7174554" lon="7.2689861"/>
 <node id="299136270" visible="true" version="4" changeset="99995835" timestamp="2021-02-25T18:05:36Z" user="divulmappeur" uid="8490885" lat="43.7176643" lon="7.2692118"/>
 <node id="299136271" visible="true" version="2" changeset="1907280" timestamp="2009-07-22T18:44:06Z" user="remyoudompheng" uid="41851" lat="43.7177591" lon="7.2692306"/>
 <node id="299136272" visible="true" version="2" changeset="1907280" timestamp="2009-07-22T18:44:06Z" user="remyoudompheng" uid="41851" lat="43.7177856" lon="7.2696259"/>
 <node id="299136273" visible="true" version="3" changeset="10048527" timestamp="2011-12-06T10:05:32Z" user="Vlad" uid="24247" lat="43.7176778" lon="7.2695934"/>
 <node id="299136274" visible="true" version="2" changeset="1907280" timestamp="2009-07-22T18:44:06Z" user="remyoudompheng" uid="41851" lat="43.7175665" lon="7.2695303"/>
 <node id="299136275" visible="true" version="3" changeset="10048527" timestamp="2011-12-06T10:05:32Z" user="Vlad" uid="24247" lat="43.7174709" lon="7.2694506"/>
 <node id="299136276" visible="true" version="3" changeset="89272654" timestamp="2020-08-11T23:47:01Z" user="divulmappeur" uid="8490885" lat="43.7173720" lon="7.2694318"/>
 <node id="364686541" visible="true" version="2" changeset="1907280" timestamp="2009-07-22T18:44:11Z" user="remyoudompheng" uid="41851" lat="43.7161481" lon="7.2689463"/>
 <node id="364686543" visible="true" version="2" changeset="1907280" timestamp="2009-07-22T18:44:11Z" user="remyoudompheng" uid="41851" lat="43.7162160" lon="7.2688470"/>
 <node id="364686544" visible="true" version="2" changeset="1907280" timestamp="2009-07-22T18:44:10Z" user="remyoudompheng" uid="41851" lat="43.7163169" lon="7.2688228"/>
 <node id="364686546" visible="true" version="4" changeset="128962772" timestamp="2022-11-15T23:08:00Z" user="divulmappeur" uid="8490885" lat="43.7166438" lon="7.2688675"/>
 <node id="364686548" visible="true" version="3" changeset="128962772" timestamp="2022-11-15T23:08:00Z" user="divulmappeur" uid="8490885" lat="43.7168963" lon="7.2688982"/>
 <node id="364686551" visible="true" version="1" changeset="845167" timestamp="2009-03-22T13:07:26Z" user="remyoudompheng" uid="41851" lat="43.7169571" lon="7.2688836"/>
 <node id="364686552" visible="true" version="2" changeset="89272654" timestamp="2020-08-11T23:47:01Z" user="divulmappeur" uid="8490885" lat="43.7169977" lon="7.2687881"/>
 <node id="364686553" visible="true" version="3" changeset="100373094" timestamp="2021-03-03T20:11:59Z" user="FvGordon" uid="161619" lat="43.7169843" lon="7.2687206"/>
 <node id="364686568" visible="true" version="1" changeset="845167" timestamp="2009-03-22T13:07:29Z" user="remyoudompheng" uid="41851" lat="43.7171153" lon="7.2649668"/>
 <node id="364686569" visible="true" version="1" changeset="845167" timestamp="2009-03-22T13:07:30Z" user="remyoudompheng" uid="41851" lat="43.7168121" lon="7.2650058"/>
 <node id="364686571" visible="true" version="1" changeset="845167" timestamp="2009-03-22T13:07:30Z" user="remyoudompheng" uid="41851" lat="43.7169044" lon="7.2650564"/>
 <node id="364686572" visible="true" version="1" changeset="845167" timestamp="2009-03-22T13:07:30Z" user="remyoudompheng" uid="41851" lat="43.7173193" lon="7.2652408"/>
 <node id="364686573" visible="true" version="1" changeset="845167" timestamp="2009-03-22T13:07:30Z" user="remyoudompheng" uid="41851" lat="43.7172558" lon="7.2652490"/>
 <node id="364686574" visible="true" version="1" changeset="845167" timestamp="2009-03-22T13:07:30Z" user="remyoudompheng" uid="41851" lat="43.7168615" lon="7.2648249"/>
 <node id="445773886" visible="true" version="3" changeset="173125765" timestamp="2025-10-11T08:18:44Z" user="Hervé TUC" uid="922338" lat="43.7178373" lon="7.2696105"/>
 <node id="445773894" visible="true" version="3" changeset="173125765" timestamp="2025-10-11T08:18:44Z" user="Hervé TUC" uid="922338" lat="43.7178590" lon="7.2695212"/>
 <node id="445773898" visible="true" version="3" changeset="173125765" timestamp="2025-10-11T08:18:44Z" user="Hervé TUC" uid="922338" lat="43.7178144" lon="7.2694325"/>
 <node id="445773905" visible="true" version="3" changeset="173125765" timestamp="2025-10-11T08:18:44Z" user="Hervé TUC" uid="922338" lat="43.7177504" lon="7.2693847"/>
 <node id="445773907" visible="true" version="3" changeset="173125765" timestamp="2025-10-11T08:18:44Z" user="Hervé TUC" uid="922338" lat="43.7176726" lon="7.2693509"/>
 <node id="445773908" visible="true" version="3" changeset="173125765" timestamp="2025-10-11T08:18:44Z" user="Hervé TUC" uid="922338" lat="43.7175598" lon="7.2693113"/>
 <node id="445773911" visible="true" version="4" changeset="173125765" timestamp="2025-10-11T08:18:44Z" user="Hervé TUC" uid="922338" lat="43.7174484" lon="7.2693018"/>
 <node id="445773913" visible="true" version="4" changeset="173125765" timestamp="2025-10-11T08:18:44Z" user="Hervé TUC" uid="922338" lat="43.7173688" lon="7.2692606"/>
 <node id="445773914" visible="true" version="4" changeset="173125765" timestamp="2025-10-11T08:18:44Z" user="Hervé TUC" uid="922338" lat="43.7173322" lon="7.2691704"/>
 <node id="445773917" visible="true" version="4" changeset="173125765" timestamp="2025-10-11T08:18:44Z" user="Hervé TUC" uid="922338" lat="43.7173680" lon="7.2690663"/>
 <node id="445773923" visible="true" version="2" changeset="3178765" timestamp="2009-11-21T19:06:47Z" user="EtienneChoveBot" uid="183561" lat="43.7179229" lon="7.2690134">
  <tag k="source" v="cadastre-dgi-fr source : Direction Générale des Impôts - Cadastre. Mise à jour : 2009"/>
 </node>
 <node id="445773925" visible="true" version="3" changeset="173125765" timestamp="2025-10-11T08:18:44Z" user="Hervé TUC" uid="922338" lat="43.7161581" lon="7.2676639"/>
 <node id="445773926" visible="true" version="3" changeset="173125765" timestamp="2025-10-11T08:18:44Z" user="Hervé TUC" uid="922338" lat="43.7161659" lon="7.2677448"/>
 <node id="445773929" visible="true" version="4" changeset="173125765" timestamp="2025-10-11T08:18:44Z" user="Hervé TUC" uid="922338" lat="43.7162090" lon="7.2678061"/>
 <node id="445773936" visible="true" version="4" changeset="173125765" timestamp="2025-10-11T08:18:44Z" user="Hervé TUC" uid="922338" lat="43.7162342" lon="7.2680776"/>
 <node id="445773945" visible="true" version="4" changeset="173125765" timestamp="2025-10-11T08:18:44Z" user="Hervé TUC" uid="922338" lat="43.7161771" lon="7.2682695"/>
 <node id="445773949" visible="true" version="4" changeset="173125765" timestamp="2025-10-11T08:18:44Z" user="Hervé TUC" uid="922338" lat="43.7161769" lon="7.2683849"/>
 <node id="445773951" visible="true" version="4" changeset="173125765" timestamp="2025-10-11T08:18:44Z" user="Hervé TUC" uid="922338" lat="43.7161240" lon="7.2685067"/>
 <node id="445773955" visible="true" version="3" changeset="173125765" timestamp="2025-10-11T08:18:44Z" user="Hervé TUC" uid="922338" lat="43.7162228" lon="7.2687150"/>
 <node id="445773959" visible="true" version="3" changeset="173125765" timestamp="2025-10-11T08:18:44Z" user="Hervé TUC" uid="922338" lat="43.7162678" lon="7.2687430"/>
 <node id="445773961" visible="true" version="4" changeset="173125765" timestamp="2025-10-11T08:18:44Z" user="Hervé TUC" uid="922338" lat="43.7162799" lon="7.2688236"/>
 <node id="445774057" visible="true" version="5" changeset="173289624" timestamp="2025-10-14T18:36:28Z" user="divulmappeur" uid="8490885" lat="43.7154116" lon="7.2687864">
  <tag k="barrier" v="wicket_gate"/>
  <tag k="bicycle" v="no"/>
  <tag k="foot" v="private"/>
 </node>
 <node id="445774060" visible="true" version="3" changeset="173125765" timestamp="2025-10-11T08:18:44Z" user="Hervé TUC" uid="922338" lat="43.7155140" lon="7.2688096"/>
 <node id="445774062" visible="true" version="3" changeset="173125765" timestamp="2025-10-11T08:18:44Z" user="Hervé TUC" uid="922338" lat="43.7157985" lon="7.2687756"/>
 <node id="445774063" visible="true" version="2" changeset="3178765" timestamp="2009-11-21T19:06:59Z" user="EtienneChoveBot" uid="183561" lat="43.7172547" lon="7.2698507">
  <tag k="source" v="cadastre-dgi-fr source : Direction Générale des Impôts - Cadastre. Mise à jour : 2009"/>
 </node>
 <node id="445774067" visible="true" version="2" changeset="3178765" timestamp="2009-11-21T19:06:59Z" user="EtienneChoveBot" uid="183561" lat="43.7171898" lon="7.2698298">
  <tag k="source" v="cadastre-dgi-fr source : Direction Générale des Impôts - Cadastre. Mise à jour : 2009"/>
 </node>
 <node id="450126522" visible="true" version="2" changeset="10048527" timestamp="2011-12-06T10:05:33Z" user="Vlad" uid="24247" lat="43.7159023" lon="7.2672076"/>
 <node id="450126524" visible="true" version="2" changeset="10048527" timestamp="2011-12-06T10:05:33Z" user="Vlad" uid="24247" lat="43.7158118" lon="7.2670060"/>
 <node id="450126526" visible="true" version="2" changeset="10048527" timestamp="2011-12-06T10:05:33Z" user="Vlad" uid="24247" lat="43.7156974" lon="7.2666482"/>
 <node id="450126528" visible="true" version="2" changeset="10048527" timestamp="2011-12-06T10:05:33Z" user="Vlad" uid="24247" lat="43.7155501" lon="7.2662154"/>
 <node id="450126530" visible="true" version="2" changeset="10048527" timestamp="2011-12-06T10:05:33Z" user="Vlad" uid="24247" lat="43.7158815" lon="7.2671612"/>
 <node id="450126532" visible="true" version="1" changeset="1966684" timestamp="2009-07-28T16:57:38Z" user="remyoudompheng" uid="41851" lat="43.7156582" lon="7.2673033"/>
 <node id="450126533" visible="true" version="1" changeset="1966684" timestamp="2009-07-28T16:57:38Z" user="remyoudompheng" uid="41851" lat="43.7156334" lon="7.2674581"/>
 <node id="450126534" visible="true" version="1" changeset="1966684" timestamp="2009-07-28T16:57:38Z" user="remyoudompheng" uid="41851" lat="43.7156804" lon="7.2677457"/>
 <node id="543924170" visible="true" version="9" changeset="165747540" timestamp="2025-05-03T08:06:48Z" user="Fabimaru" uid="324552" lat="43.7159148" lon="7.2655648">
  <tag k="amenity" v="bicycle_rental"/>
  <tag k="brand" v="Lime;Pony"/>
  <tag k="covered" v="no"/>
  <tag k="description" v="Emplacement de location et retour pour opérateurs Lime et Pony"/>
  <tag k="fee" v="yes"/>
  <tag k="network" v="Lime;Pony"/>
  <tag k="opening_hours" v="24/7"/>
  <tag k="operator" v="Lime;Pony"/>
  <tag k="operator:type" v="private"/>
  <tag k="payment:app" v="yes"/>
  <tag k="payment:credit_cards" v="yes"/>
  <tag k="source" v="survey"/>
  <tag k="survey:date" v="2025-01-05"/>
  <tag k="wheelchair" v="no"/>
 </node>
 <node id="1533167569" visible="true" version="1" changeset="10045378" timestamp="2011-12-05T20:41:13Z" user="Vlad" uid="24247" lat="43.7211030" lon="7.2707080"/>
 <node id="1533312824" visible="true" version="1" changeset="10046231" timestamp="2011-12-05T22:33:25Z" user="Vlad" uid="24247" lat="43.7178060" lon="7.2706270"/>
 <node id="1533312825" visible="true" version="1" changeset="10046231" timestamp="2011-12-05T22:33:25Z" user="Vlad" uid="24247" lat="43.7178070" lon="7.2705990"/>
 <node id="1533312827" visible="true" version="1" changeset="10046231" timestamp="2011-12-05T22:33:25Z" user="Vlad" uid="24247" lat="43.7178090" lon="7.2705500"/>
 <node id="1533312833" visible="true" version="1" changeset="10046231" timestamp="2011-12-05T22:33:25Z" user="Vlad" uid="24247" lat="43.7178120" lon="7.2705500"/>
 <node id="1533312834" visible="true" version="1" changeset="10046231" timestamp="2011-12-05T22:33:26Z" user="Vlad" uid="24247" lat="43.7178130" lon="7.2705260"/>
 <node id="1533312845" visible="true" version="1" changeset="10046231" timestamp="2011-12-05T22:33:26Z" user="Vlad" uid="24247" lat="43.7178380" lon="7.2705520"/>
 <node id="1533312846" visible="true" version="1" changeset="10046231" timestamp="2011-12-05T22:33:26Z" user="Vlad" uid="24247" lat="43.7178390" lon="7.2705280"/>
 <node id="1533312850" visible="true" version="1" changeset="10046231" timestamp="2011-12-05T22:33:26Z" user="Vlad" uid="24247" lat="43.7178480" lon="7.2706290"/>
 <node id="1533312852" visible="true" version="1" changeset="10046231" timestamp="2011-12-05T22:33:26Z" user="Vlad" uid="24247" lat="43.7178500" lon="7.2705530"/>
 <node id="1533312858" visible="true" version="1" changeset="10046231" timestamp="2011-12-05T22:33:27Z" user="Vlad" uid="24247" lat="43.7178690" lon="7.2693690"/>
 <node id="1533312864" visible="true" version="1" changeset="10046231" timestamp="2011-12-05T22:33:27Z" user="Vlad" uid="24247" lat="43.7178840" lon="7.2694630"/>
 <node id="1533312866" visible="true" version="1" changeset="10046231" timestamp="2011-12-05T22:33:27Z" user="Vlad" uid="24247" lat="43.7178900" lon="7.2703040"/>
 <node id="1533312870" visible="true" version="1" changeset="10046231" timestamp="2011-12-05T22:33:27Z" user="Vlad" uid="24247" lat="43.7178980" lon="7.2694050"/>
 <node id="1533312890" visible="true" version="1" changeset="10046231" timestamp="2011-12-05T22:33:29Z" user="Vlad" uid="24247" lat="43.7179200" lon="7.2704550"/>
 <node id="1533312893" visible="true" version="1" changeset="10046231" timestamp="2011-12-05T22:33:29Z" user="Vlad" uid="24247" lat="43.7179240" lon="7.2693970"/>
 <node id="1533312894" visible="true" version="1" changeset="10046231" timestamp="2011-12-05T22:33:29Z" user="Vlad" uid="24247" lat="43.7179240" lon="7.2704750"/>
 <node id="1533312898" visible="true" version="1" changeset="10046231" timestamp="2011-12-05T22:33:29Z" user="Vlad" uid="24247" lat="43.7179270" lon="7.2692790"/>
 <node id="1533312901" visible="true" version="1" changeset="10046231" timestamp="2011-12-05T22:33:29Z" user="Vlad" uid="24247" lat="43.7179310" lon="7.2692830"/>
 <node id="1533312902" visible="true" version="1" changeset="10046231" timestamp="2011-12-05T22:33:29Z" user="Vlad" uid="24247" lat="43.7179310" lon="7.2702890"/>
 <node id="1533312904" visible="true" version="1" changeset="10046231" timestamp="2011-12-05T22:33:29Z" user="Vlad" uid="24247" lat="43.7179370" lon="7.2703170"/>
 <node id="1533312908" visible="true" version="1" changeset="10046231" timestamp="2011-12-05T22:33:30Z" user="Vlad" uid="24247" lat="43.7179450" lon="7.2693660"/>
 <node id="1533312921" visible="true" version="1" changeset="10046231" timestamp="2011-12-05T22:33:30Z" user="Vlad" uid="24247" lat="43.7179700" lon="7.2692110"/>
 <node id="1533312924" visible="true" version="1" changeset="10046231" timestamp="2011-12-05T22:33:30Z" user="Vlad" uid="24247" lat="43.7179730" lon="7.2694010"/>
 <node id="1533312925" visible="true" version="1" changeset="10046231" timestamp="2011-12-05T22:33:30Z" user="Vlad" uid="24247" lat="43.7179740" lon="7.2692170"/>
 <node id="1533312926" visible="true" version="1" changeset="10046231" timestamp="2011-12-05T22:33:31Z" user="Vlad" uid="24247" lat="43.7179760" lon="7.2704210"/>
 <node id="1533312929" visible="true" version="1" changeset="10046231" timestamp="2011-12-05T22:33:31Z" user="Vlad" uid="24247" lat="43.7179820" lon="7.2704590"/>
 <node id="1533312932" visible="true" version="1" changeset="10046231" timestamp="2011-12-05T22:33:31Z" user="Vlad" uid="24247" lat="43.7179900" lon="7.2691790"/>
 <node id="1533312938" visible="true" version="1" changeset="10046231" timestamp="2011-12-05T22:33:31Z" user="Vlad" uid="24247" lat="43.7179970" lon="7.2693670"/>
 <node id="1533312946" visible="true" version="1" changeset="10046231" timestamp="2011-12-05T22:33:32Z" user="Vlad" uid="24247" lat="43.7180100" lon="7.2692030"/>
 <node id="1533312949" visible="true" version="1" changeset="10046231" timestamp="2011-12-05T22:33:32Z" user="Vlad" uid="24247" lat="43.7180130" lon="7.2693860"/>
 <node id="1533312953" visible="true" version="1" changeset="10046231" timestamp="2011-12-05T22:33:32Z" user="Vlad" uid="24247" lat="43.7180150" lon="7.2691970"/>
 <node id="1533312959" visible="true" version="1" changeset="10046231" timestamp="2011-12-05T22:33:32Z" user="Vlad" uid="24247" lat="43.7180230" lon="7.2700600"/>
 <node id="1533312965" visible="true" version="1" changeset="10046231" timestamp="2011-12-05T22:33:33Z" user="Vlad" uid="24247" lat="43.7180280" lon="7.2702870"/>
 <node id="1533312969" visible="true" version="1" changeset="10046231" timestamp="2011-12-05T22:33:33Z" user="Vlad" uid="24247" lat="43.7180360" lon="7.2700720"/>
 <node id="1533312973" visible="true" version="1" changeset="10046231" timestamp="2011-12-05T22:33:33Z" user="Vlad" uid="24247" lat="43.7180370" lon="7.2703380"/>
 <node id="1533312978" visible="true" version="1" changeset="10046231" timestamp="2011-12-05T22:33:34Z" user="Vlad" uid="24247" lat="43.7180430" lon="7.2703370"/>
 <node id="1533312979" visible="true" version="1" changeset="10046231" timestamp="2011-12-05T22:33:34Z" user="Vlad" uid="24247" lat="43.7180440" lon="7.2692950"/>
 <node id="1533312983" visible="true" version="1" changeset="10046231" timestamp="2011-12-05T22:33:34Z" user="Vlad" uid="24247" lat="43.7180470" lon="7.2704020"/>
 <node id="1533312992" visible="true" version="1" changeset="10046231" timestamp="2011-12-05T22:33:34Z" user="Vlad" uid="24247" lat="43.7180550" lon="7.2704000"/>
 <node id="1533312996" visible="true" version="1" changeset="10046231" timestamp="2011-12-05T22:33:34Z" user="Vlad" uid="24247" lat="43.7180590" lon="7.2693160"/>
 <node id="1533313000" visible="true" version="1" changeset="10046231" timestamp="2011-12-05T22:33:35Z" user="Vlad" uid="24247" lat="43.7180660" lon="7.2692620"/>
 <node id="1533313025" visible="true" version="1" changeset="10046231" timestamp="2011-12-05T22:33:36Z" user="Vlad" uid="24247" lat="43.7180870" lon="7.2698920"/>
 <node id="1533313030" visible="true" version="1" changeset="10046231" timestamp="2011-12-05T22:33:37Z" user="Vlad" uid="24247" lat="43.7180940" lon="7.2698970"/>
 <node id="1533313037" visible="true" version="1" changeset="10046231" timestamp="2011-12-05T22:33:37Z" user="Vlad" uid="24247" lat="43.7180990" lon="7.2698640"/>
 <node id="1533313045" visible="true" version="1" changeset="10046231" timestamp="2011-12-05T22:33:37Z" user="Vlad" uid="24247" lat="43.7181070" lon="7.2699070"/>
 <node id="1533313056" visible="true" version="1" changeset="10046231" timestamp="2011-12-05T22:33:38Z" user="Vlad" uid="24247" lat="43.7181140" lon="7.2701350"/>
 <node id="1533313059" visible="true" version="1" changeset="10046231" timestamp="2011-12-05T22:33:38Z" user="Vlad" uid="24247" lat="43.7181160" lon="7.2692670"/>
 <node id="1533313060" visible="true" version="1" changeset="10046231" timestamp="2011-12-05T22:33:38Z" user="Vlad" uid="24247" lat="43.7181160" lon="7.2692850"/>
 <node id="1533313061" visible="true" version="1" changeset="10046231" timestamp="2011-12-05T22:33:38Z" user="Vlad" uid="24247" lat="43.7181160" lon="7.2705770"/>
 <node id="1533313065" visible="true" version="1" changeset="10046231" timestamp="2011-12-05T22:33:38Z" user="Vlad" uid="24247" lat="43.7181170" lon="7.2693050"/>
 <node id="1533313066" visible="true" version="1" changeset="10046231" timestamp="2011-12-05T22:33:38Z" user="Vlad" uid="24247" lat="43.7181170" lon="7.2693110"/>
 <node id="1533313068" visible="true" version="1" changeset="10046231" timestamp="2011-12-05T22:33:38Z" user="Vlad" uid="24247" lat="43.7181180" lon="7.2693180"/>
 <node id="1533313073" visible="true" version="1" changeset="10046231" timestamp="2011-12-05T22:33:39Z" user="Vlad" uid="24247" lat="43.7181210" lon="7.2692990"/>
 <node id="1533313076" visible="true" version="1" changeset="10046231" timestamp="2011-12-05T22:33:39Z" user="Vlad" uid="24247" lat="43.7181220" lon="7.2692330"/>
 <node id="1533313077" visible="true" version="1" changeset="10046231" timestamp="2011-12-05T22:33:39Z" user="Vlad" uid="24247" lat="43.7181240" lon="7.2692600"/>
 <node id="1533313081" visible="true" version="1" changeset="10046231" timestamp="2011-12-05T22:33:39Z" user="Vlad" uid="24247" lat="43.7181250" lon="7.2692970"/>
 <node id="1533313096" visible="true" version="1" changeset="10046231" timestamp="2011-12-05T22:33:40Z" user="Vlad" uid="24247" lat="43.7181340" lon="7.2692590"/>
 <node id="1533313098" visible="true" version="1" changeset="10046231" timestamp="2011-12-05T22:33:40Z" user="Vlad" uid="24247" lat="43.7181350" lon="7.2704460"/>
 <node id="1533313101" visible="true" version="1" changeset="10046231" timestamp="2011-12-05T22:33:40Z" user="Vlad" uid="24247" lat="43.7181380" lon="7.2704310"/>
 <node id="1533313107" visible="true" version="1" changeset="10046231" timestamp="2011-12-05T22:33:41Z" user="Vlad" uid="24247" lat="43.7181410" lon="7.2699350"/>
 <node id="1533313112" visible="true" version="1" changeset="10046231" timestamp="2011-12-05T22:33:41Z" user="Vlad" uid="24247" lat="43.7181450" lon="7.2696120"/>
 <node id="1533313120" visible="true" version="1" changeset="10046231" timestamp="2011-12-05T22:33:42Z" user="Vlad" uid="24247" lat="43.7181520" lon="7.2699090"/>
 <node id="1533313128" visible="true" version="1" changeset="10046231" timestamp="2011-12-05T22:33:42Z" user="Vlad" uid="24247" lat="43.7181590" lon="7.2692020"/>
 <node id="1533313133" visible="true" version="1" changeset="10046231" timestamp="2011-12-05T22:33:42Z" user="Vlad" uid="24247" lat="43.7181660" lon="7.2695400"/>
 <node id="1533313149" visible="true" version="1" changeset="10046231" timestamp="2011-12-05T22:33:43Z" user="Vlad" uid="24247" lat="43.7181790" lon="7.2692510"/>
 <node id="1533313153" visible="true" version="1" changeset="10046231" timestamp="2011-12-05T22:33:43Z" user="Vlad" uid="24247" lat="43.7181840" lon="7.2692520"/>
 <node id="1533313155" visible="true" version="1" changeset="10046231" timestamp="2011-12-05T22:33:43Z" user="Vlad" uid="24247" lat="43.7181850" lon="7.2699720"/>
 <node id="1533313171" visible="true" version="1" changeset="10046231" timestamp="2011-12-05T22:33:45Z" user="Vlad" uid="24247" lat="43.7181990" lon="7.2695000"/>
 <node id="1533313172" visible="true" version="1" changeset="10046231" timestamp="2011-12-05T22:33:45Z" user="Vlad" uid="24247" lat="43.7181990" lon="7.2706010"/>
 <node id="1533313197" visible="true" version="1" changeset="10046231" timestamp="2011-12-05T22:33:46Z" user="Vlad" uid="24247" lat="43.7182190" lon="7.2696450"/>
 <node id="1533313202" visible="true" version="1" changeset="10046231" timestamp="2011-12-05T22:33:46Z" user="Vlad" uid="24247" lat="43.7182220" lon="7.2694810"/>
 <node id="1533313211" visible="true" version="1" changeset="10046231" timestamp="2011-12-05T22:33:47Z" user="Vlad" uid="24247" lat="43.7182260" lon="7.2694940"/>
 <node id="1533313215" visible="true" version="1" changeset="10046231" timestamp="2011-12-05T22:33:47Z" user="Vlad" uid="24247" lat="43.7182280" lon="7.2704560"/>
 <node id="1533313219" visible="true" version="1" changeset="10046231" timestamp="2011-12-05T22:33:47Z" user="Vlad" uid="24247" lat="43.7182310" lon="7.2695010"/>
 <node id="1533313232" visible="true" version="1" changeset="10046231" timestamp="2011-12-05T22:33:48Z" user="Vlad" uid="24247" lat="43.7182380" lon="7.2695020"/>
 <node id="1533313245" visible="true" version="1" changeset="10046231" timestamp="2011-12-05T22:33:49Z" user="Vlad" uid="24247" lat="43.7182450" lon="7.2694620"/>
 <node id="1533313247" visible="true" version="1" changeset="10046231" timestamp="2011-12-05T22:33:49Z" user="Vlad" uid="24247" lat="43.7182460" lon="7.2694980"/>
 <node id="1533313253" visible="true" version="1" changeset="10046231" timestamp="2011-12-05T22:33:49Z" user="Vlad" uid="24247" lat="43.7182520" lon="7.2694860"/>
 <node id="1533313254" visible="true" version="1" changeset="10046231" timestamp="2011-12-05T22:33:49Z" user="Vlad" uid="24247" lat="43.7182530" lon="7.2694740"/>
 <node id="1533313265" visible="true" version="1" changeset="10046231" timestamp="2011-12-05T22:33:50Z" user="Vlad" uid="24247" lat="43.7182660" lon="7.2706200"/>
 <node id="1533313268" visible="true" version="1" changeset="10046231" timestamp="2011-12-05T22:33:50Z" user="Vlad" uid="24247" lat="43.7182670" lon="7.2694420"/>
 <node id="1533313270" visible="true" version="1" changeset="10046231" timestamp="2011-12-05T22:33:50Z" user="Vlad" uid="24247" lat="43.7182680" lon="7.2695520"/>
 <node id="1533313271" visible="true" version="1" changeset="10046231" timestamp="2011-12-05T22:33:50Z" user="Vlad" uid="24247" lat="43.7182700" lon="7.2705960"/>
 <node id="1533313280" visible="true" version="1" changeset="10046231" timestamp="2011-12-05T22:33:51Z" user="Vlad" uid="24247" lat="43.7182810" lon="7.2704710"/>
 <node id="1533313281" visible="true" version="1" changeset="10046231" timestamp="2011-12-05T22:33:51Z" user="Vlad" uid="24247" lat="43.7182820" lon="7.2705060"/>
 <node id="1533313288" visible="true" version="1" changeset="10046231" timestamp="2011-12-05T22:33:51Z" user="Vlad" uid="24247" lat="43.7182870" lon="7.2704730"/>
 <node id="1533313307" visible="true" version="1" changeset="10046231" timestamp="2011-12-05T22:33:52Z" user="Vlad" uid="24247" lat="43.7183100" lon="7.2704780"/>
 <node id="1533313309" visible="true" version="1" changeset="10046231" timestamp="2011-12-05T22:33:52Z" user="Vlad" uid="24247" lat="43.7183120" lon="7.2706060"/>
 <node id="1533313320" visible="true" version="1" changeset="10046231" timestamp="2011-12-05T22:33:53Z" user="Vlad" uid="24247" lat="43.7183240" lon="7.2705080"/>
 <node id="1533313321" visible="true" version="1" changeset="10046231" timestamp="2011-12-05T22:33:53Z" user="Vlad" uid="24247" lat="43.7183270" lon="7.2704820"/>
 <node id="1533313373" visible="true" version="1" changeset="10046231" timestamp="2011-12-05T22:33:56Z" user="Vlad" uid="24247" lat="43.7183760" lon="7.2705980"/>
 <node id="1533313430" visible="true" version="1" changeset="10046231" timestamp="2011-12-05T22:33:58Z" user="Vlad" uid="24247" lat="43.7184050" lon="7.2706300"/>
 <node id="1533313450" visible="true" version="1" changeset="10046231" timestamp="2011-12-05T22:33:59Z" user="Vlad" uid="24247" lat="43.7184190" lon="7.2687690"/>
 <node id="1533313457" visible="true" version="1" changeset="10046231" timestamp="2011-12-05T22:33:59Z" user="Vlad" uid="24247" lat="43.7184280" lon="7.2705010"/>
 <node id="1533313464" visible="true" version="1" changeset="10046231" timestamp="2011-12-05T22:34:00Z" user="Vlad" uid="24247" lat="43.7184320" lon="7.2687490"/>
 <node id="1533313470" visible="true" version="1" changeset="10046231" timestamp="2011-12-05T22:34:00Z" user="Vlad" uid="24247" lat="43.7184350" lon="7.2687870"/>
 <node id="1533313480" visible="true" version="1" changeset="10046231" timestamp="2011-12-05T22:34:01Z" user="Vlad" uid="24247" lat="43.7184470" lon="7.2687680"/>
 <node id="1533313485" visible="true" version="1" changeset="10046231" timestamp="2011-12-05T22:34:01Z" user="Vlad" uid="24247" lat="43.7184510" lon="7.2704590"/>
 <node id="1533313496" visible="true" version="1" changeset="10046231" timestamp="2011-12-05T22:34:02Z" user="Vlad" uid="24247" lat="43.7184680" lon="7.2704770"/>
 <node id="1533313504" visible="true" version="1" changeset="10046231" timestamp="2011-12-05T22:34:02Z" user="Vlad" uid="24247" lat="43.7184740" lon="7.2706990"/>
 <node id="1533313508" visible="true" version="1" changeset="10046231" timestamp="2011-12-05T22:34:03Z" user="Vlad" uid="24247" lat="43.7184820" lon="7.2689790"/>
 <node id="1533313509" visible="true" version="1" changeset="10046231" timestamp="2011-12-05T22:34:03Z" user="Vlad" uid="24247" lat="43.7184870" lon="7.2706750"/>
 <node id="1533313517" visible="true" version="1" changeset="10046231" timestamp="2011-12-05T22:34:03Z" user="Vlad" uid="24247" lat="43.7185000" lon="7.2688910"/>
 <node id="1533313533" visible="true" version="1" changeset="10046231" timestamp="2011-12-05T22:34:04Z" user="Vlad" uid="24247" lat="43.7185300" lon="7.2705410"/>
 <node id="1533313541" visible="true" version="1" changeset="10046231" timestamp="2011-12-05T22:34:05Z" user="Vlad" uid="24247" lat="43.7185420" lon="7.2690000"/>
 <node id="1533313549" visible="true" version="1" changeset="10046231" timestamp="2011-12-05T22:34:05Z" user="Vlad" uid="24247" lat="43.7185480" lon="7.2705610"/>
 <node id="1533313556" visible="true" version="1" changeset="10046231" timestamp="2011-12-05T22:34:06Z" user="Vlad" uid="24247" lat="43.7185600" lon="7.2689160"/>
 <node id="1533313579" visible="true" version="1" changeset="10046231" timestamp="2011-12-05T22:34:07Z" user="Vlad" uid="24247" lat="43.7186180" lon="7.2698880"/>
 <node id="1533313605" visible="true" version="1" changeset="10046231" timestamp="2011-12-05T22:34:08Z" user="Vlad" uid="24247" lat="43.7186380" lon="7.2700510"/>
 <node id="1533313621" visible="true" version="1" changeset="10046231" timestamp="2011-12-05T22:34:09Z" user="Vlad" uid="24247" lat="43.7186560" lon="7.2698150"/>
 <node id="1533313663" visible="true" version="1" changeset="10046231" timestamp="2011-12-05T22:34:11Z" user="Vlad" uid="24247" lat="43.7187080" lon="7.2684370"/>
 <node id="1533313675" visible="true" version="1" changeset="10046231" timestamp="2011-12-05T22:34:12Z" user="Vlad" uid="24247" lat="43.7187240" lon="7.2698820"/>
 <node id="1533313689" visible="true" version="1" changeset="10046231" timestamp="2011-12-05T22:34:13Z" user="Vlad" uid="24247" lat="43.7187410" lon="7.2695300"/>
 <node id="1533313698" visible="true" version="1" changeset="10046231" timestamp="2011-12-05T22:34:13Z" user="Vlad" uid="24247" lat="43.7187530" lon="7.2684860"/>
 <node id="1533313699" visible="true" version="1" changeset="10046231" timestamp="2011-12-05T22:34:14Z" user="Vlad" uid="24247" lat="43.7187570" lon="7.2695550"/>
 <node id="1533313713" visible="true" version="1" changeset="10046231" timestamp="2011-12-05T22:34:14Z" user="Vlad" uid="24247" lat="43.7187730" lon="7.2684090"/>
 <node id="1533313720" visible="true" version="1" changeset="10046231" timestamp="2011-12-05T22:34:15Z" user="Vlad" uid="24247" lat="43.7187810" lon="7.2694760"/>
 <node id="1533313722" visible="true" version="1" changeset="10046231" timestamp="2011-12-05T22:34:15Z" user="Vlad" uid="24247" lat="43.7187850" lon="7.2682940"/>
 <node id="1533313724" visible="true" version="1" changeset="10046231" timestamp="2011-12-05T22:34:15Z" user="Vlad" uid="24247" lat="43.7187880" lon="7.2684270"/>
 <node id="1533313726" visible="true" version="1" changeset="10046231" timestamp="2011-12-05T22:34:15Z" user="Vlad" uid="24247" lat="43.7187900" lon="7.2682990"/>
 <node id="1533313731" visible="true" version="1" changeset="10046231" timestamp="2011-12-05T22:34:16Z" user="Vlad" uid="24247" lat="43.7187940" lon="7.2683340"/>
 <node id="1533313732" visible="true" version="1" changeset="10046231" timestamp="2011-12-05T22:34:16Z" user="Vlad" uid="24247" lat="43.7187950" lon="7.2691370"/>
 <node id="1533313738" visible="true" version="1" changeset="10046231" timestamp="2011-12-05T22:34:16Z" user="Vlad" uid="24247" lat="43.7187990" lon="7.2691580"/>
 <node id="1533313739" visible="true" version="1" changeset="10046231" timestamp="2011-12-05T22:34:16Z" user="Vlad" uid="24247" lat="43.7188000" lon="7.2691500"/>
 <node id="1533313740" visible="true" version="1" changeset="10046231" timestamp="2011-12-05T22:34:16Z" user="Vlad" uid="24247" lat="43.7188000" lon="7.2695000"/>
 <node id="1533313743" visible="true" version="1" changeset="10046231" timestamp="2011-12-05T22:34:16Z" user="Vlad" uid="24247" lat="43.7188030" lon="7.2691410"/>
 <node id="1533313748" visible="true" version="1" changeset="10046231" timestamp="2011-12-05T22:34:16Z" user="Vlad" uid="24247" lat="43.7188080" lon="7.2683500"/>
 <node id="1533313750" visible="true" version="1" changeset="10046231" timestamp="2011-12-05T22:34:17Z" user="Vlad" uid="24247" lat="43.7188090" lon="7.2691880"/>
 <node id="1533313759" visible="true" version="1" changeset="10046231" timestamp="2011-12-05T22:34:17Z" user="Vlad" uid="24247" lat="43.7188240" lon="7.2685650"/>
 <node id="1533313767" visible="true" version="1" changeset="10046231" timestamp="2011-12-05T22:34:18Z" user="Vlad" uid="24247" lat="43.7188300" lon="7.2691950"/>
 <node id="1533313775" visible="true" version="1" changeset="10046231" timestamp="2011-12-05T22:34:18Z" user="Vlad" uid="24247" lat="43.7188410" lon="7.2693570"/>
 <node id="1533313780" visible="true" version="1" changeset="10046231" timestamp="2011-12-05T22:34:19Z" user="Vlad" uid="24247" lat="43.7188470" lon="7.2691780"/>
 <node id="1533313782" visible="true" version="1" changeset="10046231" timestamp="2011-12-05T22:34:19Z" user="Vlad" uid="24247" lat="43.7188490" lon="7.2691650"/>
 <node id="1533313784" visible="true" version="1" changeset="10046231" timestamp="2011-12-05T22:34:19Z" user="Vlad" uid="24247" lat="43.7188500" lon="7.2681810"/>
 <node id="1533313788" visible="true" version="1" changeset="10046231" timestamp="2011-12-05T22:34:19Z" user="Vlad" uid="24247" lat="43.7188530" lon="7.2688730"/>
 <node id="1533313792" visible="true" version="1" changeset="10046231" timestamp="2011-12-05T22:34:19Z" user="Vlad" uid="24247" lat="43.7188560" lon="7.2681850"/>
 <node id="1533313797" visible="true" version="1" changeset="10046231" timestamp="2011-12-05T22:34:20Z" user="Vlad" uid="24247" lat="43.7188620" lon="7.2694180"/>
 <node id="1533313799" visible="true" version="1" changeset="10046231" timestamp="2011-12-05T22:34:20Z" user="Vlad" uid="24247" lat="43.7188630" lon="7.2693870"/>
 <node id="1533313801" visible="true" version="1" changeset="10046231" timestamp="2011-12-05T22:34:20Z" user="Vlad" uid="24247" lat="43.7188640" lon="7.2691690"/>
 <node id="1533313802" visible="true" version="1" changeset="10046231" timestamp="2011-12-05T22:34:20Z" user="Vlad" uid="24247" lat="43.7188650" lon="7.2691650"/>
 <node id="1533313805" visible="true" version="1" changeset="10046231" timestamp="2011-12-05T22:34:20Z" user="Vlad" uid="24247" lat="43.7188690" lon="7.2682030"/>
 <node id="1533313806" visible="true" version="1" changeset="10046231" timestamp="2011-12-05T22:34:20Z" user="Vlad" uid="24247" lat="43.7188690" lon="7.2693180"/>
 <node id="1533313810" visible="true" version="1" changeset="10046231" timestamp="2011-12-05T22:34:21Z" user="Vlad" uid="24247" lat="43.7188730" lon="7.2681560"/>
 <node id="1533313811" visible="true" version="1" changeset="10046231" timestamp="2011-12-05T22:34:21Z" user="Vlad" uid="24247" lat="43.7188740" lon="7.2694030"/>
 <node id="1533313813" visible="true" version="1" changeset="10046231" timestamp="2011-12-05T22:34:21Z" user="Vlad" uid="24247" lat="43.7188770" lon="7.2694120"/>
 <node id="1533313821" visible="true" version="1" changeset="10046231" timestamp="2011-12-05T22:34:21Z" user="Vlad" uid="24247" lat="43.7188810" lon="7.2682160"/>
 <node id="1533313828" visible="true" version="1" changeset="10046231" timestamp="2011-12-05T22:34:22Z" user="Vlad" uid="24247" lat="43.7188870" lon="7.2694230"/>
 <node id="1533313830" visible="true" version="1" changeset="10046231" timestamp="2011-12-05T22:34:22Z" user="Vlad" uid="24247" lat="43.7188880" lon="7.2681720"/>
 <node id="1533313833" visible="true" version="1" changeset="10046231" timestamp="2011-12-05T22:34:22Z" user="Vlad" uid="24247" lat="43.7188910" lon="7.2691730"/>
 <node id="1533313835" visible="true" version="1" changeset="10046231" timestamp="2011-12-05T22:34:22Z" user="Vlad" uid="24247" lat="43.7188920" lon="7.2693470"/>
 <node id="1533313837" visible="true" version="1" changeset="10046231" timestamp="2011-12-05T22:34:22Z" user="Vlad" uid="24247" lat="43.7188940" lon="7.2684490"/>
 <node id="1533313839" visible="true" version="1" changeset="10046231" timestamp="2011-12-05T22:34:22Z" user="Vlad" uid="24247" lat="43.7188960" lon="7.2694620"/>
 <node id="1533313844" visible="true" version="1" changeset="10046231" timestamp="2011-12-05T22:34:23Z" user="Vlad" uid="24247" lat="43.7188990" lon="7.2681850"/>
 <node id="1533313845" visible="true" version="1" changeset="10046231" timestamp="2011-12-05T22:34:23Z" user="Vlad" uid="24247" lat="43.7189000" lon="7.2686070"/>
 <node id="1533313847" visible="true" version="1" changeset="10046231" timestamp="2011-12-05T22:34:23Z" user="Vlad" uid="24247" lat="43.7189030" lon="7.2686200"/>
 <node id="1533313849" visible="true" version="1" changeset="10046231" timestamp="2011-12-05T22:34:23Z" user="Vlad" uid="24247" lat="43.7189060" lon="7.2684300"/>
 <node id="1533313852" visible="true" version="1" changeset="10046231" timestamp="2011-12-05T22:34:23Z" user="Vlad" uid="24247" lat="43.7189070" lon="7.2694430"/>
 <node id="1533313857" visible="true" version="1" changeset="10046231" timestamp="2011-12-05T22:34:23Z" user="Vlad" uid="24247" lat="43.7189130" lon="7.2697430"/>
 <node id="1533313858" visible="true" version="1" changeset="10046231" timestamp="2011-12-05T22:34:23Z" user="Vlad" uid="24247" lat="43.7189140" lon="7.2686450"/>
 <node id="1533313860" visible="true" version="1" changeset="10046231" timestamp="2011-12-05T22:34:24Z" user="Vlad" uid="24247" lat="43.7189160" lon="7.2684730"/>
 <node id="1533313865" visible="true" version="1" changeset="10046231" timestamp="2011-12-05T22:34:24Z" user="Vlad" uid="24247" lat="43.7189160" lon="7.2688970"/>
 <node id="1533313870" visible="true" version="1" changeset="10046231" timestamp="2011-12-05T22:34:24Z" user="Vlad" uid="24247" lat="43.7189200" lon="7.2686540"/>
 <node id="1533313873" visible="true" version="1" changeset="10046231" timestamp="2011-12-05T22:34:24Z" user="Vlad" uid="24247" lat="43.7189210" lon="7.2685130"/>
 <node id="1533313874" visible="true" version="1" changeset="10046231" timestamp="2011-12-05T22:34:24Z" user="Vlad" uid="24247" lat="43.7189210" lon="7.2688720"/>
 <node id="1533313885" visible="true" version="1" changeset="10046231" timestamp="2011-12-05T22:34:25Z" user="Vlad" uid="24247" lat="43.7189230" lon="7.2697230"/>
 <node id="1533313887" visible="true" version="1" changeset="10046231" timestamp="2011-12-05T22:34:25Z" user="Vlad" uid="24247" lat="43.7189260" lon="7.2691860"/>
 <node id="1533313891" visible="true" version="1" changeset="10046231" timestamp="2011-12-05T22:34:25Z" user="Vlad" uid="24247" lat="43.7189280" lon="7.2684540"/>
 <node id="1533313893" visible="true" version="1" changeset="10046231" timestamp="2011-12-05T22:34:25Z" user="Vlad" uid="24247" lat="43.7189280" lon="7.2686200"/>
 <node id="1533313907" visible="true" version="1" changeset="10046231" timestamp="2011-12-05T22:34:25Z" user="Vlad" uid="24247" lat="43.7189390" lon="7.2691310"/>
 <node id="1533313911" visible="true" version="1" changeset="10046231" timestamp="2011-12-05T22:34:25Z" user="Vlad" uid="24247" lat="43.7189410" lon="7.2691320"/>
 <node id="1533313913" visible="true" version="1" changeset="10046231" timestamp="2011-12-05T22:34:25Z" user="Vlad" uid="24247" lat="43.7189440" lon="7.2685220"/>
 <node id="1533313926" visible="true" version="1" changeset="10046231" timestamp="2011-12-05T22:34:26Z" user="Vlad" uid="24247" lat="43.7189490" lon="7.2683870"/>
 <node id="1533313934" visible="true" version="1" changeset="10046231" timestamp="2011-12-05T22:34:26Z" user="Vlad" uid="24247" lat="43.7189510" lon="7.2684960"/>
 <node id="1533313951" visible="true" version="1" changeset="10046231" timestamp="2011-12-05T22:34:26Z" user="Vlad" uid="24247" lat="43.7189570" lon="7.2700410"/>
 <node id="1533313954" visible="true" version="1" changeset="10046231" timestamp="2011-12-05T22:34:27Z" user="Vlad" uid="24247" lat="43.7189600" lon="7.2684000"/>
 <node id="1533313955" visible="true" version="1" changeset="10046231" timestamp="2011-12-05T22:34:27Z" user="Vlad" uid="24247" lat="43.7189600" lon="7.2690280"/>
 <node id="1533313957" visible="true" version="1" changeset="10046231" timestamp="2011-12-05T22:34:27Z" user="Vlad" uid="24247" lat="43.7189610" lon="7.2682540"/>
 <node id="1533313962" visible="true" version="1" changeset="10046231" timestamp="2011-12-05T22:34:27Z" user="Vlad" uid="24247" lat="43.7189650" lon="7.2688880"/>
 <node id="1533313963" visible="true" version="1" changeset="10046231" timestamp="2011-12-05T22:34:27Z" user="Vlad" uid="24247" lat="43.7189650" lon="7.2690320"/>
 <node id="1533313965" visible="true" version="1" changeset="10046231" timestamp="2011-12-05T22:34:27Z" user="Vlad" uid="24247" lat="43.7189690" lon="7.2688690"/>
 <node id="1533313968" visible="true" version="1" changeset="10046231" timestamp="2011-12-05T22:34:27Z" user="Vlad" uid="24247" lat="43.7189710" lon="7.2682370"/>
 <node id="1533313970" visible="true" version="1" changeset="10046231" timestamp="2011-12-05T22:34:27Z" user="Vlad" uid="24247" lat="43.7189720" lon="7.2697690"/>
 <node id="1533313974" visible="true" version="1" changeset="10046231" timestamp="2011-12-05T22:34:28Z" user="Vlad" uid="24247" lat="43.7189770" lon="7.2688710"/>
 <node id="1533313978" visible="true" version="1" changeset="10046231" timestamp="2011-12-05T22:34:28Z" user="Vlad" uid="24247" lat="43.7189830" lon="7.2689320"/>
 <node id="1533313980" visible="true" version="1" changeset="10046231" timestamp="2011-12-05T22:34:28Z" user="Vlad" uid="24247" lat="43.7189850" lon="7.2686810"/>
 <node id="1533313982" visible="true" version="1" changeset="10046231" timestamp="2011-12-05T22:34:28Z" user="Vlad" uid="24247" lat="43.7189880" lon="7.2686970"/>
 <node id="1533313985" visible="true" version="1" changeset="10046231" timestamp="2011-12-05T22:34:28Z" user="Vlad" uid="24247" lat="43.7189920" lon="7.2687830"/>
 <node id="1533313986" visible="true" version="1" changeset="10046231" timestamp="2011-12-05T22:34:28Z" user="Vlad" uid="24247" lat="43.7189920" lon="7.2688600"/>
 <node id="1533313989" visible="true" version="1" changeset="10046231" timestamp="2011-12-05T22:34:29Z" user="Vlad" uid="24247" lat="43.7189950" lon="7.2687190"/>
 <node id="1533313993" visible="true" version="1" changeset="10046231" timestamp="2011-12-05T22:34:29Z" user="Vlad" uid="24247" lat="43.7190020" lon="7.2682980"/>
 <node id="1533313994" visible="true" version="1" changeset="10046231" timestamp="2011-12-05T22:34:29Z" user="Vlad" uid="24247" lat="43.7190020" lon="7.2687300"/>
 <node id="1533313997" visible="true" version="1" changeset="10046231" timestamp="2011-12-05T22:34:29Z" user="Vlad" uid="24247" lat="43.7190080" lon="7.2688660"/>
 <node id="1533313998" visible="true" version="1" changeset="10046231" timestamp="2011-12-05T22:34:29Z" user="Vlad" uid="24247" lat="43.7190100" lon="7.2689430"/>
 <node id="1533313999" visible="true" version="1" changeset="10046231" timestamp="2011-12-05T22:34:29Z" user="Vlad" uid="24247" lat="43.7190110" lon="7.2682810"/>
 <node id="1533314000" visible="true" version="1" changeset="10046231" timestamp="2011-12-05T22:34:29Z" user="Vlad" uid="24247" lat="43.7190110" lon="7.2686920"/>
 <node id="1533314005" visible="true" version="1" changeset="10046231" timestamp="2011-12-05T22:34:30Z" user="Vlad" uid="24247" lat="43.7190170" lon="7.2688840"/>
 <node id="1533314008" visible="true" version="1" changeset="10046231" timestamp="2011-12-05T22:34:30Z" user="Vlad" uid="24247" lat="43.7190230" lon="7.2688860"/>
 <node id="1533314009" visible="true" version="1" changeset="10046231" timestamp="2011-12-05T22:34:30Z" user="Vlad" uid="24247" lat="43.7190270" lon="7.2700940"/>
 <node id="1533314010" visible="true" version="1" changeset="10046231" timestamp="2011-12-05T22:34:30Z" user="Vlad" uid="24247" lat="43.7190290" lon="7.2698550"/>
 <node id="1533314012" visible="true" version="1" changeset="10046231" timestamp="2011-12-05T22:34:30Z" user="Vlad" uid="24247" lat="43.7190310" lon="7.2700900"/>
 <node id="1533314013" visible="true" version="1" changeset="10046231" timestamp="2011-12-05T22:34:30Z" user="Vlad" uid="24247" lat="43.7190320" lon="7.2698290"/>
 <node id="1533314014" visible="true" version="1" changeset="10046231" timestamp="2011-12-05T22:34:30Z" user="Vlad" uid="24247" lat="43.7190330" lon="7.2690190"/>
 <node id="1533314019" visible="true" version="1" changeset="10046231" timestamp="2011-12-05T22:34:31Z" user="Vlad" uid="24247" lat="43.7190380" lon="7.2698330"/>
 <node id="1533314023" visible="true" version="1" changeset="10046231" timestamp="2011-12-05T22:34:31Z" user="Vlad" uid="24247" lat="43.7190500" lon="7.2688070"/>
 <node id="1533314024" visible="true" version="1" changeset="10046231" timestamp="2011-12-05T22:34:31Z" user="Vlad" uid="24247" lat="43.7190500" lon="7.2688190"/>
 <node id="1533314031" visible="true" version="1" changeset="10046231" timestamp="2011-12-05T22:34:31Z" user="Vlad" uid="24247" lat="43.7190610" lon="7.2688450"/>
 <node id="1533314032" visible="true" version="1" changeset="10046231" timestamp="2011-12-05T22:34:31Z" user="Vlad" uid="24247" lat="43.7190640" lon="7.2701150"/>
 <node id="1533314037" visible="true" version="1" changeset="10046231" timestamp="2011-12-05T22:34:32Z" user="Vlad" uid="24247" lat="43.7190670" lon="7.2688560"/>
 <node id="1533314038" visible="true" version="1" changeset="10046231" timestamp="2011-12-05T22:34:32Z" user="Vlad" uid="24247" lat="43.7190670" lon="7.2701130"/>
 <node id="1533314043" visible="true" version="1" changeset="10046231" timestamp="2011-12-05T22:34:32Z" user="Vlad" uid="24247" lat="43.7190760" lon="7.2688160"/>
 <node id="1533314044" visible="true" version="1" changeset="10046231" timestamp="2011-12-05T22:34:32Z" user="Vlad" uid="24247" lat="43.7190760" lon="7.2699160"/>
 <node id="1533314046" visible="true" version="1" changeset="10046231" timestamp="2011-12-05T22:34:32Z" user="Vlad" uid="24247" lat="43.7190830" lon="7.2698950"/>
 <node id="1533314050" visible="true" version="1" changeset="10046231" timestamp="2011-12-05T22:34:33Z" user="Vlad" uid="24247" lat="43.7190880" lon="7.2701280"/>
 <node id="1533314051" visible="true" version="1" changeset="10046231" timestamp="2011-12-05T22:34:33Z" user="Vlad" uid="24247" lat="43.7190890" lon="7.2701280"/>
 <node id="1533314057" visible="true" version="1" changeset="10046231" timestamp="2011-12-05T22:34:33Z" user="Vlad" uid="24247" lat="43.7191040" lon="7.2695560"/>
 <node id="1533314059" visible="true" version="1" changeset="10046231" timestamp="2011-12-05T22:34:33Z" user="Vlad" uid="24247" lat="43.7191050" lon="7.2701280"/>
 <node id="1533314070" visible="true" version="1" changeset="10046231" timestamp="2011-12-05T22:34:34Z" user="Vlad" uid="24247" lat="43.7191110" lon="7.2700820"/>
 <node id="1533314074" visible="true" version="1" changeset="10046231" timestamp="2011-12-05T22:34:34Z" user="Vlad" uid="24247" lat="43.7191160" lon="7.2701050"/>
 <node id="1533314078" visible="true" version="1" changeset="10046231" timestamp="2011-12-05T22:34:34Z" user="Vlad" uid="24247" lat="43.7191210" lon="7.2700520"/>
 <node id="1533314079" visible="true" version="1" changeset="10046231" timestamp="2011-12-05T22:34:34Z" user="Vlad" uid="24247" lat="43.7191220" lon="7.2700440"/>
 <node id="1533314080" visible="true" version="1" changeset="10046231" timestamp="2011-12-05T22:34:34Z" user="Vlad" uid="24247" lat="43.7191230" lon="7.2690570"/>
 <node id="1533314094" visible="true" version="1" changeset="10046231" timestamp="2011-12-05T22:34:34Z" user="Vlad" uid="24247" lat="43.7191320" lon="7.2690120"/>
 <node id="1533314100" visible="true" version="1" changeset="10046231" timestamp="2011-12-05T22:34:34Z" user="Vlad" uid="24247" lat="43.7191350" lon="7.2694940"/>
 <node id="1533314102" visible="true" version="1" changeset="10046231" timestamp="2011-12-05T22:34:35Z" user="Vlad" uid="24247" lat="43.7191380" lon="7.2690630"/>
 <node id="1533314103" visible="true" version="1" changeset="10046231" timestamp="2011-12-05T22:34:35Z" user="Vlad" uid="24247" lat="43.7191390" lon="7.2700410"/>
 <node id="1533314104" visible="true" version="1" changeset="10046231" timestamp="2011-12-05T22:34:35Z" user="Vlad" uid="24247" lat="43.7191410" lon="7.2700060"/>
 <node id="1533314110" visible="true" version="1" changeset="10046231" timestamp="2011-12-05T22:34:35Z" user="Vlad" uid="24247" lat="43.7191420" lon="7.2694990"/>
 <node id="1533314112" visible="true" version="1" changeset="10046231" timestamp="2011-12-05T22:34:35Z" user="Vlad" uid="24247" lat="43.7191430" lon="7.2700360"/>
 <node id="1533314114" visible="true" version="1" changeset="10046231" timestamp="2011-12-05T22:34:35Z" user="Vlad" uid="24247" lat="43.7191440" lon="7.2700170"/>
 <node id="1533314116" visible="true" version="1" changeset="10046231" timestamp="2011-12-05T22:34:35Z" user="Vlad" uid="24247" lat="43.7191440" lon="7.2700290"/>
 <node id="1533314122" visible="true" version="1" changeset="10046231" timestamp="2011-12-05T22:34:35Z" user="Vlad" uid="24247" lat="43.7191480" lon="7.2690180"/>
 <node id="1533314129" visible="true" version="1" changeset="10046231" timestamp="2011-12-05T22:34:36Z" user="Vlad" uid="24247" lat="43.7191520" lon="7.2699740"/>
 <node id="1533314133" visible="true" version="1" changeset="10046231" timestamp="2011-12-05T22:34:36Z" user="Vlad" uid="24247" lat="43.7191550" lon="7.2690210"/>
 <node id="1533314143" visible="true" version="1" changeset="10046231" timestamp="2011-12-05T22:34:36Z" user="Vlad" uid="24247" lat="43.7191660" lon="7.2686420"/>
 <node id="1533314145" visible="true" version="1" changeset="10046231" timestamp="2011-12-05T22:34:36Z" user="Vlad" uid="24247" lat="43.7191700" lon="7.2688720"/>
 <node id="1533314146" visible="true" version="1" changeset="10046231" timestamp="2011-12-05T22:34:36Z" user="Vlad" uid="24247" lat="43.7191710" lon="7.2686170"/>
 <node id="1533314156" visible="true" version="1" changeset="10046231" timestamp="2011-12-05T22:34:36Z" user="Vlad" uid="24247" lat="43.7191750" lon="7.2699200"/>
 <node id="1533314160" visible="true" version="1" changeset="10046231" timestamp="2011-12-05T22:34:36Z" user="Vlad" uid="24247" lat="43.7191760" lon="7.2685910"/>
 <node id="1533314163" visible="true" version="1" changeset="10046231" timestamp="2011-12-05T22:34:37Z" user="Vlad" uid="24247" lat="43.7191810" lon="7.2694290"/>
 <node id="1533314167" visible="true" version="1" changeset="10046231" timestamp="2011-12-05T22:34:37Z" user="Vlad" uid="24247" lat="43.7191850" lon="7.2696350"/>
 <node id="1533314170" visible="true" version="1" changeset="10046231" timestamp="2011-12-05T22:34:37Z" user="Vlad" uid="24247" lat="43.7191860" lon="7.2688790"/>
 <node id="1533314174" visible="true" version="1" changeset="10046231" timestamp="2011-12-05T22:34:37Z" user="Vlad" uid="24247" lat="43.7191880" lon="7.2687830"/>
 <node id="1533314180" visible="true" version="1" changeset="10046231" timestamp="2011-12-05T22:34:37Z" user="Vlad" uid="24247" lat="43.7191990" lon="7.2687280"/>
 <node id="1533314195" visible="true" version="1" changeset="10046231" timestamp="2011-12-05T22:34:38Z" user="Vlad" uid="24247" lat="43.7192050" lon="7.2687900"/>
 <node id="1533314197" visible="true" version="1" changeset="10046231" timestamp="2011-12-05T22:34:38Z" user="Vlad" uid="24247" lat="43.7192050" lon="7.2699480"/>
 <node id="1533314199" visible="true" version="1" changeset="10046231" timestamp="2011-12-05T22:34:38Z" user="Vlad" uid="24247" lat="43.7192060" lon="7.2699710"/>
 <node id="1533314204" visible="true" version="1" changeset="10046231" timestamp="2011-12-05T22:34:38Z" user="Vlad" uid="24247" lat="43.7192130" lon="7.2686610"/>
 <node id="1533314208" visible="true" version="1" changeset="10046231" timestamp="2011-12-05T22:34:38Z" user="Vlad" uid="24247" lat="43.7192160" lon="7.2687350"/>
 <node id="1533314218" visible="true" version="1" changeset="10046231" timestamp="2011-12-05T22:34:38Z" user="Vlad" uid="24247" lat="43.7192350" lon="7.2697970"/>
 <node id="1533314228" visible="true" version="1" changeset="10046231" timestamp="2011-12-05T22:34:39Z" user="Vlad" uid="24247" lat="43.7192420" lon="7.2700070"/>
 <node id="1533314244" visible="true" version="1" changeset="10046231" timestamp="2011-12-05T22:34:39Z" user="Vlad" uid="24247" lat="43.7192650" lon="7.2695120"/>
 <node id="1533314245" visible="true" version="1" changeset="10046231" timestamp="2011-12-05T22:34:39Z" user="Vlad" uid="24247" lat="43.7192660" lon="7.2697140"/>
 <node id="1533314259" visible="true" version="1" changeset="10046231" timestamp="2011-12-05T22:34:40Z" user="Vlad" uid="24247" lat="43.7192880" lon="7.2699220"/>
 <node id="1533314264" visible="true" version="1" changeset="10046231" timestamp="2011-12-05T22:34:40Z" user="Vlad" uid="24247" lat="43.7192940" lon="7.2696580"/>
 <node id="1533314270" visible="true" version="1" changeset="10046231" timestamp="2011-12-05T22:34:41Z" user="Vlad" uid="24247" lat="43.7192990" lon="7.2699290"/>
 <node id="1533314277" visible="true" version="1" changeset="10046231" timestamp="2011-12-05T22:34:41Z" user="Vlad" uid="24247" lat="43.7193220" lon="7.2698840"/>
 <node id="1533314282" visible="true" version="1" changeset="10046231" timestamp="2011-12-05T22:34:41Z" user="Vlad" uid="24247" lat="43.7193320" lon="7.2695830"/>
 <node id="1533326652" visible="true" version="1" changeset="10046348" timestamp="2011-12-05T22:58:59Z" user="Vlad" uid="24247" lat="43.7210600" lon="7.2687350"/>
 <node id="1533326728" visible="true" version="1" changeset="10046348" timestamp="2011-12-05T22:59:02Z" user="Vlad" uid="24247" lat="43.7211090" lon="7.2687910"/>
 <node id="1533796528" visible="true" version="1" changeset="10048062" timestamp="2011-12-06T08:56:06Z" user="Vlad" uid="24247" lat="43.7164600" lon="7.2633500"/>
 <node id="1533796536" visible="true" version="1" changeset="10048062" timestamp="2011-12-06T08:56:06Z" user="Vlad" uid="24247" lat="43.7164810" lon="7.2634250"/>
 <node id="1533796546" visible="true" version="1" changeset="10048062" timestamp="2011-12-06T08:56:06Z" user="Vlad" uid="24247" lat="43.7165200" lon="7.2633590"/>
 <node id="1533797649" visible="true" version="1" changeset="10048062" timestamp="2011-12-06T08:56:36Z" user="Vlad" uid="24247" lat="43.7177550" lon="7.2641170"/>
 <node id="1533797871" visible="true" version="1" changeset="10048062" timestamp="2011-12-06T08:56:42Z" user="Vlad" uid="24247" lat="43.7178860" lon="7.2659550"/>
 <node id="1533797954" visible="true" version="1" changeset="10048062" timestamp="2011-12-06T08:56:44Z" user="Vlad" uid="24247" lat="43.7179090" lon="7.2641950"/>
 <node id="1533798027" visible="true" version="1" changeset="10048062" timestamp="2011-12-06T08:56:47Z" user="Vlad" uid="24247" lat="43.7179350" lon="7.2660260"/>
 <node id="1533798075" visible="true" version="1" changeset="10048062" timestamp="2011-12-06T08:56:48Z" user="Vlad" uid="24247" lat="43.7179600" lon="7.2636470"/>
 <node id="1533798076" visible="true" version="1" changeset="10048062" timestamp="2011-12-06T08:56:48Z" user="Vlad" uid="24247" lat="43.7179600" lon="7.2636880"/>
 <node id="1533798077" visible="true" version="1" changeset="10048062" timestamp="2011-12-06T08:56:48Z" user="Vlad" uid="24247" lat="43.7179610" lon="7.2658600"/>
 <node id="1533798115" visible="true" version="2" changeset="90582698" timestamp="2020-09-08T11:03:15Z" user="Hervé TUC" uid="922338" lat="43.7179908" lon="7.2644584"/>
 <node id="1533798135" visible="true" version="1" changeset="10048062" timestamp="2011-12-06T08:56:50Z" user="Vlad" uid="24247" lat="43.7179920" lon="7.2660520"/>
 <node id="1533798171" visible="true" version="1" changeset="10048062" timestamp="2011-12-06T08:56:51Z" user="Vlad" uid="24247" lat="43.7180120" lon="7.2659310"/>
 <node id="1533798191" visible="true" version="1" changeset="10048062" timestamp="2011-12-06T08:56:51Z" user="Vlad" uid="24247" lat="43.7180250" lon="7.2657600"/>
 <node id="1533798222" visible="true" version="1" changeset="10048062" timestamp="2011-12-06T08:56:52Z" user="Vlad" uid="24247" lat="43.7180420" lon="7.2661300"/>
 <node id="1533798225" visible="true" version="1" changeset="10048062" timestamp="2011-12-06T08:56:52Z" user="Vlad" uid="24247" lat="43.7180440" lon="7.2662270"/>
 <node id="1533798227" visible="true" version="1" changeset="10048062" timestamp="2011-12-06T08:56:52Z" user="Vlad" uid="24247" lat="43.7180460" lon="7.2659820"/>
 <node id="1533798228" visible="true" version="1" changeset="10048062" timestamp="2011-12-06T08:56:52Z" user="Vlad" uid="24247" lat="43.7180460" lon="7.2661290"/>
 <node id="1533798246" visible="true" version="2" changeset="90582698" timestamp="2020-09-08T11:03:15Z" user="Hervé TUC" uid="922338" lat="43.7180580" lon="7.2645304"/>
 <node id="1533798253" visible="true" version="2" changeset="90582698" timestamp="2020-09-08T11:03:15Z" user="Hervé TUC" uid="922338" lat="43.7180610" lon="7.2645243"/>
 <node id="1533798260" visible="true" version="1" changeset="10048062" timestamp="2011-12-06T08:56:53Z" user="Vlad" uid="24247" lat="43.7180620" lon="7.2635420"/>
 <node id="1533798296" visible="true" version="1" changeset="10048062" timestamp="2011-12-06T08:56:54Z" user="Vlad" uid="24247" lat="43.7180770" lon="7.2632280"/>
 <node id="1533798298" visible="true" version="1" changeset="10048062" timestamp="2011-12-06T08:56:54Z" user="Vlad" uid="24247" lat="43.7180770" lon="7.2662380"/>
 <node id="1533798301" visible="true" version="1" changeset="10048062" timestamp="2011-12-06T08:56:54Z" user="Vlad" uid="24247" lat="43.7180790" lon="7.2658420"/>
 <node id="1533798304" visible="true" version="1" changeset="10048062" timestamp="2011-12-06T08:56:54Z" user="Vlad" uid="24247" lat="43.7180790" lon="7.2661820"/>
 <node id="1533798313" visible="true" version="1" changeset="10048062" timestamp="2011-12-06T08:56:54Z" user="Vlad" uid="24247" lat="43.7180800" lon="7.2659280"/>
 <node id="1533798338" visible="true" version="1" changeset="10048062" timestamp="2011-12-06T08:56:54Z" user="Vlad" uid="24247" lat="43.7180930" lon="7.2656750"/>
 <node id="1533798364" visible="true" version="1" changeset="10048062" timestamp="2011-12-06T08:56:55Z" user="Vlad" uid="24247" lat="43.7180980" lon="7.2662100"/>
 <node id="1533798367" visible="true" version="1" changeset="10048062" timestamp="2011-12-06T08:56:55Z" user="Vlad" uid="24247" lat="43.7181000" lon="7.2660590"/>
 <node id="1533798369" visible="true" version="1" changeset="10048062" timestamp="2011-12-06T08:56:55Z" user="Vlad" uid="24247" lat="43.7181000" lon="7.2663060"/>
 <node id="1533798380" visible="true" version="1" changeset="10048062" timestamp="2011-12-06T08:56:55Z" user="Vlad" uid="24247" lat="43.7181060" lon="7.2662780"/>
 <node id="1533798401" visible="true" version="1" changeset="10048062" timestamp="2011-12-06T08:56:56Z" user="Vlad" uid="24247" lat="43.7181160" lon="7.2658830"/>
 <node id="1533798416" visible="true" version="1" changeset="10048062" timestamp="2011-12-06T08:56:57Z" user="Vlad" uid="24247" lat="43.7181250" lon="7.2632150"/>
 <node id="1533798435" visible="true" version="1" changeset="10048062" timestamp="2011-12-06T08:56:57Z" user="Vlad" uid="24247" lat="43.7181280" lon="7.2662510"/>
 <node id="1533798456" visible="true" version="1" changeset="10048062" timestamp="2011-12-06T08:56:58Z" user="Vlad" uid="24247" lat="43.7181350" lon="7.2661140"/>
 <node id="1533798464" visible="true" version="1" changeset="10048062" timestamp="2011-12-06T08:56:58Z" user="Vlad" uid="24247" lat="43.7181360" lon="7.2660100"/>
 <node id="1533798466" visible="true" version="1" changeset="10048062" timestamp="2011-12-06T08:56:58Z" user="Vlad" uid="24247" lat="43.7181360" lon="7.2662620"/>
 <node id="1533798502" visible="true" version="1" changeset="10048062" timestamp="2011-12-06T08:56:59Z" user="Vlad" uid="24247" lat="43.7181460" lon="7.2635320"/>
 <node id="1533798512" visible="true" version="1" changeset="10048062" timestamp="2011-12-06T08:57:00Z" user="Vlad" uid="24247" lat="43.7181480" lon="7.2657540"/>
 <node id="1533798517" visible="true" version="1" changeset="10048062" timestamp="2011-12-06T08:57:00Z" user="Vlad" uid="24247" lat="43.7181510" lon="7.2655820"/>
 <node id="1533798562" visible="true" version="1" changeset="10048062" timestamp="2011-12-06T08:57:01Z" user="Vlad" uid="24247" lat="43.7181700" lon="7.2659630"/>
 <node id="1533798563" visible="true" version="1" changeset="10048062" timestamp="2011-12-06T08:57:01Z" user="Vlad" uid="24247" lat="43.7181700" lon="7.2663270"/>
 <node id="1533798608" visible="true" version="1" changeset="10048062" timestamp="2011-12-06T08:57:02Z" user="Vlad" uid="24247" lat="43.7181900" lon="7.2661930"/>
 <node id="1533798640" visible="true" version="1" changeset="10048062" timestamp="2011-12-06T08:57:03Z" user="Vlad" uid="24247" lat="43.7182020" lon="7.2660220"/>
 <node id="1533798679" visible="true" version="1" changeset="10048062" timestamp="2011-12-06T08:57:04Z" user="Vlad" uid="24247" lat="43.7182150" lon="7.2656780"/>
 <node id="1533798701" visible="true" version="1" changeset="10048062" timestamp="2011-12-06T08:57:05Z" user="Vlad" uid="24247" lat="43.7182220" lon="7.2654900"/>
 <node id="1533798706" visible="true" version="1" changeset="10048062" timestamp="2011-12-06T08:57:05Z" user="Vlad" uid="24247" lat="43.7182250" lon="7.2664040"/>
 <node id="1533798713" visible="true" version="1" changeset="10048062" timestamp="2011-12-06T08:57:05Z" user="Vlad" uid="24247" lat="43.7182300" lon="7.2665830"/>
 <node id="1533798716" visible="true" version="1" changeset="10048062" timestamp="2011-12-06T08:57:05Z" user="Vlad" uid="24247" lat="43.7182310" lon="7.2662510"/>
 <node id="1533798734" visible="true" version="1" changeset="10048062" timestamp="2011-12-06T08:57:06Z" user="Vlad" uid="24247" lat="43.7182380" lon="7.2665600"/>
 <node id="1533798741" visible="true" version="1" changeset="10048062" timestamp="2011-12-06T08:57:06Z" user="Vlad" uid="24247" lat="43.7182410" lon="7.2665770"/>
 <node id="1533798775" visible="true" version="1" changeset="10048062" timestamp="2011-12-06T08:57:07Z" user="Vlad" uid="24247" lat="43.7182530" lon="7.2666650"/>
 <node id="1533798778" visible="true" version="1" changeset="10048062" timestamp="2011-12-06T08:57:07Z" user="Vlad" uid="24247" lat="43.7182540" lon="7.2659570"/>
 <node id="1533798780" visible="true" version="1" changeset="10048062" timestamp="2011-12-06T08:57:07Z" user="Vlad" uid="24247" lat="43.7182550" lon="7.2656850"/>
 <node id="1533798784" visible="true" version="1" changeset="10048062" timestamp="2011-12-06T08:57:07Z" user="Vlad" uid="24247" lat="43.7182570" lon="7.2661000"/>
 <node id="1533798793" visible="true" version="1" changeset="10048062" timestamp="2011-12-06T08:57:08Z" user="Vlad" uid="24247" lat="43.7182630" lon="7.2666600"/>
 <node id="1533798796" visible="true" version="1" changeset="10048062" timestamp="2011-12-06T08:57:08Z" user="Vlad" uid="24247" lat="43.7182650" lon="7.2666660"/>
 <node id="1533798809" visible="true" version="2" changeset="90582698" timestamp="2020-09-08T11:03:15Z" user="Hervé TUC" uid="922338" lat="43.7182216" lon="7.2649455"/>
 <node id="1533798816" visible="true" version="1" changeset="10048062" timestamp="2011-12-06T08:57:08Z" user="Vlad" uid="24247" lat="43.7182730" lon="7.2666630"/>
 <node id="1533798827" visible="true" version="1" changeset="10048062" timestamp="2011-12-06T08:57:09Z" user="Vlad" uid="24247" lat="43.7182820" lon="7.2661490"/>
 <node id="1533798836" visible="true" version="1" changeset="10048062" timestamp="2011-12-06T08:57:09Z" user="Vlad" uid="24247" lat="43.7182830" lon="7.2663270"/>
 <node id="1533798837" visible="true" version="1" changeset="10048062" timestamp="2011-12-06T08:57:09Z" user="Vlad" uid="24247" lat="43.7182830" lon="7.2666990"/>
 <node id="1533798847" visible="true" version="1" changeset="10048062" timestamp="2011-12-06T08:57:09Z" user="Vlad" uid="24247" lat="43.7182860" lon="7.2655500"/>
 <node id="1533798848" visible="true" version="1" changeset="10048062" timestamp="2011-12-06T08:57:09Z" user="Vlad" uid="24247" lat="43.7182860" lon="7.2655850"/>
 <node id="1533798884" visible="true" version="2" changeset="90582698" timestamp="2020-09-08T11:03:15Z" user="Hervé TUC" uid="922338" lat="43.7182584" lon="7.2648709"/>
 <node id="1533798890" visible="true" version="1" changeset="10048062" timestamp="2011-12-06T08:57:11Z" user="Vlad" uid="24247" lat="43.7183070" lon="7.2655810"/>
 <node id="1533798895" visible="true" version="1" changeset="10048062" timestamp="2011-12-06T08:57:11Z" user="Vlad" uid="24247" lat="43.7183090" lon="7.2660350"/>
 <node id="1533798900" visible="true" version="1" changeset="10048062" timestamp="2011-12-06T08:57:11Z" user="Vlad" uid="24247" lat="43.7183130" lon="7.2666860"/>
 <node id="1533798914" visible="true" version="1" changeset="10048062" timestamp="2011-12-06T08:57:11Z" user="Vlad" uid="24247" lat="43.7183170" lon="7.2657730"/>
 <node id="1533798933" visible="true" version="1" changeset="10048062" timestamp="2011-12-06T08:57:12Z" user="Vlad" uid="24247" lat="43.7183240" lon="7.2655950"/>
 <node id="1533798935" visible="true" version="1" changeset="10048062" timestamp="2011-12-06T08:57:12Z" user="Vlad" uid="24247" lat="43.7183240" lon="7.2665230"/>
 <node id="1533798953" visible="true" version="2" changeset="90582698" timestamp="2020-09-08T11:03:15Z" user="Hervé TUC" uid="922338" lat="43.7182882" lon="7.2648989"/>
 <node id="1533798967" visible="true" version="1" changeset="10048062" timestamp="2011-12-06T08:57:13Z" user="Vlad" uid="24247" lat="43.7183330" lon="7.2654890"/>
 <node id="1533798974" visible="true" version="1" changeset="10048062" timestamp="2011-12-06T08:57:13Z" user="Vlad" uid="24247" lat="43.7183360" lon="7.2660710"/>
 <node id="1533798975" visible="true" version="2" changeset="90582698" timestamp="2020-09-08T11:03:15Z" user="Hervé TUC" uid="922338" lat="43.7183272" lon="7.2647519"/>
 <node id="1533798987" visible="true" version="1" changeset="10048062" timestamp="2011-12-06T08:57:14Z" user="Vlad" uid="24247" lat="43.7183390" lon="7.2666310"/>
 <node id="1533798999" visible="true" version="1" changeset="10048062" timestamp="2011-12-06T08:57:14Z" user="Vlad" uid="24247" lat="43.7183420" lon="7.2666500"/>
 <node id="1533799009" visible="true" version="1" changeset="10048062" timestamp="2011-12-06T08:57:14Z" user="Vlad" uid="24247" lat="43.7183450" lon="7.2658200"/>
 <node id="1533799010" visible="true" version="1" changeset="10048062" timestamp="2011-12-06T08:57:14Z" user="Vlad" uid="24247" lat="43.7183450" lon="7.2662310"/>
 <node id="1533799030" visible="true" version="2" changeset="90582698" timestamp="2020-09-08T11:03:15Z" user="Hervé TUC" uid="922338" lat="43.7183167" lon="7.2647732"/>
 <node id="1533799032" visible="true" version="1" changeset="10048062" timestamp="2011-12-06T08:57:15Z" user="Vlad" uid="24247" lat="43.7183480" lon="7.2666270"/>
 <node id="1533799038" visible="true" version="1" changeset="10048062" timestamp="2011-12-06T08:57:15Z" user="Vlad" uid="24247" lat="43.7183540" lon="7.2655180"/>
 <node id="1533799053" visible="true" version="1" changeset="10048062" timestamp="2011-12-06T08:57:15Z" user="Vlad" uid="24247" lat="43.7183670" lon="7.2667870"/>
 <node id="1533799075" visible="true" version="1" changeset="10048062" timestamp="2011-12-06T08:57:16Z" user="Vlad" uid="24247" lat="43.7183740" lon="7.2664580"/>
 <node id="1533799081" visible="true" version="1" changeset="10048062" timestamp="2011-12-06T08:57:16Z" user="Vlad" uid="24247" lat="43.7183830" lon="7.2656810"/>
 <node id="1533799104" visible="true" version="2" changeset="90582698" timestamp="2020-09-08T11:03:15Z" user="Hervé TUC" uid="922338" lat="43.7183903" lon="7.2648110"/>
 <node id="1533799124" visible="true" version="1" changeset="10048062" timestamp="2011-12-06T08:57:17Z" user="Vlad" uid="24247" lat="43.7183950" lon="7.2658910"/>
 <node id="1533799141" visible="true" version="1" changeset="10048062" timestamp="2011-12-06T08:57:18Z" user="Vlad" uid="24247" lat="43.7183970" lon="7.2646440"/>
 <node id="1533799146" visible="true" version="1" changeset="10048062" timestamp="2011-12-06T08:57:18Z" user="Vlad" uid="24247" lat="43.7183990" lon="7.2661500"/>
 <node id="1533799148" visible="true" version="1" changeset="10048062" timestamp="2011-12-06T08:57:18Z" user="Vlad" uid="24247" lat="43.7184020" lon="7.2638580"/>
 <node id="1533799220" visible="true" version="1" changeset="10048062" timestamp="2011-12-06T08:57:20Z" user="Vlad" uid="24247" lat="43.7184190" lon="7.2667160"/>
 <node id="1533799223" visible="true" version="2" changeset="90582698" timestamp="2020-09-08T11:03:15Z" user="Hervé TUC" uid="922338" lat="43.7183017" lon="7.2648718"/>
 <node id="1533799227" visible="true" version="1" changeset="10048062" timestamp="2011-12-06T08:57:21Z" user="Vlad" uid="24247" lat="43.7184220" lon="7.2657180"/>
 <node id="1533799229" visible="true" version="1" changeset="10048062" timestamp="2011-12-06T08:57:21Z" user="Vlad" uid="24247" lat="43.7184220" lon="7.2663890"/>
 <node id="1533799246" visible="true" version="1" changeset="10048062" timestamp="2011-12-06T08:57:21Z" user="Vlad" uid="24247" lat="43.7184240" lon="7.2658540"/>
 <node id="1533799252" visible="true" version="2" changeset="90582698" timestamp="2020-09-08T11:03:15Z" user="Hervé TUC" uid="922338" lat="43.7184703" lon="7.2651789"/>
 <node id="1533799261" visible="true" version="1" changeset="10048062" timestamp="2011-12-06T08:57:22Z" user="Vlad" uid="24247" lat="43.7184290" lon="7.2665340"/>
 <node id="1533799265" visible="true" version="1" changeset="10048062" timestamp="2011-12-06T08:57:22Z" user="Vlad" uid="24247" lat="43.7184300" lon="7.2667150"/>
 <node id="1533799286" visible="true" version="1" changeset="10048062" timestamp="2011-12-06T08:57:23Z" user="Vlad" uid="24247" lat="43.7184380" lon="7.2669030"/>
 <node id="1533799293" visible="true" version="2" changeset="90582698" timestamp="2020-09-08T11:03:15Z" user="Hervé TUC" uid="922338" lat="43.7184815" lon="7.2651561"/>
 <node id="1533799298" visible="true" version="1" changeset="10048062" timestamp="2011-12-06T08:57:23Z" user="Vlad" uid="24247" lat="43.7184430" lon="7.2658790"/>
 <node id="1533799313" visible="true" version="1" changeset="10048062" timestamp="2011-12-06T08:57:24Z" user="Vlad" uid="24247" lat="43.7184470" lon="7.2658210"/>
 <node id="1533799315" visible="true" version="1" changeset="10048062" timestamp="2011-12-06T08:57:24Z" user="Vlad" uid="24247" lat="43.7184470" lon="7.2668900"/>
 <node id="1533799328" visible="true" version="1" changeset="10048062" timestamp="2011-12-06T08:57:24Z" user="Vlad" uid="24247" lat="43.7184500" lon="7.2667470"/>
 <node id="1533799330" visible="true" version="1" changeset="10048062" timestamp="2011-12-06T08:57:24Z" user="Vlad" uid="24247" lat="43.7184510" lon="7.2664260"/>
 <node id="1533799373" visible="true" version="1" changeset="10048062" timestamp="2011-12-06T08:57:25Z" user="Vlad" uid="24247" lat="43.7184590" lon="7.2659030"/>
 <node id="1533799400" visible="true" version="1" changeset="10048062" timestamp="2011-12-06T08:57:26Z" user="Vlad" uid="24247" lat="43.7184660" lon="7.2658470"/>
 <node id="1533799417" visible="true" version="1" changeset="10048062" timestamp="2011-12-06T08:57:27Z" user="Vlad" uid="24247" lat="43.7184680" lon="7.2664080"/>
 <node id="1533799435" visible="true" version="2" changeset="90582698" timestamp="2020-09-08T11:03:15Z" user="Hervé TUC" uid="922338" lat="43.7185064" lon="7.2651795"/>
 <node id="1533799437" visible="true" version="1" changeset="10048062" timestamp="2011-12-06T08:57:27Z" user="Vlad" uid="24247" lat="43.7184710" lon="7.2669450"/>
 <node id="1533799442" visible="true" version="2" changeset="90582698" timestamp="2020-09-08T11:03:15Z" user="Hervé TUC" uid="922338" lat="43.7185336" lon="7.2651242"/>
 <node id="1533799443" visible="true" version="1" changeset="10048062" timestamp="2011-12-06T08:57:28Z" user="Vlad" uid="24247" lat="43.7184730" lon="7.2657880"/>
 <node id="1533799454" visible="true" version="1" changeset="10048062" timestamp="2011-12-06T08:57:28Z" user="Vlad" uid="24247" lat="43.7184750" lon="7.2664160"/>
 <node id="1533799455" visible="true" version="1" changeset="10048062" timestamp="2011-12-06T08:57:28Z" user="Vlad" uid="24247" lat="43.7184760" lon="7.2663090"/>
 <node id="1533799475" visible="true" version="1" changeset="10048062" timestamp="2011-12-06T08:57:29Z" user="Vlad" uid="24247" lat="43.7184790" lon="7.2664670"/>
 <node id="1533799485" visible="true" version="1" changeset="10048062" timestamp="2011-12-06T08:57:29Z" user="Vlad" uid="24247" lat="43.7184800" lon="7.2667090"/>
 <node id="1533799521" visible="true" version="2" changeset="90582698" timestamp="2020-09-08T11:03:15Z" user="Hervé TUC" uid="922338" lat="43.7185088" lon="7.2651009"/>
 <node id="1533799538" visible="true" version="1" changeset="10048062" timestamp="2011-12-06T08:57:30Z" user="Vlad" uid="24247" lat="43.7184920" lon="7.2663920"/>
 <node id="1533799547" visible="true" version="2" changeset="90582698" timestamp="2020-09-08T11:03:15Z" user="Hervé TUC" uid="922338" lat="43.7185433" lon="7.2650312"/>
 <node id="1533799594" visible="true" version="1" changeset="10048062" timestamp="2011-12-06T08:57:32Z" user="Vlad" uid="24247" lat="43.7185020" lon="7.2664990"/>
 <node id="1533799599" visible="true" version="1" changeset="10048062" timestamp="2011-12-06T08:57:32Z" user="Vlad" uid="24247" lat="43.7185030" lon="7.2647450"/>
 <node id="1533799607" visible="true" version="1" changeset="10048062" timestamp="2011-12-06T08:57:32Z" user="Vlad" uid="24247" lat="43.7185070" lon="7.2666210"/>
 <node id="1533799612" visible="true" version="1" changeset="10048062" timestamp="2011-12-06T08:57:32Z" user="Vlad" uid="24247" lat="43.7185100" lon="7.2658330"/>
 <node id="1533799632" visible="true" version="1" changeset="10048062" timestamp="2011-12-06T08:57:32Z" user="Vlad" uid="24247" lat="43.7185140" lon="7.2659790"/>
 <node id="1533799635" visible="true" version="1" changeset="10048062" timestamp="2011-12-06T08:57:33Z" user="Vlad" uid="24247" lat="43.7185140" lon="7.2662250"/>
 <node id="1533799697" visible="true" version="1" changeset="10048062" timestamp="2011-12-06T08:57:34Z" user="Vlad" uid="24247" lat="43.7185280" lon="7.2668810"/>
 <node id="1533799727" visible="true" version="1" changeset="10048062" timestamp="2011-12-06T08:57:34Z" user="Vlad" uid="24247" lat="43.7185340" lon="7.2666630"/>
 <node id="1533799752" visible="true" version="1" changeset="10048062" timestamp="2011-12-06T08:57:35Z" user="Vlad" uid="24247" lat="43.7185350" lon="7.2664550"/>
 <node id="1533799770" visible="true" version="1" changeset="10048062" timestamp="2011-12-06T08:57:35Z" user="Vlad" uid="24247" lat="43.7185370" lon="7.2668920"/>
 <node id="1533799775" visible="true" version="1" changeset="10048062" timestamp="2011-12-06T08:57:35Z" user="Vlad" uid="24247" lat="43.7185380" lon="7.2663620"/>
 <node id="1533799790" visible="true" version="1" changeset="10048062" timestamp="2011-12-06T08:57:36Z" user="Vlad" uid="24247" lat="43.7185420" lon="7.2662480"/>
 <node id="1533799844" visible="true" version="1" changeset="10048062" timestamp="2011-12-06T08:57:37Z" user="Vlad" uid="24247" lat="43.7185500" lon="7.2662320"/>
 <node id="1533799847" visible="true" version="1" changeset="10048062" timestamp="2011-12-06T08:57:37Z" user="Vlad" uid="24247" lat="43.7185510" lon="7.2663110"/>
 <node id="1533799886" visible="true" version="1" changeset="10048062" timestamp="2011-12-06T08:57:38Z" user="Vlad" uid="24247" lat="43.7185580" lon="7.2663180"/>
 <node id="1533799890" visible="true" version="1" changeset="10048062" timestamp="2011-12-06T08:57:38Z" user="Vlad" uid="24247" lat="43.7185610" lon="7.2667040"/>
 <node id="1533799913" visible="true" version="1" changeset="10048062" timestamp="2011-12-06T08:57:38Z" user="Vlad" uid="24247" lat="43.7185640" lon="7.2659100"/>
 <node id="1533799940" visible="true" version="1" changeset="10048062" timestamp="2011-12-06T08:57:39Z" user="Vlad" uid="24247" lat="43.7185690" lon="7.2668550"/>
 <node id="1533799941" visible="true" version="1" changeset="10048062" timestamp="2011-12-06T08:57:39Z" user="Vlad" uid="24247" lat="43.7185690" lon="7.2669750"/>
 <node id="1533799972" visible="true" version="1" changeset="10048062" timestamp="2011-12-06T08:57:40Z" user="Vlad" uid="24247" lat="43.7185760" lon="7.2662550"/>
 <node id="1533799980" visible="true" version="1" changeset="10048062" timestamp="2011-12-06T08:57:40Z" user="Vlad" uid="24247" lat="43.7185790" lon="7.2660320"/>
 <node id="1533800018" visible="true" version="1" changeset="10048062" timestamp="2011-12-06T08:57:42Z" user="Vlad" uid="24247" lat="43.7185940" lon="7.2660110"/>
 <node id="1533800044" visible="true" version="1" changeset="10048062" timestamp="2011-12-06T08:57:43Z" user="Vlad" uid="24247" lat="43.7186020" lon="7.2670320"/>
 <node id="1533800065" visible="true" version="1" changeset="10048062" timestamp="2011-12-06T08:57:43Z" user="Vlad" uid="24247" lat="43.7186110" lon="7.2660780"/>
 <node id="1533800066" visible="true" version="1" changeset="10048062" timestamp="2011-12-06T08:57:43Z" user="Vlad" uid="24247" lat="43.7186130" lon="7.2669240"/>
 <node id="1533800073" visible="true" version="1" changeset="10048062" timestamp="2011-12-06T08:57:44Z" user="Vlad" uid="24247" lat="43.7186150" lon="7.2659810"/>
 <node id="1533800081" visible="true" version="1" changeset="10048062" timestamp="2011-12-06T08:57:44Z" user="Vlad" uid="24247" lat="43.7186180" lon="7.2670160"/>
 <node id="1533800093" visible="true" version="1" changeset="10048062" timestamp="2011-12-06T08:57:44Z" user="Vlad" uid="24247" lat="43.7186220" lon="7.2661780"/>
 <node id="1533800096" visible="true" version="1" changeset="10048062" timestamp="2011-12-06T08:57:44Z" user="Vlad" uid="24247" lat="43.7186230" lon="7.2661750"/>
 <node id="1533800098" visible="true" version="1" changeset="10048062" timestamp="2011-12-06T08:57:44Z" user="Vlad" uid="24247" lat="43.7186230" lon="7.2661820"/>
 <node id="1533800116" visible="true" version="1" changeset="10048062" timestamp="2011-12-06T08:57:45Z" user="Vlad" uid="24247" lat="43.7186240" lon="7.2661720"/>
 <node id="1533800119" visible="true" version="1" changeset="10048062" timestamp="2011-12-06T08:57:45Z" user="Vlad" uid="24247" lat="43.7186250" lon="7.2661850"/>
 <node id="1533800123" visible="true" version="1" changeset="10048062" timestamp="2011-12-06T08:57:45Z" user="Vlad" uid="24247" lat="43.7186260" lon="7.2661700"/>
 <node id="1533800138" visible="true" version="1" changeset="10048062" timestamp="2011-12-06T08:57:45Z" user="Vlad" uid="24247" lat="43.7186280" lon="7.2661030"/>
 <node id="1533800147" visible="true" version="1" changeset="10048062" timestamp="2011-12-06T08:57:46Z" user="Vlad" uid="24247" lat="43.7186280" lon="7.2661690"/>
 <node id="1533800152" visible="true" version="1" changeset="10048062" timestamp="2011-12-06T08:57:46Z" user="Vlad" uid="24247" lat="43.7186290" lon="7.2661840"/>
 <node id="1533800160" visible="true" version="1" changeset="10048062" timestamp="2011-12-06T08:57:46Z" user="Vlad" uid="24247" lat="43.7186320" lon="7.2661820"/>
 <node id="1533800161" visible="true" version="1" changeset="10048062" timestamp="2011-12-06T08:57:46Z" user="Vlad" uid="24247" lat="43.7186340" lon="7.2670420"/>
 <node id="1533800169" visible="true" version="1" changeset="10048062" timestamp="2011-12-06T08:57:46Z" user="Vlad" uid="24247" lat="43.7186370" lon="7.2661320"/>
 <node id="1533800179" visible="true" version="1" changeset="10048062" timestamp="2011-12-06T08:57:47Z" user="Vlad" uid="24247" lat="43.7186400" lon="7.2670940"/>
 <node id="1533800191" visible="true" version="1" changeset="10048062" timestamp="2011-12-06T08:57:47Z" user="Vlad" uid="24247" lat="43.7186420" lon="7.2659440"/>
 <node id="1533800194" visible="true" version="1" changeset="10048062" timestamp="2011-12-06T08:57:47Z" user="Vlad" uid="24247" lat="43.7186450" lon="7.2661120"/>
 <node id="1533800204" visible="true" version="1" changeset="10048062" timestamp="2011-12-06T08:57:47Z" user="Vlad" uid="24247" lat="43.7186470" lon="7.2666000"/>
 <node id="1533800210" visible="true" version="1" changeset="10048062" timestamp="2011-12-06T08:57:48Z" user="Vlad" uid="24247" lat="43.7186520" lon="7.2666070"/>
 <node id="1533800213" visible="true" version="1" changeset="10048062" timestamp="2011-12-06T08:57:48Z" user="Vlad" uid="24247" lat="43.7186530" lon="7.2661010"/>
 <node id="1533800231" visible="true" version="1" changeset="10048062" timestamp="2011-12-06T08:57:48Z" user="Vlad" uid="24247" lat="43.7186600" lon="7.2660830"/>
 <node id="1533800232" visible="true" version="1" changeset="10048062" timestamp="2011-12-06T08:57:49Z" user="Vlad" uid="24247" lat="43.7186600" lon="7.2660860"/>
 <node id="1533800233" visible="true" version="1" changeset="10048062" timestamp="2011-12-06T08:57:49Z" user="Vlad" uid="24247" lat="43.7186610" lon="7.2660930"/>
 <node id="1533800235" visible="true" version="1" changeset="10048062" timestamp="2011-12-06T08:57:49Z" user="Vlad" uid="24247" lat="43.7186630" lon="7.2660810"/>
 <node id="1533800238" visible="true" version="1" changeset="10048062" timestamp="2011-12-06T08:57:49Z" user="Vlad" uid="24247" lat="43.7186650" lon="7.2660790"/>
 <node id="1533800240" visible="true" version="1" changeset="10048062" timestamp="2011-12-06T08:57:49Z" user="Vlad" uid="24247" lat="43.7186650" lon="7.2670090"/>
 <node id="1533800246" visible="true" version="1" changeset="10048062" timestamp="2011-12-06T08:57:49Z" user="Vlad" uid="24247" lat="43.7186680" lon="7.2660800"/>
 <node id="1533800269" visible="true" version="1" changeset="10048062" timestamp="2011-12-06T08:57:50Z" user="Vlad" uid="24247" lat="43.7186710" lon="7.2660810"/>
 <node id="1533800279" visible="true" version="1" changeset="10048062" timestamp="2011-12-06T08:57:50Z" user="Vlad" uid="24247" lat="43.7186730" lon="7.2671470"/>
 <node id="1533800286" visible="true" version="1" changeset="10048062" timestamp="2011-12-06T08:57:50Z" user="Vlad" uid="24247" lat="43.7186740" lon="7.2669550"/>
 <node id="1533800289" visible="true" version="1" changeset="10048062" timestamp="2011-12-06T08:57:50Z" user="Vlad" uid="24247" lat="43.7186750" lon="7.2660760"/>
 <node id="1533800315" visible="true" version="1" changeset="10048062" timestamp="2011-12-06T08:57:51Z" user="Vlad" uid="24247" lat="43.7186860" lon="7.2670440"/>
 <node id="1533800320" visible="true" version="1" changeset="10048062" timestamp="2011-12-06T08:57:52Z" user="Vlad" uid="24247" lat="43.7186870" lon="7.2671320"/>
 <node id="1533800322" visible="true" version="1" changeset="10048062" timestamp="2011-12-06T08:57:52Z" user="Vlad" uid="24247" lat="43.7186880" lon="7.2662270"/>
 <node id="1533800331" visible="true" version="1" changeset="10048062" timestamp="2011-12-06T08:57:52Z" user="Vlad" uid="24247" lat="43.7186890" lon="7.2654690"/>
 <node id="1533800338" visible="true" version="1" changeset="10048062" timestamp="2011-12-06T08:57:52Z" user="Vlad" uid="24247" lat="43.7186910" lon="7.2665460"/>
 <node id="1533800342" visible="true" version="1" changeset="10048062" timestamp="2011-12-06T08:57:52Z" user="Vlad" uid="24247" lat="43.7186920" lon="7.2661590"/>
 <node id="1533800350" visible="true" version="1" changeset="10048062" timestamp="2011-12-06T08:57:53Z" user="Vlad" uid="24247" lat="43.7186930" lon="7.2660180"/>
 <node id="1533800365" visible="true" version="1" changeset="10048062" timestamp="2011-12-06T08:57:53Z" user="Vlad" uid="24247" lat="43.7186960" lon="7.2665540"/>
 <node id="1533800376" visible="true" version="1" changeset="10048062" timestamp="2011-12-06T08:57:54Z" user="Vlad" uid="24247" lat="43.7187050" lon="7.2659960"/>
 <node id="1533800379" visible="true" version="1" changeset="10048062" timestamp="2011-12-06T08:57:54Z" user="Vlad" uid="24247" lat="43.7187060" lon="7.2671590"/>
 <node id="1533800395" visible="true" version="1" changeset="10048062" timestamp="2011-12-06T08:57:54Z" user="Vlad" uid="24247" lat="43.7187120" lon="7.2661760"/>
 <node id="1533800417" visible="true" version="1" changeset="10048062" timestamp="2011-12-06T08:57:55Z" user="Vlad" uid="24247" lat="43.7187190" lon="7.2654280"/>
 <node id="1533800419" visible="true" version="1" changeset="10048062" timestamp="2011-12-06T08:57:55Z" user="Vlad" uid="24247" lat="43.7187200" lon="7.2670260"/>
 <node id="1533800427" visible="true" version="1" changeset="10048062" timestamp="2011-12-06T08:57:55Z" user="Vlad" uid="24247" lat="43.7187250" lon="7.2655400"/>
 <node id="1533800433" visible="true" version="1" changeset="10048062" timestamp="2011-12-06T08:57:55Z" user="Vlad" uid="24247" lat="43.7187260" lon="7.2663510"/>
 <node id="1533800463" visible="true" version="1" changeset="10048062" timestamp="2011-12-06T08:57:56Z" user="Vlad" uid="24247" lat="43.7187350" lon="7.2652800"/>
 <node id="1533800472" visible="true" version="1" changeset="10048062" timestamp="2011-12-06T08:57:56Z" user="Vlad" uid="24247" lat="43.7187370" lon="7.2660440"/>
 <node id="1533800473" visible="true" version="1" changeset="10048062" timestamp="2011-12-06T08:57:56Z" user="Vlad" uid="24247" lat="43.7187370" lon="7.2671270"/>
 <node id="1533800478" visible="true" version="1" changeset="10048062" timestamp="2011-12-06T08:57:57Z" user="Vlad" uid="24247" lat="43.7187400" lon="7.2672310"/>
 <node id="1533800484" visible="true" version="1" changeset="10048062" timestamp="2011-12-06T08:57:57Z" user="Vlad" uid="24247" lat="43.7187410" lon="7.2670030"/>
 <node id="1533800495" visible="true" version="1" changeset="10048062" timestamp="2011-12-06T08:57:57Z" user="Vlad" uid="24247" lat="43.7187440" lon="7.2670080"/>
 <node id="1533800539" visible="true" version="1" changeset="10048062" timestamp="2011-12-06T08:57:59Z" user="Vlad" uid="24247" lat="43.7187640" lon="7.2654840"/>
 <node id="1533800543" visible="true" version="1" changeset="10048062" timestamp="2011-12-06T08:57:59Z" user="Vlad" uid="24247" lat="43.7187670" lon="7.2651770"/>
 <node id="1533800548" visible="true" version="1" changeset="10048062" timestamp="2011-12-06T08:57:59Z" user="Vlad" uid="24247" lat="43.7187710" lon="7.2655220"/>
 <node id="1533800552" visible="true" version="1" changeset="10048062" timestamp="2011-12-06T08:57:59Z" user="Vlad" uid="24247" lat="43.7187730" lon="7.2669750"/>
 <node id="1533800563" visible="true" version="1" changeset="10048062" timestamp="2011-12-06T08:57:59Z" user="Vlad" uid="24247" lat="43.7187740" lon="7.2651860"/>
 <node id="1533800570" visible="true" version="1" changeset="10048062" timestamp="2011-12-06T08:58:00Z" user="Vlad" uid="24247" lat="43.7187780" lon="7.2669830"/>
 <node id="1533800574" visible="true" version="1" changeset="10048062" timestamp="2011-12-06T08:58:00Z" user="Vlad" uid="24247" lat="43.7187800" lon="7.2653160"/>
 <node id="1533800576" visible="true" version="1" changeset="10048062" timestamp="2011-12-06T08:58:00Z" user="Vlad" uid="24247" lat="43.7187800" lon="7.2664370"/>
 <node id="1533800579" visible="true" version="1" changeset="10048062" timestamp="2011-12-06T08:58:00Z" user="Vlad" uid="24247" lat="43.7187820" lon="7.2655060"/>
 <node id="1533800593" visible="true" version="1" changeset="10048062" timestamp="2011-12-06T08:58:00Z" user="Vlad" uid="24247" lat="43.7187890" lon="7.2662800"/>
 <node id="1533800599" visible="true" version="1" changeset="10048062" timestamp="2011-12-06T08:58:01Z" user="Vlad" uid="24247" lat="43.7187900" lon="7.2661410"/>
 <node id="1533800659" visible="true" version="1" changeset="10048062" timestamp="2011-12-06T08:58:02Z" user="Vlad" uid="24247" lat="43.7187950" lon="7.2656700"/>
 <node id="1533800660" visible="true" version="1" changeset="10048062" timestamp="2011-12-06T08:58:02Z" user="Vlad" uid="24247" lat="43.7187960" lon="7.2661340"/>
 <node id="1533800662" visible="true" version="1" changeset="10048062" timestamp="2011-12-06T08:58:02Z" user="Vlad" uid="24247" lat="43.7187960" lon="7.2669640"/>
 <node id="1533800688" visible="true" version="1" changeset="10048062" timestamp="2011-12-06T08:58:02Z" user="Vlad" uid="24247" lat="43.7187980" lon="7.2673130"/>
 <node id="1533800692" visible="true" version="1" changeset="10048062" timestamp="2011-12-06T08:58:03Z" user="Vlad" uid="24247" lat="43.7188010" lon="7.2651040"/>
 <node id="1533800700" visible="true" version="1" changeset="10048062" timestamp="2011-12-06T08:58:03Z" user="Vlad" uid="24247" lat="43.7188020" lon="7.2656830"/>
 <node id="1533800703" visible="true" version="1" changeset="10048062" timestamp="2011-12-06T08:58:03Z" user="Vlad" uid="24247" lat="43.7188020" lon="7.2669730"/>
 <node id="1533800706" visible="true" version="1" changeset="10048062" timestamp="2011-12-06T08:58:03Z" user="Vlad" uid="24247" lat="43.7188030" lon="7.2671560"/>
 <node id="1533800724" visible="true" version="1" changeset="10048062" timestamp="2011-12-06T08:58:03Z" user="Vlad" uid="24247" lat="43.7188050" lon="7.2655630"/>
 <node id="1533800729" visible="true" version="1" changeset="10048062" timestamp="2011-12-06T08:58:03Z" user="Vlad" uid="24247" lat="43.7188060" lon="7.2656540"/>
 <node id="1533800731" visible="true" version="1" changeset="10048062" timestamp="2011-12-06T08:58:03Z" user="Vlad" uid="24247" lat="43.7188060" lon="7.2656880"/>
 <node id="1533800772" visible="true" version="1" changeset="10048062" timestamp="2011-12-06T08:58:04Z" user="Vlad" uid="24247" lat="43.7188130" lon="7.2661140"/>
 <node id="1533800779" visible="true" version="1" changeset="10048062" timestamp="2011-12-06T08:58:05Z" user="Vlad" uid="24247" lat="43.7188180" lon="7.2655470"/>
 <node id="1533800780" visible="true" version="1" changeset="10048062" timestamp="2011-12-06T08:58:05Z" user="Vlad" uid="24247" lat="43.7188180" lon="7.2656690"/>
 <node id="1533800782" visible="true" version="1" changeset="10048062" timestamp="2011-12-06T08:58:05Z" user="Vlad" uid="24247" lat="43.7188200" lon="7.2661160"/>
 <node id="1533800785" visible="true" version="1" changeset="10048062" timestamp="2011-12-06T08:58:05Z" user="Vlad" uid="24247" lat="43.7188220" lon="7.2652210"/>
 <node id="1533800802" visible="true" version="1" changeset="10048062" timestamp="2011-12-06T08:58:06Z" user="Vlad" uid="24247" lat="43.7188310" lon="7.2655640"/>
 <node id="1533800812" visible="true" version="1" changeset="10048062" timestamp="2011-12-06T08:58:06Z" user="Vlad" uid="24247" lat="43.7188330" lon="7.2652320"/>
 <node id="1533800819" visible="true" version="1" changeset="10048062" timestamp="2011-12-06T08:58:06Z" user="Vlad" uid="24247" lat="43.7188340" lon="7.2660990"/>
 <node id="1533800821" visible="true" version="1" changeset="10048062" timestamp="2011-12-06T08:58:06Z" user="Vlad" uid="24247" lat="43.7188380" lon="7.2662170"/>
 <node id="1533800828" visible="true" version="1" changeset="10048062" timestamp="2011-12-06T08:58:06Z" user="Vlad" uid="24247" lat="43.7188400" lon="7.2652270"/>
 <node id="1533800841" visible="true" version="1" changeset="10048062" timestamp="2011-12-06T08:58:07Z" user="Vlad" uid="24247" lat="43.7188470" lon="7.2670680"/>
 <node id="1533800842" visible="true" version="1" changeset="10048062" timestamp="2011-12-06T08:58:07Z" user="Vlad" uid="24247" lat="43.7188480" lon="7.2649560"/>
 <node id="1533800844" visible="true" version="1" changeset="10048062" timestamp="2011-12-06T08:58:07Z" user="Vlad" uid="24247" lat="43.7188480" lon="7.2661170"/>
 <node id="1533800854" visible="true" version="1" changeset="10048062" timestamp="2011-12-06T08:58:07Z" user="Vlad" uid="24247" lat="43.7188560" lon="7.2672380"/>
 <node id="1533800857" visible="true" version="1" changeset="10048062" timestamp="2011-12-06T08:58:07Z" user="Vlad" uid="24247" lat="43.7188580" lon="7.2661980"/>
 <node id="1533800862" visible="true" version="1" changeset="10048062" timestamp="2011-12-06T08:58:07Z" user="Vlad" uid="24247" lat="43.7188590" lon="7.2663900"/>
 <node id="1533800891" visible="true" version="1" changeset="10048062" timestamp="2011-12-06T08:58:08Z" user="Vlad" uid="24247" lat="43.7188670" lon="7.2651620"/>
 <node id="1533800893" visible="true" version="1" changeset="10048062" timestamp="2011-12-06T08:58:08Z" user="Vlad" uid="24247" lat="43.7188670" lon="7.2663840"/>
 <node id="1533800906" visible="true" version="1" changeset="10048062" timestamp="2011-12-06T08:58:08Z" user="Vlad" uid="24247" lat="43.7188770" lon="7.2656780"/>
 <node id="1533800907" visible="true" version="1" changeset="10048062" timestamp="2011-12-06T08:58:08Z" user="Vlad" uid="24247" lat="43.7188790" lon="7.2648810"/>
 <node id="1533800915" visible="true" version="1" changeset="10048062" timestamp="2011-12-06T08:58:09Z" user="Vlad" uid="24247" lat="43.7188810" lon="7.2661690"/>
 <node id="1533800920" visible="true" version="1" changeset="10048062" timestamp="2011-12-06T08:58:09Z" user="Vlad" uid="24247" lat="43.7188820" lon="7.2652090"/>
 <node id="1533800942" visible="true" version="1" changeset="10048062" timestamp="2011-12-06T08:58:09Z" user="Vlad" uid="24247" lat="43.7188850" lon="7.2662430"/>
 <node id="1533800975" visible="true" version="1" changeset="10048062" timestamp="2011-12-06T08:58:10Z" user="Vlad" uid="24247" lat="43.7188990" lon="7.2650040"/>
 <node id="1533800988" visible="true" version="1" changeset="10048062" timestamp="2011-12-06T08:58:11Z" user="Vlad" uid="24247" lat="43.7189020" lon="7.2649950"/>
 <node id="1533800993" visible="true" version="1" changeset="10048062" timestamp="2011-12-06T08:58:11Z" user="Vlad" uid="24247" lat="43.7189030" lon="7.2668260"/>
 <node id="1533801007" visible="true" version="1" changeset="10048062" timestamp="2011-12-06T08:58:11Z" user="Vlad" uid="24247" lat="43.7189120" lon="7.2668390"/>
 <node id="1533801011" visible="true" version="1" changeset="10048062" timestamp="2011-12-06T08:58:11Z" user="Vlad" uid="24247" lat="43.7189130" lon="7.2667970"/>
 <node id="1533801021" visible="true" version="1" changeset="10048062" timestamp="2011-12-06T08:58:11Z" user="Vlad" uid="24247" lat="43.7189140" lon="7.2666640"/>
 <node id="1533801023" visible="true" version="1" changeset="10048062" timestamp="2011-12-06T08:58:11Z" user="Vlad" uid="24247" lat="43.7189160" lon="7.2671650"/>
 <node id="1533801028" visible="true" version="1" changeset="10048062" timestamp="2011-12-06T08:58:11Z" user="Vlad" uid="24247" lat="43.7189190" lon="7.2668070"/>
 <node id="1533801048" visible="true" version="1" changeset="10048062" timestamp="2011-12-06T08:58:12Z" user="Vlad" uid="24247" lat="43.7189200" lon="7.2669780"/>
 <node id="1533801055" visible="true" version="1" changeset="10048062" timestamp="2011-12-06T08:58:12Z" user="Vlad" uid="24247" lat="43.7189280" lon="7.2674270"/>
 <node id="1533801068" visible="true" version="1" changeset="10048062" timestamp="2011-12-06T08:58:13Z" user="Vlad" uid="24247" lat="43.7189340" lon="7.2650280"/>
 <node id="1533801070" visible="true" version="1" changeset="10048062" timestamp="2011-12-06T08:58:13Z" user="Vlad" uid="24247" lat="43.7189370" lon="7.2667700"/>
 <node id="1533801073" visible="true" version="1" changeset="10048062" timestamp="2011-12-06T08:58:13Z" user="Vlad" uid="24247" lat="43.7189400" lon="7.2669320"/>
 <node id="1533801101" visible="true" version="1" changeset="10048062" timestamp="2011-12-06T08:58:13Z" user="Vlad" uid="24247" lat="43.7189430" lon="7.2657660"/>
 <node id="1533801114" visible="true" version="1" changeset="10048062" timestamp="2011-12-06T08:58:14Z" user="Vlad" uid="24247" lat="43.7189510" lon="7.2665310"/>
 <node id="1533801120" visible="true" version="1" changeset="10048062" timestamp="2011-12-06T08:58:14Z" user="Vlad" uid="24247" lat="43.7189540" lon="7.2673820"/>
 <node id="1533801126" visible="true" version="1" changeset="10048062" timestamp="2011-12-06T08:58:14Z" user="Vlad" uid="24247" lat="43.7189560" lon="7.2665230"/>
 <node id="1533801132" visible="true" version="1" changeset="10048062" timestamp="2011-12-06T08:58:14Z" user="Vlad" uid="24247" lat="43.7189580" lon="7.2673890"/>
 <node id="1533801148" visible="true" version="1" changeset="10048062" timestamp="2011-12-06T08:58:14Z" user="Vlad" uid="24247" lat="43.7189590" lon="7.2671000"/>
 <node id="1533801149" visible="true" version="1" changeset="10048062" timestamp="2011-12-06T08:58:14Z" user="Vlad" uid="24247" lat="43.7189600" lon="7.2671030"/>
 <node id="1533801150" visible="true" version="1" changeset="10048062" timestamp="2011-12-06T08:58:15Z" user="Vlad" uid="24247" lat="43.7189610" lon="7.2675310"/>
 <node id="1533801154" visible="true" version="1" changeset="10048062" timestamp="2011-12-06T08:58:15Z" user="Vlad" uid="24247" lat="43.7189640" lon="7.2649490"/>
 <node id="1533801157" visible="true" version="1" changeset="10048062" timestamp="2011-12-06T08:58:15Z" user="Vlad" uid="24247" lat="43.7189650" lon="7.2670430"/>
 <node id="1533801172" visible="true" version="1" changeset="10048062" timestamp="2011-12-06T08:58:15Z" user="Vlad" uid="24247" lat="43.7189720" lon="7.2668230"/>
 <node id="1533801206" visible="true" version="1" changeset="10048062" timestamp="2011-12-06T08:58:16Z" user="Vlad" uid="24247" lat="43.7189820" lon="7.2675050"/>
 <node id="1533801209" visible="true" version="1" changeset="10048062" timestamp="2011-12-06T08:58:16Z" user="Vlad" uid="24247" lat="43.7189830" lon="7.2670680"/>
 <node id="1533801216" visible="true" version="1" changeset="10048062" timestamp="2011-12-06T08:58:16Z" user="Vlad" uid="24247" lat="43.7189860" lon="7.2673410"/>
 <node id="1533801218" visible="true" version="1" changeset="10048062" timestamp="2011-12-06T08:58:16Z" user="Vlad" uid="24247" lat="43.7189860" lon="7.2675670"/>
 <node id="1533801224" visible="true" version="1" changeset="10048062" timestamp="2011-12-06T08:58:16Z" user="Vlad" uid="24247" lat="43.7189900" lon="7.2653130"/>
 <node id="1533801235" visible="true" version="1" changeset="10048062" timestamp="2011-12-06T08:58:16Z" user="Vlad" uid="24247" lat="43.7189970" lon="7.2667920"/>
 <node id="1533801272" visible="true" version="1" changeset="10048062" timestamp="2011-12-06T08:58:17Z" user="Vlad" uid="24247" lat="43.7190020" lon="7.2670160"/>
 <node id="1533801277" visible="true" version="1" changeset="10048062" timestamp="2011-12-06T08:58:17Z" user="Vlad" uid="24247" lat="43.7190060" lon="7.2675410"/>
 <node id="1533801284" visible="true" version="1" changeset="10048062" timestamp="2011-12-06T08:58:17Z" user="Vlad" uid="24247" lat="43.7190080" lon="7.2668430"/>
 <node id="1533801297" visible="true" version="1" changeset="10048062" timestamp="2011-12-06T08:58:17Z" user="Vlad" uid="24247" lat="43.7190230" lon="7.2666440"/>
 <node id="1533801335" visible="true" version="1" changeset="10048062" timestamp="2011-12-06T08:58:18Z" user="Vlad" uid="24247" lat="43.7190430" lon="7.2674280"/>
 <node id="1533801340" visible="true" version="1" changeset="10048062" timestamp="2011-12-06T08:58:18Z" user="Vlad" uid="24247" lat="43.7190440" lon="7.2668900"/>
 <node id="1533801350" visible="true" version="1" changeset="10048062" timestamp="2011-12-06T08:58:18Z" user="Vlad" uid="24247" lat="43.7190460" lon="7.2654360"/>
 <node id="1533801372" visible="true" version="1" changeset="10048062" timestamp="2011-12-06T08:58:19Z" user="Vlad" uid="24247" lat="43.7190560" lon="7.2668760"/>
 <node id="1533801403" visible="true" version="1" changeset="10048062" timestamp="2011-12-06T08:58:20Z" user="Vlad" uid="24247" lat="43.7190620" lon="7.2669430"/>
 <node id="1533801406" visible="true" version="1" changeset="10048062" timestamp="2011-12-06T08:58:20Z" user="Vlad" uid="24247" lat="43.7190650" lon="7.2667700"/>
 <node id="1533801407" visible="true" version="1" changeset="10048062" timestamp="2011-12-06T08:58:20Z" user="Vlad" uid="24247" lat="43.7190740" lon="7.2675130"/>
 <node id="1533801412" visible="true" version="1" changeset="10048062" timestamp="2011-12-06T08:58:20Z" user="Vlad" uid="24247" lat="43.7190750" lon="7.2669610"/>
 <node id="1533801413" visible="true" version="1" changeset="10048062" timestamp="2011-12-06T08:58:20Z" user="Vlad" uid="24247" lat="43.7190750" lon="7.2676650"/>
 <node id="1533801420" visible="true" version="1" changeset="10048062" timestamp="2011-12-06T08:58:20Z" user="Vlad" uid="24247" lat="43.7190800" lon="7.2675220"/>
 <node id="1533801433" visible="true" version="1" changeset="10048062" timestamp="2011-12-06T08:58:21Z" user="Vlad" uid="24247" lat="43.7190890" lon="7.2665660"/>
 <node id="1533801434" visible="true" version="1" changeset="10048062" timestamp="2011-12-06T08:58:21Z" user="Vlad" uid="24247" lat="43.7190890" lon="7.2672010"/>
 <node id="1533801436" visible="true" version="1" changeset="10048062" timestamp="2011-12-06T08:58:21Z" user="Vlad" uid="24247" lat="43.7190900" lon="7.2654950"/>
 <node id="1533801456" visible="true" version="1" changeset="10048062" timestamp="2011-12-06T08:58:21Z" user="Vlad" uid="24247" lat="43.7190970" lon="7.2654880"/>
 <node id="1533801460" visible="true" version="1" changeset="10048062" timestamp="2011-12-06T08:58:21Z" user="Vlad" uid="24247" lat="43.7190980" lon="7.2669330"/>
 <node id="1533801478" visible="true" version="1" changeset="10048062" timestamp="2011-12-06T08:58:22Z" user="Vlad" uid="24247" lat="43.7191020" lon="7.2676940"/>
 <node id="1533801480" visible="true" version="1" changeset="10048062" timestamp="2011-12-06T08:58:22Z" user="Vlad" uid="24247" lat="43.7191050" lon="7.2668280"/>
 <node id="1533801490" visible="true" version="1" changeset="10048062" timestamp="2011-12-06T08:58:22Z" user="Vlad" uid="24247" lat="43.7191150" lon="7.2675690"/>
 <node id="1533801491" visible="true" version="1" changeset="10048062" timestamp="2011-12-06T08:58:23Z" user="Vlad" uid="24247" lat="43.7191150" lon="7.2676120"/>
 <node id="1533801500" visible="true" version="1" changeset="10048062" timestamp="2011-12-06T08:58:23Z" user="Vlad" uid="24247" lat="43.7191180" lon="7.2668150"/>
 <node id="1533801517" visible="true" version="1" changeset="10048062" timestamp="2011-12-06T08:58:23Z" user="Vlad" uid="24247" lat="43.7191190" lon="7.2667000"/>
 <node id="1533801520" visible="true" version="1" changeset="10048062" timestamp="2011-12-06T08:58:23Z" user="Vlad" uid="24247" lat="43.7191190" lon="7.2672570"/>
 <node id="1533801529" visible="true" version="1" changeset="10048062" timestamp="2011-12-06T08:58:24Z" user="Vlad" uid="24247" lat="43.7191210" lon="7.2655200"/>
 <node id="1533801532" visible="true" version="1" changeset="10048062" timestamp="2011-12-06T08:58:24Z" user="Vlad" uid="24247" lat="43.7191210" lon="7.2674510"/>
 <node id="1533801537" visible="true" version="1" changeset="10048062" timestamp="2011-12-06T08:58:24Z" user="Vlad" uid="24247" lat="43.7191220" lon="7.2672520"/>
 <node id="1533801540" visible="true" version="1" changeset="10048062" timestamp="2011-12-06T08:58:24Z" user="Vlad" uid="24247" lat="43.7191250" lon="7.2651140"/>
 <node id="1533801550" visible="true" version="1" changeset="10048062" timestamp="2011-12-06T08:58:24Z" user="Vlad" uid="24247" lat="43.7191280" lon="7.2656580"/>
 <node id="1533801564" visible="true" version="1" changeset="10048062" timestamp="2011-12-06T08:58:24Z" user="Vlad" uid="24247" lat="43.7191290" lon="7.2651640"/>
 <node id="1533801576" visible="true" version="1" changeset="10048062" timestamp="2011-12-06T08:58:25Z" user="Vlad" uid="24247" lat="43.7191300" lon="7.2656610"/>
 <node id="1533801578" visible="true" version="1" changeset="10048062" timestamp="2011-12-06T08:58:25Z" user="Vlad" uid="24247" lat="43.7191300" lon="7.2675880"/>
 <node id="1533801581" visible="true" version="1" changeset="10048062" timestamp="2011-12-06T08:58:25Z" user="Vlad" uid="24247" lat="43.7191310" lon="7.2656520"/>
 <node id="1533801584" visible="true" version="1" changeset="10048062" timestamp="2011-12-06T08:58:25Z" user="Vlad" uid="24247" lat="43.7191320" lon="7.2668340"/>
 <node id="1533801593" visible="true" version="1" changeset="10048062" timestamp="2011-12-06T08:58:25Z" user="Vlad" uid="24247" lat="43.7191390" lon="7.2676430"/>
 <node id="1533801596" visible="true" version="1" changeset="10048062" timestamp="2011-12-06T08:58:25Z" user="Vlad" uid="24247" lat="43.7191410" lon="7.2656830"/>
 <node id="1533801598" visible="true" version="1" changeset="10048062" timestamp="2011-12-06T08:58:25Z" user="Vlad" uid="24247" lat="43.7191410" lon="7.2671380"/>
 <node id="1533801617" visible="true" version="1" changeset="10048062" timestamp="2011-12-06T08:58:26Z" user="Vlad" uid="24247" lat="43.7191460" lon="7.2651350"/>
 <node id="1533801628" visible="true" version="1" changeset="10048062" timestamp="2011-12-06T08:58:26Z" user="Vlad" uid="24247" lat="43.7191510" lon="7.2656970"/>
 <node id="1533801664" visible="true" version="1" changeset="10048062" timestamp="2011-12-06T08:58:27Z" user="Vlad" uid="24247" lat="43.7191630" lon="7.2657100"/>
 <node id="1533801669" visible="true" version="1" changeset="10048062" timestamp="2011-12-06T08:58:28Z" user="Vlad" uid="24247" lat="43.7191650" lon="7.2673250"/>
 <node id="1533801671" visible="true" version="1" changeset="10048062" timestamp="2011-12-06T08:58:28Z" user="Vlad" uid="24247" lat="43.7191670" lon="7.2674160"/>
 <node id="1533801676" visible="true" version="1" changeset="10048062" timestamp="2011-12-06T08:58:28Z" user="Vlad" uid="24247" lat="43.7191680" lon="7.2657050"/>
 <node id="1533801706" visible="true" version="1" changeset="10048062" timestamp="2011-12-06T08:58:29Z" user="Vlad" uid="24247" lat="43.7191770" lon="7.2667790"/>
 <node id="1533801708" visible="true" version="1" changeset="10048062" timestamp="2011-12-06T08:58:29Z" user="Vlad" uid="24247" lat="43.7191770" lon="7.2675250"/>
 <node id="1533801732" visible="true" version="1" changeset="10048062" timestamp="2011-12-06T08:58:29Z" user="Vlad" uid="24247" lat="43.7191830" lon="7.2669720"/>
 <node id="1533801734" visible="true" version="1" changeset="10048062" timestamp="2011-12-06T08:58:30Z" user="Vlad" uid="24247" lat="43.7191850" lon="7.2672510"/>
 <node id="1533801755" visible="true" version="1" changeset="10048062" timestamp="2011-12-06T08:58:31Z" user="Vlad" uid="24247" lat="43.7192000" lon="7.2672290"/>
 <node id="1533801770" visible="true" version="1" changeset="10048062" timestamp="2011-12-06T08:58:31Z" user="Vlad" uid="24247" lat="43.7192020" lon="7.2669990"/>
 <node id="1533801772" visible="true" version="1" changeset="10048062" timestamp="2011-12-06T08:58:31Z" user="Vlad" uid="24247" lat="43.7192020" lon="7.2672770"/>
 <node id="1533801775" visible="true" version="1" changeset="10048062" timestamp="2011-12-06T08:58:31Z" user="Vlad" uid="24247" lat="43.7192030" lon="7.2649870"/>
 <node id="1533801777" visible="true" version="1" changeset="10048062" timestamp="2011-12-06T08:58:31Z" user="Vlad" uid="24247" lat="43.7192030" lon="7.2657680"/>
 <node id="1533801779" visible="true" version="1" changeset="10048062" timestamp="2011-12-06T08:58:31Z" user="Vlad" uid="24247" lat="43.7192040" lon="7.2652510"/>
 <node id="1533801788" visible="true" version="1" changeset="10048062" timestamp="2011-12-06T08:58:32Z" user="Vlad" uid="24247" lat="43.7192080" lon="7.2655630"/>
 <node id="1533801790" visible="true" version="1" changeset="10048062" timestamp="2011-12-06T08:58:32Z" user="Vlad" uid="24247" lat="43.7192100" lon="7.2669370"/>
 <node id="1533801827" visible="true" version="1" changeset="10048062" timestamp="2011-12-06T08:58:33Z" user="Vlad" uid="24247" lat="43.7192190" lon="7.2674950"/>
 <node id="1533801834" visible="true" version="1" changeset="10048062" timestamp="2011-12-06T08:58:33Z" user="Vlad" uid="24247" lat="43.7192230" lon="7.2650080"/>
 <node id="1533801841" visible="true" version="1" changeset="10048062" timestamp="2011-12-06T08:58:33Z" user="Vlad" uid="24247" lat="43.7192250" lon="7.2669190"/>
 <node id="1533801871" visible="true" version="1" changeset="10048062" timestamp="2011-12-06T08:58:34Z" user="Vlad" uid="24247" lat="43.7192270" lon="7.2673360"/>
 <node id="1533801877" visible="true" version="1" changeset="10048062" timestamp="2011-12-06T08:58:34Z" user="Vlad" uid="24247" lat="43.7192290" lon="7.2655960"/>
 <node id="1533801884" visible="true" version="1" changeset="10048062" timestamp="2011-12-06T08:58:34Z" user="Vlad" uid="24247" lat="43.7192320" lon="7.2669160"/>
 <node id="1533801904" visible="true" version="1" changeset="10048062" timestamp="2011-12-06T08:58:35Z" user="Vlad" uid="24247" lat="43.7192360" lon="7.2655910"/>
 <node id="1533801941" visible="true" version="1" changeset="10048062" timestamp="2011-12-06T08:58:35Z" user="Vlad" uid="24247" lat="43.7192380" lon="7.2669170"/>
 <node id="1533801972" visible="true" version="1" changeset="10048062" timestamp="2011-12-06T08:58:36Z" user="Vlad" uid="24247" lat="43.7192510" lon="7.2669340"/>
 <node id="1533802080" visible="true" version="1" changeset="10048062" timestamp="2011-12-06T08:58:38Z" user="Vlad" uid="24247" lat="43.7192800" lon="7.2674150"/>
 <node id="1533802092" visible="true" version="1" changeset="10048062" timestamp="2011-12-06T08:58:39Z" user="Vlad" uid="24247" lat="43.7192850" lon="7.2656780"/>
 <node id="1533802144" visible="true" version="1" changeset="10048062" timestamp="2011-12-06T08:58:40Z" user="Vlad" uid="24247" lat="43.7192990" lon="7.2648840"/>
 <node id="1533802322" visible="true" version="1" changeset="10048062" timestamp="2011-12-06T08:58:45Z" user="Vlad" uid="24247" lat="43.7193540" lon="7.2650060"/>
 <node id="1533802364" visible="true" version="1" changeset="10048062" timestamp="2011-12-06T08:58:47Z" user="Vlad" uid="24247" lat="43.7193710" lon="7.2650230"/>
 <node id="1533802435" visible="true" version="1" changeset="10048062" timestamp="2011-12-06T08:58:49Z" user="Vlad" uid="24247" lat="43.7193930" lon="7.2649870"/>
 <node id="1533871960" visible="true" version="1" changeset="10048527" timestamp="2011-12-06T10:03:40Z" user="Vlad" uid="24247" lat="43.7147650" lon="7.2665440"/>
 <node id="1533871962" visible="true" version="1" changeset="10048527" timestamp="2011-12-06T10:03:40Z" user="Vlad" uid="24247" lat="43.7147660" lon="7.2665200"/>
 <node id="1533872322" visible="true" version="1" changeset="10048527" timestamp="2011-12-06T10:03:49Z" user="Vlad" uid="24247" lat="43.7153850" lon="7.2700160"/>
 <node id="1533872335" visible="true" version="1" changeset="10048527" timestamp="2011-12-06T10:03:49Z" user="Vlad" uid="24247" lat="43.7154120" lon="7.2683890"/>
 <node id="1533872352" visible="true" version="1" changeset="10048527" timestamp="2011-12-06T10:03:49Z" user="Vlad" uid="24247" lat="43.7154170" lon="7.2687950"/>
 <node id="1533872356" visible="true" version="1" changeset="10048527" timestamp="2011-12-06T10:03:49Z" user="Vlad" uid="24247" lat="43.7154210" lon="7.2684600"/>
 <node id="1533872365" visible="true" version="1" changeset="10048527" timestamp="2011-12-06T10:03:49Z" user="Vlad" uid="24247" lat="43.7154350" lon="7.2688220"/>
 <node id="1533872378" visible="true" version="1" changeset="10048527" timestamp="2011-12-06T10:03:50Z" user="Vlad" uid="24247" lat="43.7154360" lon="7.2699560"/>
 <node id="1533872382" visible="true" version="1" changeset="10048527" timestamp="2011-12-06T10:03:50Z" user="Vlad" uid="24247" lat="43.7154420" lon="7.2690670"/>
 <node id="1533872389" visible="true" version="1" changeset="10048527" timestamp="2011-12-06T10:03:50Z" user="Vlad" uid="24247" lat="43.7154570" lon="7.2699880"/>
 <node id="1533872411" visible="true" version="1" changeset="10048527" timestamp="2011-12-06T10:03:51Z" user="Vlad" uid="24247" lat="43.7154970" lon="7.2690050"/>
 <node id="1533872412" visible="true" version="2" changeset="34041339" timestamp="2015-09-15T14:04:20Z" user="Ber-A" uid="1123434" lat="43.7155217" lon="7.2666107"/>
 <node id="1533872413" visible="true" version="1" changeset="10048527" timestamp="2011-12-06T10:03:51Z" user="Vlad" uid="24247" lat="43.7155190" lon="7.2702370"/>
 <node id="1533872415" visible="true" version="1" changeset="10048527" timestamp="2011-12-06T10:03:51Z" user="Vlad" uid="24247" lat="43.7155350" lon="7.2698990"/>
 <node id="1533872427" visible="true" version="1" changeset="10048527" timestamp="2011-12-06T10:03:51Z" user="Vlad" uid="24247" lat="43.7155370" lon="7.2692190"/>
 <node id="1533872430" visible="true" version="1" changeset="10048527" timestamp="2011-12-06T10:03:51Z" user="Vlad" uid="24247" lat="43.7155460" lon="7.2701310"/>
 <node id="1533872434" visible="true" version="1" changeset="10048527" timestamp="2011-12-06T10:03:51Z" user="Vlad" uid="24247" lat="43.7155690" lon="7.2700900"/>
 <node id="1533872438" visible="true" version="1" changeset="10048527" timestamp="2011-12-06T10:03:51Z" user="Vlad" uid="24247" lat="43.7155730" lon="7.2701750"/>
 <node id="1533872440" visible="true" version="1" changeset="10048527" timestamp="2011-12-06T10:03:51Z" user="Vlad" uid="24247" lat="43.7155740" lon="7.2700990"/>
 <node id="1533872441" visible="true" version="1" changeset="10048527" timestamp="2011-12-06T10:03:51Z" user="Vlad" uid="24247" lat="43.7155800" lon="7.2700760"/>
 <node id="1533872442" visible="true" version="1" changeset="10048527" timestamp="2011-12-06T10:03:51Z" user="Vlad" uid="24247" lat="43.7155870" lon="7.2700830"/>
 <node id="1533872444" visible="true" version="1" changeset="10048527" timestamp="2011-12-06T10:03:51Z" user="Vlad" uid="24247" lat="43.7155880" lon="7.2658590"/>
 <node id="1533872445" visible="true" version="1" changeset="10048527" timestamp="2011-12-06T10:03:52Z" user="Vlad" uid="24247" lat="43.7155910" lon="7.2695710"/>
 <node id="1533872446" visible="true" version="1" changeset="10048527" timestamp="2011-12-06T10:03:52Z" user="Vlad" uid="24247" lat="43.7155920" lon="7.2685220"/>
 <node id="1533872450" visible="true" version="1" changeset="10048527" timestamp="2011-12-06T10:03:52Z" user="Vlad" uid="24247" lat="43.7155950" lon="7.2659500"/>
 <node id="1533872452" visible="true" version="1" changeset="10048527" timestamp="2011-12-06T10:03:52Z" user="Vlad" uid="24247" lat="43.7156000" lon="7.2695580"/>
 <node id="1533872454" visible="true" version="1" changeset="10048527" timestamp="2011-12-06T10:03:52Z" user="Vlad" uid="24247" lat="43.7156010" lon="7.2685910"/>
 <node id="1533872456" visible="true" version="1" changeset="10048527" timestamp="2011-12-06T10:03:52Z" user="Vlad" uid="24247" lat="43.7156120" lon="7.2695740"/>
 <node id="1533872458" visible="true" version="1" changeset="10048527" timestamp="2011-12-06T10:03:52Z" user="Vlad" uid="24247" lat="43.7156210" lon="7.2691250"/>
 <node id="1533872463" visible="true" version="1" changeset="10048527" timestamp="2011-12-06T10:03:52Z" user="Vlad" uid="24247" lat="43.7156210" lon="7.2700420"/>
 <node id="1533872464" visible="true" version="2" changeset="34041339" timestamp="2015-09-15T14:04:21Z" user="Ber-A" uid="1123434" lat="43.7156427" lon="7.2665387"/>
 <node id="1533872465" visible="true" version="1" changeset="10048527" timestamp="2011-12-06T10:03:52Z" user="Vlad" uid="24247" lat="43.7156360" lon="7.2696270"/>
 <node id="1533872466" visible="true" version="1" changeset="10048527" timestamp="2011-12-06T10:03:52Z" user="Vlad" uid="24247" lat="43.7156380" lon="7.2696370"/>
 <node id="1533872467" visible="true" version="1" changeset="10048527" timestamp="2011-12-06T10:03:52Z" user="Vlad" uid="24247" lat="43.7156410" lon="7.2695270"/>
 <node id="1533872468" visible="true" version="1" changeset="10048527" timestamp="2011-12-06T10:03:52Z" user="Vlad" uid="24247" lat="43.7156450" lon="7.2696140"/>
 <node id="1533872470" visible="true" version="1" changeset="10048527" timestamp="2011-12-06T10:03:52Z" user="Vlad" uid="24247" lat="43.7156490" lon="7.2696180"/>
 <node id="1533872475" visible="true" version="1" changeset="10048527" timestamp="2011-12-06T10:03:52Z" user="Vlad" uid="24247" lat="43.7156640" lon="7.2696680"/>
 <node id="1533872483" visible="true" version="2" changeset="34041339" timestamp="2015-09-15T14:04:21Z" user="Ber-A" uid="1123434" lat="43.7156767" lon="7.2671037"/>
 <node id="1533872484" visible="true" version="1" changeset="10048527" timestamp="2011-12-06T10:03:53Z" user="Vlad" uid="24247" lat="43.7156680" lon="7.2694530"/>
 <node id="1533872485" visible="true" version="1" changeset="10048527" timestamp="2011-12-06T10:03:53Z" user="Vlad" uid="24247" lat="43.7156700" lon="7.2694810"/>
 <node id="1533872486" visible="true" version="1" changeset="10048527" timestamp="2011-12-06T10:03:53Z" user="Vlad" uid="24247" lat="43.7156760" lon="7.2696500"/>
 <node id="1533872487" visible="true" version="1" changeset="10048527" timestamp="2011-12-06T10:03:53Z" user="Vlad" uid="24247" lat="43.7156800" lon="7.2694320"/>
 <node id="1533872489" visible="true" version="2" changeset="34041339" timestamp="2015-09-15T14:04:20Z" user="Ber-A" uid="1123434" lat="43.7156820" lon="7.2673645"/>
 <node id="1533872490" visible="true" version="1" changeset="10048527" timestamp="2011-12-06T10:03:53Z" user="Vlad" uid="24247" lat="43.7156830" lon="7.2693850"/>
 <node id="1533872491" visible="true" version="1" changeset="10048527" timestamp="2011-12-06T10:03:53Z" user="Vlad" uid="24247" lat="43.7156860" lon="7.2658500"/>
 <node id="1533872492" visible="true" version="1" changeset="10048527" timestamp="2011-12-06T10:03:53Z" user="Vlad" uid="24247" lat="43.7156890" lon="7.2659390"/>
 <node id="1533872498" visible="true" version="1" changeset="10048527" timestamp="2011-12-06T10:03:53Z" user="Vlad" uid="24247" lat="43.7156980" lon="7.2694370"/>
 <node id="1533872502" visible="true" version="1" changeset="10048527" timestamp="2011-12-06T10:03:53Z" user="Vlad" uid="24247" lat="43.7157000" lon="7.2694100"/>
 <node id="1533872506" visible="true" version="1" changeset="10048527" timestamp="2011-12-06T10:03:53Z" user="Vlad" uid="24247" lat="43.7157030" lon="7.2693590"/>
 <node id="1533872510" visible="true" version="1" changeset="10048527" timestamp="2011-12-06T10:03:53Z" user="Vlad" uid="24247" lat="43.7157110" lon="7.2696910"/>
 <node id="1533872511" visible="true" version="1" changeset="10048527" timestamp="2011-12-06T10:03:53Z" user="Vlad" uid="24247" lat="43.7157120" lon="7.2694160"/>
 <node id="1533872513" visible="true" version="1" changeset="10048527" timestamp="2011-12-06T10:03:53Z" user="Vlad" uid="24247" lat="43.7157200" lon="7.2693830"/>
 <node id="1533872515" visible="true" version="1" changeset="10048527" timestamp="2011-12-06T10:03:53Z" user="Vlad" uid="24247" lat="43.7157200" lon="7.2696770"/>
 <node id="1533872517" visible="true" version="2" changeset="34041339" timestamp="2015-09-15T14:04:20Z" user="Ber-A" uid="1123434" lat="43.7157240" lon="7.2674905"/>
 <node id="1533872523" visible="true" version="1" changeset="10048527" timestamp="2011-12-06T10:03:53Z" user="Vlad" uid="24247" lat="43.7157300" lon="7.2683080"/>
 <node id="1533872525" visible="true" version="1" changeset="10048527" timestamp="2011-12-06T10:03:54Z" user="Vlad" uid="24247" lat="43.7157380" lon="7.2683790"/>
 <node id="1533872528" visible="true" version="1" changeset="10048527" timestamp="2011-12-06T10:03:54Z" user="Vlad" uid="24247" lat="43.7157400" lon="7.2697000"/>
 <node id="1533872531" visible="true" version="1" changeset="10048527" timestamp="2011-12-06T10:03:54Z" user="Vlad" uid="24247" lat="43.7157600" lon="7.2697470"/>
 <node id="1533872533" visible="true" version="1" changeset="10048527" timestamp="2011-12-06T10:03:54Z" user="Vlad" uid="24247" lat="43.7157650" lon="7.2696070"/>
 <node id="1533872535" visible="true" version="1" changeset="10048527" timestamp="2011-12-06T10:03:54Z" user="Vlad" uid="24247" lat="43.7157700" lon="7.2690790"/>
 <node id="1533872537" visible="true" version="1" changeset="10048527" timestamp="2011-12-06T10:03:54Z" user="Vlad" uid="24247" lat="43.7157730" lon="7.2695450"/>
 <node id="1533872540" visible="true" version="1" changeset="10048527" timestamp="2011-12-06T10:03:54Z" user="Vlad" uid="24247" lat="43.7157750" lon="7.2684730"/>
 <node id="1533872542" visible="true" version="1" changeset="10048527" timestamp="2011-12-06T10:03:54Z" user="Vlad" uid="24247" lat="43.7157840" lon="7.2695580"/>
 <node id="1533872549" visible="true" version="1" changeset="10048527" timestamp="2011-12-06T10:03:54Z" user="Vlad" uid="24247" lat="43.7157840" lon="7.2696290"/>
 <node id="1533872551" visible="true" version="1" changeset="10048527" timestamp="2011-12-06T10:03:54Z" user="Vlad" uid="24247" lat="43.7157860" lon="7.2685420"/>
 <node id="1533872554" visible="true" version="1" changeset="10048527" timestamp="2011-12-06T10:03:54Z" user="Vlad" uid="24247" lat="43.7157860" lon="7.2695750"/>
 <node id="1533872556" visible="true" version="2" changeset="34041339" timestamp="2015-09-15T14:04:21Z" user="Ber-A" uid="1123434" lat="43.7157997" lon="7.2670307"/>
 <node id="1533872558" visible="true" version="1" changeset="10048527" timestamp="2011-12-06T10:03:54Z" user="Vlad" uid="24247" lat="43.7157940" lon="7.2695110"/>
 <node id="1533872560" visible="true" version="1" changeset="10048527" timestamp="2011-12-06T10:03:54Z" user="Vlad" uid="24247" lat="43.7158070" lon="7.2699630"/>
 <node id="1533872563" visible="true" version="1" changeset="10048527" timestamp="2011-12-06T10:03:54Z" user="Vlad" uid="24247" lat="43.7158080" lon="7.2696630"/>
 <node id="1533872565" visible="true" version="1" changeset="10048527" timestamp="2011-12-06T10:03:54Z" user="Vlad" uid="24247" lat="43.7158090" lon="7.2698060"/>
 <node id="1533872571" visible="true" version="1" changeset="10048527" timestamp="2011-12-06T10:03:54Z" user="Vlad" uid="24247" lat="43.7158200" lon="7.2696780"/>
 <node id="1533872572" visible="true" version="1" changeset="10048527" timestamp="2011-12-06T10:03:55Z" user="Vlad" uid="24247" lat="43.7158320" lon="7.2694400"/>
 <node id="1533872573" visible="true" version="1" changeset="10048527" timestamp="2011-12-06T10:03:55Z" user="Vlad" uid="24247" lat="43.7158390" lon="7.2688360"/>
 <node id="1533872574" visible="true" version="1" changeset="10048527" timestamp="2011-12-06T10:03:55Z" user="Vlad" uid="24247" lat="43.7158480" lon="7.2691220"/>
 <node id="1533872576" visible="true" version="1" changeset="10048527" timestamp="2011-12-06T10:03:55Z" user="Vlad" uid="24247" lat="43.7158490" lon="7.2697140"/>
 <node id="1533872602" visible="true" version="1" changeset="10048527" timestamp="2011-12-06T10:03:55Z" user="Vlad" uid="24247" lat="43.7158660" lon="7.2696780"/>
 <node id="1533872606" visible="true" version="1" changeset="10048527" timestamp="2011-12-06T10:03:55Z" user="Vlad" uid="24247" lat="43.7158680" lon="7.2691300"/>
 <node id="1533872607" visible="true" version="1" changeset="10048527" timestamp="2011-12-06T10:03:55Z" user="Vlad" uid="24247" lat="43.7158700" lon="7.2695760"/>
 <node id="1533872609" visible="true" version="1" changeset="10048527" timestamp="2011-12-06T10:03:55Z" user="Vlad" uid="24247" lat="43.7158770" lon="7.2657730"/>
 <node id="1533872610" visible="true" version="1" changeset="10048527" timestamp="2011-12-06T10:03:55Z" user="Vlad" uid="24247" lat="43.7158780" lon="7.2693570"/>
 <node id="1533872624" visible="true" version="1" changeset="10048527" timestamp="2011-12-06T10:03:56Z" user="Vlad" uid="24247" lat="43.7158780" lon="7.2695850"/>
 <node id="1533872626" visible="true" version="2" changeset="34041339" timestamp="2015-09-15T14:04:21Z" user="Ber-A" uid="1123434" lat="43.7158800" lon="7.2673925"/>
 <node id="1533872631" visible="true" version="2" changeset="34041339" timestamp="2015-09-15T14:04:21Z" user="Ber-A" uid="1123434" lat="43.7158830" lon="7.2672415"/>
 <node id="1533872632" visible="true" version="1" changeset="10048527" timestamp="2011-12-06T10:03:56Z" user="Vlad" uid="24247" lat="43.7158830" lon="7.2697870"/>
 <node id="1533872634" visible="true" version="1" changeset="10048527" timestamp="2011-12-06T10:03:56Z" user="Vlad" uid="24247" lat="43.7158840" lon="7.2693640"/>
 <node id="1533872636" visible="true" version="1" changeset="10048527" timestamp="2011-12-06T10:03:56Z" user="Vlad" uid="24247" lat="43.7158860" lon="7.2658510"/>
 <node id="1533872643" visible="true" version="1" changeset="10048527" timestamp="2011-12-06T10:03:56Z" user="Vlad" uid="24247" lat="43.7158870" lon="7.2695470"/>
 <node id="1533872652" visible="true" version="1" changeset="10048527" timestamp="2011-12-06T10:03:56Z" user="Vlad" uid="24247" lat="43.7158990" lon="7.2649940"/>
 <node id="1533872661" visible="true" version="1" changeset="10048527" timestamp="2011-12-06T10:03:57Z" user="Vlad" uid="24247" lat="43.7159010" lon="7.2695120"/>
 <node id="1533872668" visible="true" version="1" changeset="10048527" timestamp="2011-12-06T10:03:57Z" user="Vlad" uid="24247" lat="43.7159010" lon="7.2696160"/>
 <node id="1533872673" visible="true" version="1" changeset="10048527" timestamp="2011-12-06T10:03:57Z" user="Vlad" uid="24247" lat="43.7159090" lon="7.2643700"/>
 <node id="1533872677" visible="true" version="1" changeset="10048527" timestamp="2011-12-06T10:03:57Z" user="Vlad" uid="24247" lat="43.7159170" lon="7.2688770"/>
 <node id="1533872679" visible="true" version="1" changeset="10048527" timestamp="2011-12-06T10:03:57Z" user="Vlad" uid="24247" lat="43.7159180" lon="7.2695890"/>
 <node id="1533872681" visible="true" version="1" changeset="10048527" timestamp="2011-12-06T10:03:57Z" user="Vlad" uid="24247" lat="43.7159190" lon="7.2700600"/>
 <node id="1533872685" visible="true" version="2" changeset="34041339" timestamp="2015-09-15T14:04:21Z" user="Ber-A" uid="1123434" lat="43.7159230" lon="7.2673665"/>
 <node id="1533872690" visible="true" version="1" changeset="10048527" timestamp="2011-12-06T10:03:57Z" user="Vlad" uid="24247" lat="43.7159280" lon="7.2649580"/>
 <node id="1533872695" visible="true" version="1" changeset="10048527" timestamp="2011-12-06T10:03:58Z" user="Vlad" uid="24247" lat="43.7159320" lon="7.2692790"/>
 <node id="1533872697" visible="true" version="1" changeset="10048527" timestamp="2011-12-06T10:03:58Z" user="Vlad" uid="24247" lat="43.7159360" lon="7.2688880"/>
 <node id="1533872700" visible="true" version="1" changeset="10048527" timestamp="2011-12-06T10:03:58Z" user="Vlad" uid="24247" lat="43.7159360" lon="7.2691670"/>
 <node id="1533872705" visible="true" version="1" changeset="10048527" timestamp="2011-12-06T10:03:58Z" user="Vlad" uid="24247" lat="43.7159380" lon="7.2643700"/>
 <node id="1533872717" visible="true" version="1" changeset="10048527" timestamp="2011-12-06T10:03:58Z" user="Vlad" uid="24247" lat="43.7159390" lon="7.2657610"/>
 <node id="1533872718" visible="true" version="1" changeset="10048527" timestamp="2011-12-06T10:03:58Z" user="Vlad" uid="24247" lat="43.7159440" lon="7.2692000"/>
 <node id="1533872719" visible="true" version="1" changeset="10048527" timestamp="2011-12-06T10:03:58Z" user="Vlad" uid="24247" lat="43.7159450" lon="7.2658390"/>
 <node id="1533872721" visible="true" version="1" changeset="10048527" timestamp="2011-12-06T10:03:58Z" user="Vlad" uid="24247" lat="43.7159460" lon="7.2692930"/>
 <node id="1533872726" visible="true" version="1" changeset="10048527" timestamp="2011-12-06T10:03:58Z" user="Vlad" uid="24247" lat="43.7159570" lon="7.2694140"/>
 <node id="1533872744" visible="true" version="1" changeset="10048527" timestamp="2011-12-06T10:03:59Z" user="Vlad" uid="24247" lat="43.7159630" lon="7.2692600"/>
 <node id="1533872746" visible="true" version="1" changeset="10048527" timestamp="2011-12-06T10:03:59Z" user="Vlad" uid="24247" lat="43.7159660" lon="7.2694220"/>
 <node id="1533872761" visible="true" version="1" changeset="10048527" timestamp="2011-12-06T10:03:59Z" user="Vlad" uid="24247" lat="43.7159760" lon="7.2690290"/>
 <node id="1533872765" visible="true" version="1" changeset="10048527" timestamp="2011-12-06T10:03:59Z" user="Vlad" uid="24247" lat="43.7159850" lon="7.2692050"/>
 <node id="1533872778" visible="true" version="1" changeset="10048527" timestamp="2011-12-06T10:03:59Z" user="Vlad" uid="24247" lat="43.7159980" lon="7.2698830"/>
 <node id="1533872785" visible="true" version="1" changeset="10048527" timestamp="2011-12-06T10:04:00Z" user="Vlad" uid="24247" lat="43.7160020" lon="7.2693590"/>
 <node id="1533872787" visible="true" version="1" changeset="10048527" timestamp="2011-12-06T10:04:00Z" user="Vlad" uid="24247" lat="43.7160040" lon="7.2689250"/>
 <node id="1533872799" visible="true" version="1" changeset="10048527" timestamp="2011-12-06T10:04:00Z" user="Vlad" uid="24247" lat="43.7160150" lon="7.2693130"/>
 <node id="1533872814" visible="true" version="1" changeset="10048527" timestamp="2011-12-06T10:04:00Z" user="Vlad" uid="24247" lat="43.7160190" lon="7.2689290"/>
 <node id="1533872817" visible="true" version="1" changeset="10048527" timestamp="2011-12-06T10:04:00Z" user="Vlad" uid="24247" lat="43.7160320" lon="7.2696600"/>
 <node id="1533872821" visible="true" version="1" changeset="10048527" timestamp="2011-12-06T10:04:00Z" user="Vlad" uid="24247" lat="43.7160370" lon="7.2645520"/>
 <node id="1533872825" visible="true" version="1" changeset="10048527" timestamp="2011-12-06T10:04:01Z" user="Vlad" uid="24247" lat="43.7160370" lon="7.2690150"/>
 <node id="1533872837" visible="true" version="1" changeset="10048527" timestamp="2011-12-06T10:04:01Z" user="Vlad" uid="24247" lat="43.7160410" lon="7.2643750"/>
 <node id="1533872842" visible="true" version="1" changeset="10048527" timestamp="2011-12-06T10:04:01Z" user="Vlad" uid="24247" lat="43.7160560" lon="7.2689480"/>
 <node id="1533872846" visible="true" version="2" changeset="99995835" timestamp="2021-02-25T18:05:36Z" user="divulmappeur" uid="8490885" lat="43.7160757" lon="7.2658300"/>
 <node id="1533872868" visible="true" version="1" changeset="10048527" timestamp="2011-12-06T10:04:02Z" user="Vlad" uid="24247" lat="43.7160910" lon="7.2690440"/>
 <node id="1533872893" visible="true" version="1" changeset="10048527" timestamp="2011-12-06T10:04:02Z" user="Vlad" uid="24247" lat="43.7161100" lon="7.2689800"/>
 <node id="1533872895" visible="true" version="1" changeset="10048527" timestamp="2011-12-06T10:04:02Z" user="Vlad" uid="24247" lat="43.7161110" lon="7.2649960"/>
 <node id="1533872896" visible="true" version="1" changeset="10048527" timestamp="2011-12-06T10:04:02Z" user="Vlad" uid="24247" lat="43.7161120" lon="7.2649620"/>
 <node id="1533872944" visible="true" version="1" changeset="10048527" timestamp="2011-12-06T10:04:03Z" user="Vlad" uid="24247" lat="43.7161570" lon="7.2693630"/>
 <node id="1533872970" visible="true" version="2" changeset="89272654" timestamp="2020-08-11T23:47:01Z" user="divulmappeur" uid="8490885" lat="43.7161822" lon="7.2685872"/>
 <node id="1533873019" visible="true" version="1" changeset="10048527" timestamp="2011-12-06T10:04:05Z" user="Vlad" uid="24247" lat="43.7162220" lon="7.2649970"/>
 <node id="1533873022" visible="true" version="1" changeset="10048527" timestamp="2011-12-06T10:04:05Z" user="Vlad" uid="24247" lat="43.7162280" lon="7.2645610"/>
 <node id="1533873025" visible="true" version="1" changeset="10048527" timestamp="2011-12-06T10:04:05Z" user="Vlad" uid="24247" lat="43.7162280" lon="7.2681990"/>
 <node id="1533873047" visible="true" version="1" changeset="10048527" timestamp="2011-12-06T10:04:06Z" user="Vlad" uid="24247" lat="43.7162610" lon="7.2698510"/>
 <node id="1533873064" visible="true" version="1" changeset="10048527" timestamp="2011-12-06T10:04:06Z" user="Vlad" uid="24247" lat="43.7162760" lon="7.2686850"/>
 <node id="1533873070" visible="true" version="1" changeset="10048527" timestamp="2011-12-06T10:04:06Z" user="Vlad" uid="24247" lat="43.7162870" lon="7.2645160"/>
 <node id="1533873078" visible="true" version="2" changeset="89272654" timestamp="2020-08-11T23:47:01Z" user="divulmappeur" uid="8490885" lat="43.7162909" lon="7.2686979"/>
 <node id="1533873081" visible="true" version="2" changeset="48047197" timestamp="2017-04-22T23:01:58Z" user="greecemapper" uid="23785" lat="43.7162969" lon="7.2690340"/>
 <node id="1533873093" visible="true" version="2" changeset="48047197" timestamp="2017-04-22T23:01:58Z" user="greecemapper" uid="23785" lat="43.7163102" lon="7.2688557"/>
 <node id="1533873113" visible="true" version="1" changeset="10048527" timestamp="2011-12-06T10:04:07Z" user="Vlad" uid="24247" lat="43.7163300" lon="7.2696350"/>
 <node id="1533873115" visible="true" version="2" changeset="89272654" timestamp="2020-08-11T23:47:01Z" user="divulmappeur" uid="8490885" lat="43.7163332" lon="7.2683122"/>
 <node id="1533873117" visible="true" version="1" changeset="10048527" timestamp="2011-12-06T10:04:07Z" user="Vlad" uid="24247" lat="43.7163370" lon="7.2696040"/>
 <node id="1533873122" visible="true" version="2" changeset="89272654" timestamp="2020-08-11T23:47:01Z" user="divulmappeur" uid="8490885" lat="43.7163371" lon="7.2686151"/>
 <node id="1533873128" visible="true" version="1" changeset="10048527" timestamp="2011-12-06T10:04:07Z" user="Vlad" uid="24247" lat="43.7163450" lon="7.2695150"/>
 <node id="1533873137" visible="true" version="1" changeset="10048527" timestamp="2011-12-06T10:04:07Z" user="Vlad" uid="24247" lat="43.7163480" lon="7.2696420"/>
 <node id="1533873147" visible="true" version="1" changeset="10048527" timestamp="2011-12-06T10:04:08Z" user="Vlad" uid="24247" lat="43.7163570" lon="7.2696130"/>
 <node id="1533873161" visible="true" version="1" changeset="10048527" timestamp="2011-12-06T10:04:08Z" user="Vlad" uid="24247" lat="43.7163610" lon="7.2697470"/>
 <node id="1533873164" visible="true" version="1" changeset="10048527" timestamp="2011-12-06T10:04:08Z" user="Vlad" uid="24247" lat="43.7163690" lon="7.2695450"/>
 <node id="1533873167" visible="true" version="1" changeset="10048527" timestamp="2011-12-06T10:04:08Z" user="Vlad" uid="24247" lat="43.7163750" lon="7.2682390"/>
 <node id="1533873174" visible="true" version="1" changeset="10048527" timestamp="2011-12-06T10:04:08Z" user="Vlad" uid="24247" lat="43.7164040" lon="7.2678860"/>
 <node id="1533873179" visible="true" version="2" changeset="89272654" timestamp="2020-08-11T23:47:01Z" user="divulmappeur" uid="8490885" lat="43.7164429" lon="7.2684259"/>
 <node id="1533873187" visible="true" version="1" changeset="10048527" timestamp="2011-12-06T10:04:08Z" user="Vlad" uid="24247" lat="43.7164490" lon="7.2697540"/>
 <node id="1533873190" visible="true" version="1" changeset="10048527" timestamp="2011-12-06T10:04:08Z" user="Vlad" uid="24247" lat="43.7164530" lon="7.2697550"/>
 <node id="1533873193" visible="true" version="1" changeset="10048527" timestamp="2011-12-06T10:04:09Z" user="Vlad" uid="24247" lat="43.7164540" lon="7.2697450"/>
 <node id="1533873207" visible="true" version="1" changeset="10048527" timestamp="2011-12-06T10:04:09Z" user="Vlad" uid="24247" lat="43.7164830" lon="7.2683500"/>
 <node id="1533873221" visible="true" version="1" changeset="10048527" timestamp="2011-12-06T10:04:09Z" user="Vlad" uid="24247" lat="43.7165080" lon="7.2679970"/>
 <node id="1533873228" visible="true" version="2" changeset="33065648" timestamp="2015-08-03T10:15:24Z" user="PipoCanaja" uid="1872287" lat="43.7165274" lon="7.2657542"/>
 <node id="1533873257" visible="true" version="1" changeset="10048527" timestamp="2011-12-06T10:04:10Z" user="Vlad" uid="24247" lat="43.7165480" lon="7.2685350"/>
 <node id="1533873260" visible="true" version="1" changeset="10048527" timestamp="2011-12-06T10:04:10Z" user="Vlad" uid="24247" lat="43.7165540" lon="7.2697580"/>
 <node id="1533873271" visible="true" version="1" changeset="10048527" timestamp="2011-12-06T10:04:10Z" user="Vlad" uid="24247" lat="43.7165630" lon="7.2695670"/>
 <node id="1533873301" visible="true" version="2" changeset="48047197" timestamp="2017-04-22T23:01:58Z" user="greecemapper" uid="23785" lat="43.7166138" lon="7.2690793"/>
 <node id="1533873306" visible="true" version="1" changeset="10048527" timestamp="2011-12-06T10:04:11Z" user="Vlad" uid="24247" lat="43.7166160" lon="7.2681070"/>
 <node id="1533873311" visible="true" version="2" changeset="48047197" timestamp="2017-04-22T23:01:58Z" user="greecemapper" uid="23785" lat="43.7166271" lon="7.2689010"/>
 <node id="1533873373" visible="true" version="2" changeset="48047197" timestamp="2017-04-22T23:01:58Z" user="greecemapper" uid="23785" lat="43.7166786" lon="7.2692280"/>
 <node id="1533873397" visible="true" version="1" changeset="10048527" timestamp="2011-12-06T10:04:12Z" user="Vlad" uid="24247" lat="43.7166849" lon="7.2664677"/>
 <node id="1533873401" visible="true" version="2" changeset="128962772" timestamp="2022-11-15T23:08:00Z" user="divulmappeur" uid="8490885" lat="43.7166878" lon="7.2663699"/>
 <node id="1533873403" visible="true" version="2" changeset="48047197" timestamp="2017-04-22T23:01:58Z" user="greecemapper" uid="23785" lat="43.7166926" lon="7.2697733"/>
 <node id="1533873410" visible="true" version="2" changeset="48047197" timestamp="2017-04-22T23:01:58Z" user="greecemapper" uid="23785" lat="43.7166937" lon="7.2690420"/>
 <node id="1533873434" visible="true" version="2" changeset="48047197" timestamp="2017-04-22T23:01:58Z" user="greecemapper" uid="23785" lat="43.7167116" lon="7.2695127"/>
 <node id="1533873436" visible="true" version="1" changeset="10048527" timestamp="2011-12-06T10:04:13Z" user="Vlad" uid="24247" lat="43.7167182" lon="7.2678816"/>
 <node id="1533873438" visible="true" version="1" changeset="10048527" timestamp="2011-12-06T10:04:13Z" user="Vlad" uid="24247" lat="43.7167190" lon="7.2682180"/>
 <node id="1533873440" visible="true" version="2" changeset="89272654" timestamp="2020-08-11T23:47:01Z" user="divulmappeur" uid="8490885" lat="43.7167351" lon="7.2678058"/>
 <node id="1533873444" visible="true" version="1" changeset="10048527" timestamp="2011-12-06T10:04:13Z" user="Vlad" uid="24247" lat="43.7167351" lon="7.2668551"/>
 <node id="1533873453" visible="true" version="1" changeset="10048527" timestamp="2011-12-06T10:04:13Z" user="Vlad" uid="24247" lat="43.7167388" lon="7.2662695"/>
 <node id="1533873456" visible="true" version="1" changeset="10048527" timestamp="2011-12-06T10:04:14Z" user="Vlad" uid="24247" lat="43.7167570" lon="7.2663560"/>
 <node id="1533873458" visible="true" version="1" changeset="10048527" timestamp="2011-12-06T10:04:14Z" user="Vlad" uid="24247" lat="43.7167600" lon="7.2663700"/>
 <node id="1533873460" visible="true" version="1" changeset="10048527" timestamp="2011-12-06T10:04:14Z" user="Vlad" uid="24247" lat="43.7167600" lon="7.2664430"/>
 <node id="1533873462" visible="true" version="1" changeset="10048527" timestamp="2011-12-06T10:04:14Z" user="Vlad" uid="24247" lat="43.7167630" lon="7.2664590"/>
 <node id="1533873464" visible="true" version="1" changeset="10048527" timestamp="2011-12-06T10:04:14Z" user="Vlad" uid="24247" lat="43.7167640" lon="7.2663680"/>
 <node id="1533873466" visible="true" version="1" changeset="10048527" timestamp="2011-12-06T10:04:14Z" user="Vlad" uid="24247" lat="43.7167670" lon="7.2663080"/>
 <node id="1533873469" visible="true" version="2" changeset="48047197" timestamp="2017-04-22T23:01:58Z" user="greecemapper" uid="23785" lat="43.7167680" lon="7.2697838"/>
 <node id="1533873483" visible="true" version="2" changeset="48047197" timestamp="2017-04-22T23:01:58Z" user="greecemapper" uid="23785" lat="43.7167690" lon="7.2697699"/>
 <node id="1533873485" visible="true" version="1" changeset="10048527" timestamp="2011-12-06T10:04:14Z" user="Vlad" uid="24247" lat="43.7167720" lon="7.2664570"/>
 <node id="1533873488" visible="true" version="1" changeset="10048527" timestamp="2011-12-06T10:04:14Z" user="Vlad" uid="24247" lat="43.7167740" lon="7.2663490"/>
 <node id="1533873490" visible="true" version="1" changeset="10048527" timestamp="2011-12-06T10:04:14Z" user="Vlad" uid="24247" lat="43.7167770" lon="7.2664370"/>
 <node id="1533873491" visible="true" version="1" changeset="10048527" timestamp="2011-12-06T10:04:14Z" user="Vlad" uid="24247" lat="43.7167825" lon="7.2670108"/>
 <node id="1533873509" visible="true" version="1" changeset="10048527" timestamp="2011-12-06T10:04:15Z" user="Vlad" uid="24247" lat="43.7167892" lon="7.2679908"/>
 <node id="1533873517" visible="true" version="1" changeset="10048527" timestamp="2011-12-06T10:04:15Z" user="Vlad" uid="24247" lat="43.7168020" lon="7.2667060"/>
 <node id="1533873528" visible="true" version="1" changeset="10048527" timestamp="2011-12-06T10:04:15Z" user="Vlad" uid="24247" lat="43.7168050" lon="7.2667280"/>
 <node id="1533873530" visible="true" version="1" changeset="10048527" timestamp="2011-12-06T10:04:15Z" user="Vlad" uid="24247" lat="43.7168095" lon="7.2661975"/>
 <node id="1533873533" visible="true" version="1" changeset="10048527" timestamp="2011-12-06T10:04:15Z" user="Vlad" uid="24247" lat="43.7168130" lon="7.2667020"/>
 <node id="1533873545" visible="true" version="1" changeset="10048527" timestamp="2011-12-06T10:04:15Z" user="Vlad" uid="24247" lat="43.7168190" lon="7.2667240"/>
 <node id="1533873547" visible="true" version="1" changeset="10048527" timestamp="2011-12-06T10:04:15Z" user="Vlad" uid="24247" lat="43.7168230" lon="7.2667990"/>
 <node id="1533873560" visible="true" version="1" changeset="10048527" timestamp="2011-12-06T10:04:16Z" user="Vlad" uid="24247" lat="43.7168270" lon="7.2662880"/>
 <node id="1533873561" visible="true" version="1" changeset="10048527" timestamp="2011-12-06T10:04:16Z" user="Vlad" uid="24247" lat="43.7168270" lon="7.2668150"/>
 <node id="1533873564" visible="true" version="1" changeset="10048527" timestamp="2011-12-06T10:04:16Z" user="Vlad" uid="24247" lat="43.7168320" lon="7.2667950"/>
 <node id="1533873567" visible="true" version="1" changeset="10048527" timestamp="2011-12-06T10:04:16Z" user="Vlad" uid="24247" lat="43.7168350" lon="7.2663300"/>
 <node id="1533873568" visible="true" version="1" changeset="10048527" timestamp="2011-12-06T10:04:16Z" user="Vlad" uid="24247" lat="43.7168439" lon="7.2671098"/>
 <node id="1533873584" visible="true" version="1" changeset="10048527" timestamp="2011-12-06T10:04:16Z" user="Vlad" uid="24247" lat="43.7168460" lon="7.2668070"/>
 <node id="1533873587" visible="true" version="2" changeset="48047197" timestamp="2017-04-22T23:01:59Z" user="greecemapper" uid="23785" lat="43.7168505" lon="7.2697812"/>
 <node id="1533873589" visible="true" version="1" changeset="10048527" timestamp="2011-12-06T10:04:16Z" user="Vlad" uid="24247" lat="43.7168530" lon="7.2668360"/>
 <node id="1533873595" visible="true" version="2" changeset="48047197" timestamp="2017-04-22T23:01:59Z" user="greecemapper" uid="23785" lat="43.7168555" lon="7.2697119"/>
 <node id="1533873608" visible="true" version="1" changeset="10048527" timestamp="2011-12-06T10:04:17Z" user="Vlad" uid="24247" lat="43.7168720" lon="7.2668510"/>
 <node id="1533873646" visible="true" version="2" changeset="48047197" timestamp="2017-04-22T23:01:59Z" user="greecemapper" uid="23785" lat="43.7168951" lon="7.2697860"/>
 <node id="1533873656" visible="true" version="2" changeset="128962772" timestamp="2022-11-15T23:08:00Z" user="divulmappeur" uid="8490885" lat="43.7168864" lon="7.2661868"/>
 <node id="1533873659" visible="true" version="2" changeset="48047197" timestamp="2017-04-22T23:01:59Z" user="greecemapper" uid="23785" lat="43.7169000" lon="7.2697181"/>
 <node id="1533873672" visible="true" version="1" changeset="10048527" timestamp="2011-12-06T10:04:18Z" user="Vlad" uid="24247" lat="43.7169020" lon="7.2668440"/>
 <node id="1533873675" visible="true" version="2" changeset="33065648" timestamp="2015-08-03T10:15:24Z" user="PipoCanaja" uid="1872287" lat="43.7169183" lon="7.2657687"/>
 <node id="1533873679" visible="true" version="1" changeset="10048527" timestamp="2011-12-06T10:04:18Z" user="Vlad" uid="24247" lat="43.7169070" lon="7.2667890"/>
 <node id="1533873693" visible="true" version="1" changeset="10048527" timestamp="2011-12-06T10:04:18Z" user="Vlad" uid="24247" lat="43.7169076" lon="7.2681109"/>
 <node id="1533873695" visible="true" version="1" changeset="10048527" timestamp="2011-12-06T10:04:18Z" user="Vlad" uid="24247" lat="43.7169130" lon="7.2668180"/>
 <node id="1533873697" visible="true" version="1" changeset="10048527" timestamp="2011-12-06T10:04:18Z" user="Vlad" uid="24247" lat="43.7169160" lon="7.2663260"/>
 <node id="1533873700" visible="true" version="1" changeset="10048527" timestamp="2011-12-06T10:04:18Z" user="Vlad" uid="24247" lat="43.7169212" lon="7.2678538"/>
 <node id="1533873706" visible="true" version="1" changeset="10048527" timestamp="2011-12-06T10:04:19Z" user="Vlad" uid="24247" lat="43.7169220" lon="7.2663000"/>
 <node id="1533873718" visible="true" version="2" changeset="89272654" timestamp="2020-08-11T23:47:01Z" user="divulmappeur" uid="8490885" lat="43.7169254" lon="7.2674824"/>
 <node id="1533873723" visible="true" version="1" changeset="10048527" timestamp="2011-12-06T10:04:19Z" user="Vlad" uid="24247" lat="43.7169270" lon="7.2663220"/>
 <node id="1533873744" visible="true" version="1" changeset="10048527" timestamp="2011-12-06T10:04:19Z" user="Vlad" uid="24247" lat="43.7169550" lon="7.2677724"/>
 <node id="1533873750" visible="true" version="1" changeset="10048527" timestamp="2011-12-06T10:04:20Z" user="Vlad" uid="24247" lat="43.7169576" lon="7.2681182"/>
 <node id="1533873760" visible="true" version="1" changeset="10048527" timestamp="2011-12-06T10:04:20Z" user="Vlad" uid="24247" lat="43.7169590" lon="7.2665800"/>
 <node id="1533873763" visible="true" version="1" changeset="10048527" timestamp="2011-12-06T10:04:20Z" user="Vlad" uid="24247" lat="43.7169602" lon="7.2679362"/>
 <node id="1533873770" visible="true" version="1" changeset="10048527" timestamp="2011-12-06T10:04:20Z" user="Vlad" uid="24247" lat="43.7169769" lon="7.2674830"/>
 <node id="1533873775" visible="true" version="1" changeset="10048527" timestamp="2011-12-06T10:04:20Z" user="Vlad" uid="24247" lat="43.7169800" lon="7.2668320"/>
 <node id="1533873777" visible="true" version="1" changeset="10048527" timestamp="2011-12-06T10:04:20Z" user="Vlad" uid="24247" lat="43.7169810" lon="7.2667180"/>
 <node id="1533873779" visible="true" version="2" changeset="89272654" timestamp="2020-08-11T23:47:01Z" user="divulmappeur" uid="8490885" lat="43.7169704" lon="7.2662150"/>
 <node id="1533873793" visible="true" version="1" changeset="10048527" timestamp="2011-12-06T10:04:20Z" user="Vlad" uid="24247" lat="43.7169860" lon="7.2667460"/>
 <node id="1533873799" visible="true" version="1" changeset="10048527" timestamp="2011-12-06T10:04:21Z" user="Vlad" uid="24247" lat="43.7169890" lon="7.2668130"/>
 <node id="1533873801" visible="true" version="1" changeset="10048527" timestamp="2011-12-06T10:04:21Z" user="Vlad" uid="24247" lat="43.7169900" lon="7.2667820"/>
 <node id="1533873805" visible="true" version="1" changeset="10048527" timestamp="2011-12-06T10:04:21Z" user="Vlad" uid="24247" lat="43.7169910" lon="7.2685670"/>
 <node id="1533873807" visible="true" version="1" changeset="10048527" timestamp="2011-12-06T10:04:21Z" user="Vlad" uid="24247" lat="43.7169950" lon="7.2668100"/>
 <node id="1533873808" visible="true" version="2" changeset="48047197" timestamp="2017-04-22T23:01:59Z" user="greecemapper" uid="23785" lat="43.7169965" lon="7.2698001"/>
 <node id="1533873810" visible="true" version="2" changeset="48047197" timestamp="2017-04-22T23:01:59Z" user="greecemapper" uid="23785" lat="43.7169955" lon="7.2698134"/>
 <node id="1533873819" visible="true" version="1" changeset="10048527" timestamp="2011-12-06T10:04:21Z" user="Vlad" uid="24247" lat="43.7169970" lon="7.2679544"/>
 <node id="1533873821" visible="true" version="1" changeset="10048527" timestamp="2011-12-06T10:04:21Z" user="Vlad" uid="24247" lat="43.7169980" lon="7.2667420"/>
 <node id="1533873824" visible="true" version="1" changeset="10048527" timestamp="2011-12-06T10:04:21Z" user="Vlad" uid="24247" lat="43.7170010" lon="7.2667580"/>
 <node id="1533873826" visible="true" version="2" changeset="89272654" timestamp="2020-08-11T23:47:01Z" user="divulmappeur" uid="8490885" lat="43.7170020" lon="7.2682597"/>
 <node id="1533873829" visible="true" version="1" changeset="10048527" timestamp="2011-12-06T10:04:21Z" user="Vlad" uid="24247" lat="43.7170070" lon="7.2667100"/>
 <node id="1533873831" visible="true" version="1" changeset="10048527" timestamp="2011-12-06T10:04:21Z" user="Vlad" uid="24247" lat="43.7170076" lon="7.2680672"/>
 <node id="1533873838" visible="true" version="1" changeset="10048527" timestamp="2011-12-06T10:04:21Z" user="Vlad" uid="24247" lat="43.7170128" lon="7.2677433"/>
 <node id="1533873839" visible="true" version="1" changeset="10048527" timestamp="2011-12-06T10:04:21Z" user="Vlad" uid="24247" lat="43.7170130" lon="7.2670290"/>
 <node id="1533873841" visible="true" version="1" changeset="10048527" timestamp="2011-12-06T10:04:22Z" user="Vlad" uid="24247" lat="43.7170180" lon="7.2667720"/>
 <node id="1533873843" visible="true" version="1" changeset="10048527" timestamp="2011-12-06T10:04:22Z" user="Vlad" uid="24247" lat="43.7170200" lon="7.2665640"/>
 <node id="1533873848" visible="true" version="1" changeset="10048527" timestamp="2011-12-06T10:04:22Z" user="Vlad" uid="24247" lat="43.7170230" lon="7.2670360"/>
 <node id="1533873871" visible="true" version="1" changeset="10048527" timestamp="2011-12-06T10:04:22Z" user="Vlad" uid="24247" lat="43.7170391" lon="7.2679289"/>
 <node id="1533873874" visible="true" version="1" changeset="10048527" timestamp="2011-12-06T10:04:22Z" user="Vlad" uid="24247" lat="43.7170450" lon="7.2667120"/>
 <node id="1533873876" visible="true" version="1" changeset="10048527" timestamp="2011-12-06T10:04:22Z" user="Vlad" uid="24247" lat="43.7170491" lon="7.2678946"/>
 <node id="1533873877" visible="true" version="1" changeset="10048527" timestamp="2011-12-06T10:04:22Z" user="Vlad" uid="24247" lat="43.7170520" lon="7.2672070"/>
 <node id="1533873878" visible="true" version="2" changeset="99995835" timestamp="2021-02-25T18:05:36Z" user="divulmappeur" uid="8490885" lat="43.7170103" lon="7.2673588"/>
 <node id="1533873896" visible="true" version="2" changeset="48047197" timestamp="2017-04-22T23:01:59Z" user="greecemapper" uid="23785" lat="43.7170570" lon="7.2692867"/>
 <node id="1533873898" visible="true" version="1" changeset="10048527" timestamp="2011-12-06T10:04:23Z" user="Vlad" uid="24247" lat="43.7170574" lon="7.2677849"/>
 <node id="1533873901" visible="true" version="1" changeset="10048527" timestamp="2011-12-06T10:04:23Z" user="Vlad" uid="24247" lat="43.7170576" lon="7.2675759"/>
 <node id="1533873905" visible="true" version="1" changeset="10048527" timestamp="2011-12-06T10:04:23Z" user="Vlad" uid="24247" lat="43.7170602" lon="7.2678561"/>
 <node id="1533873906" visible="true" version="1" changeset="10048527" timestamp="2011-12-06T10:04:23Z" user="Vlad" uid="24247" lat="43.7170610" lon="7.2667940"/>
 <node id="1533873907" visible="true" version="1" changeset="10048527" timestamp="2011-12-06T10:04:23Z" user="Vlad" uid="24247" lat="43.7170620" lon="7.2672170"/>
 <node id="1533873909" visible="true" version="2" changeset="48047197" timestamp="2017-04-22T23:01:59Z" user="greecemapper" uid="23785" lat="43.7170675" lon="7.2698235"/>
 <node id="1533873914" visible="true" version="1" changeset="10048527" timestamp="2011-12-06T10:04:23Z" user="Vlad" uid="24247" lat="43.7170733" lon="7.2679763"/>
 <node id="1533873916" visible="true" version="1" changeset="10048527" timestamp="2011-12-06T10:04:23Z" user="Vlad" uid="24247" lat="43.7170770" lon="7.2672120"/>
 <node id="1533873919" visible="true" version="2" changeset="48047197" timestamp="2017-04-22T23:01:59Z" user="greecemapper" uid="23785" lat="43.7170790" lon="7.2692901"/>
 <node id="1533873920" visible="true" version="1" changeset="10048527" timestamp="2011-12-06T10:04:24Z" user="Vlad" uid="24247" lat="43.7170810" lon="7.2667870"/>
 <node id="1533873924" visible="true" version="1" changeset="10048527" timestamp="2011-12-06T10:04:24Z" user="Vlad" uid="24247" lat="43.7170820" lon="7.2672360"/>
 <node id="1533873928" visible="true" version="2" changeset="48047197" timestamp="2017-04-22T23:01:59Z" user="greecemapper" uid="23785" lat="43.7170864" lon="7.2695649"/>
 <node id="1533873931" visible="true" version="1" changeset="10048527" timestamp="2011-12-06T10:04:24Z" user="Vlad" uid="24247" lat="43.7170870" lon="7.2686890"/>
 <node id="1533873947" visible="true" version="1" changeset="10048527" timestamp="2011-12-06T10:04:24Z" user="Vlad" uid="24247" lat="43.7170990" lon="7.2668000"/>
 <node id="1533873948" visible="true" version="2" changeset="48047197" timestamp="2017-04-22T23:01:59Z" user="greecemapper" uid="23785" lat="43.7171015" lon="7.2692936"/>
 <node id="1533873950" visible="true" version="1" changeset="10048527" timestamp="2011-12-06T10:04:24Z" user="Vlad" uid="24247" lat="43.7171034" lon="7.2679656"/>
 <node id="1533873951" visible="true" version="2" changeset="48047197" timestamp="2017-04-22T23:01:59Z" user="greecemapper" uid="23785" lat="43.7171046" lon="7.2692562"/>
 <node id="1533873953" visible="true" version="1" changeset="10048527" timestamp="2011-12-06T10:04:24Z" user="Vlad" uid="24247" lat="43.7171090" lon="7.2658359"/>
 <node id="1533873957" visible="true" version="1" changeset="10048527" timestamp="2011-12-06T10:04:24Z" user="Vlad" uid="24247" lat="43.7171110" lon="7.2668560"/>
 <node id="1533873969" visible="true" version="2" changeset="48047197" timestamp="2017-04-22T23:01:59Z" user="greecemapper" uid="23785" lat="43.7171198" lon="7.2691081"/>
 <node id="1533873971" visible="true" version="1" changeset="10048527" timestamp="2011-12-06T10:04:25Z" user="Vlad" uid="24247" lat="43.7171200" lon="7.2671990"/>
 <node id="1533873973" visible="true" version="1" changeset="10048527" timestamp="2011-12-06T10:04:25Z" user="Vlad" uid="24247" lat="43.7171210" lon="7.2669230"/>
 <node id="1533873975" visible="true" version="1" changeset="10048527" timestamp="2011-12-06T10:04:25Z" user="Vlad" uid="24247" lat="43.7171220" lon="7.2669090"/>
 <node id="1533873977" visible="true" version="1" changeset="10048527" timestamp="2011-12-06T10:04:25Z" user="Vlad" uid="24247" lat="43.7171220" lon="7.2672250"/>
 <node id="1533873978" visible="true" version="1" changeset="10048527" timestamp="2011-12-06T10:04:25Z" user="Vlad" uid="24247" lat="43.7171290" lon="7.2668500"/>
 <node id="1533873981" visible="true" version="1" changeset="10048527" timestamp="2011-12-06T10:04:25Z" user="Vlad" uid="24247" lat="43.7171380" lon="7.2669060"/>
 <node id="1533873990" visible="true" version="2" changeset="48047197" timestamp="2017-04-22T23:01:59Z" user="greecemapper" uid="23785" lat="43.7171390" lon="7.2688718"/>
 <node id="1533873993" visible="true" version="1" changeset="10048527" timestamp="2011-12-06T10:04:25Z" user="Vlad" uid="24247" lat="43.7171420" lon="7.2668590"/>
 <node id="1533873995" visible="true" version="1" changeset="10048527" timestamp="2011-12-06T10:04:25Z" user="Vlad" uid="24247" lat="43.7171444" lon="7.2678525"/>
 <node id="1533874005" visible="true" version="1" changeset="10048527" timestamp="2011-12-06T10:04:25Z" user="Vlad" uid="24247" lat="43.7171480" lon="7.2671330"/>
 <node id="1533874008" visible="true" version="1" changeset="10048527" timestamp="2011-12-06T10:04:25Z" user="Vlad" uid="24247" lat="43.7171490" lon="7.2671910"/>
 <node id="1533874017" visible="true" version="1" changeset="10048527" timestamp="2011-12-06T10:04:25Z" user="Vlad" uid="24247" lat="43.7171500" lon="7.2668580"/>
 <node id="1533874018" visible="true" version="1" changeset="10048527" timestamp="2011-12-06T10:04:26Z" user="Vlad" uid="24247" lat="43.7171500" lon="7.2668850"/>
 <node id="1533874019" visible="true" version="1" changeset="10048527" timestamp="2011-12-06T10:04:26Z" user="Vlad" uid="24247" lat="43.7171500" lon="7.2671260"/>
 <node id="1533874020" visible="true" version="1" changeset="10048527" timestamp="2011-12-06T10:04:26Z" user="Vlad" uid="24247" lat="43.7171523" lon="7.2677469"/>
 <node id="1533874021" visible="true" version="1" changeset="10048527" timestamp="2011-12-06T10:04:26Z" user="Vlad" uid="24247" lat="43.7171550" lon="7.2671190"/>
 <node id="1533874022" visible="true" version="1" changeset="10048527" timestamp="2011-12-06T10:04:26Z" user="Vlad" uid="24247" lat="43.7171550" lon="7.2671730"/>
 <node id="1533874023" visible="true" version="1" changeset="10048527" timestamp="2011-12-06T10:04:26Z" user="Vlad" uid="24247" lat="43.7171560" lon="7.2668840"/>
 <node id="1533874027" visible="true" version="1" changeset="10048527" timestamp="2011-12-06T10:04:26Z" user="Vlad" uid="24247" lat="43.7171590" lon="7.2699110"/>
 <node id="1533874045" visible="true" version="1" changeset="10048527" timestamp="2011-12-06T10:04:26Z" user="Vlad" uid="24247" lat="43.7171591" lon="7.2680384"/>
 <node id="1533874048" visible="true" version="1" changeset="10048527" timestamp="2011-12-06T10:04:26Z" user="Vlad" uid="24247" lat="43.7171620" lon="7.2698800"/>
 <node id="1533874051" visible="true" version="1" changeset="10048527" timestamp="2011-12-06T10:04:26Z" user="Vlad" uid="24247" lat="43.7171630" lon="7.2671170"/>
 <node id="1533874053" visible="true" version="1" changeset="10048527" timestamp="2011-12-06T10:04:26Z" user="Vlad" uid="24247" lat="43.7171680" lon="7.2671450"/>
 <node id="1533874061" visible="true" version="1" changeset="10048527" timestamp="2011-12-06T10:04:26Z" user="Vlad" uid="24247" lat="43.7171810" lon="7.2669060"/>
 <node id="1533874063" visible="true" version="1" changeset="10048527" timestamp="2011-12-06T10:04:26Z" user="Vlad" uid="24247" lat="43.7171810" lon="7.2682810"/>
 <node id="1533874066" visible="true" version="1" changeset="10048527" timestamp="2011-12-06T10:04:27Z" user="Vlad" uid="24247" lat="43.7171820" lon="7.2699150"/>
 <node id="1533874068" visible="true" version="1" changeset="10048527" timestamp="2011-12-06T10:04:27Z" user="Vlad" uid="24247" lat="43.7171880" lon="7.2671110"/>
 <node id="1533874072" visible="true" version="1" changeset="10048527" timestamp="2011-12-06T10:04:27Z" user="Vlad" uid="24247" lat="43.7171890" lon="7.2698830"/>
 <node id="1533874074" visible="true" version="1" changeset="10048527" timestamp="2011-12-06T10:04:27Z" user="Vlad" uid="24247" lat="43.7171920" lon="7.2671400"/>
 <node id="1533874076" visible="true" version="1" changeset="10048527" timestamp="2011-12-06T10:04:27Z" user="Vlad" uid="24247" lat="43.7171970" lon="7.2699470"/>
 <node id="1533874078" visible="true" version="1" changeset="10048527" timestamp="2011-12-06T10:04:27Z" user="Vlad" uid="24247" lat="43.7172020" lon="7.2698630"/>
 <node id="1533874082" visible="true" version="3" changeset="89272654" timestamp="2020-08-11T23:47:01Z" user="divulmappeur" uid="8490885" lat="43.7172085" lon="7.2663371"/>
 <node id="1533874096" visible="true" version="1" changeset="10048527" timestamp="2011-12-06T10:04:27Z" user="Vlad" uid="24247" lat="43.7172150" lon="7.2671030"/>
 <node id="1533874101" visible="true" version="1" changeset="10048527" timestamp="2011-12-06T10:04:27Z" user="Vlad" uid="24247" lat="43.7172240" lon="7.2699490"/>
 <node id="1533874103" visible="true" version="1" changeset="10048527" timestamp="2011-12-06T10:04:27Z" user="Vlad" uid="24247" lat="43.7172290" lon="7.2698660"/>
 <node id="1533874104" visible="true" version="2" changeset="99995835" timestamp="2021-02-25T18:05:36Z" user="divulmappeur" uid="8490885" lat="43.7171880" lon="7.2676001"/>
 <node id="1533874107" visible="true" version="1" changeset="10048527" timestamp="2011-12-06T10:04:28Z" user="Vlad" uid="24247" lat="43.7172330" lon="7.2684700"/>
 <node id="1533874121" visible="true" version="1" changeset="10048527" timestamp="2011-12-06T10:04:28Z" user="Vlad" uid="24247" lat="43.7172410" lon="7.2698890"/>
 <node id="1533874123" visible="true" version="1" changeset="10048527" timestamp="2011-12-06T10:04:28Z" user="Vlad" uid="24247" lat="43.7172410" lon="7.2699260"/>
 <node id="1533874126" visible="true" version="2" changeset="11786639" timestamp="2012-06-03T13:37:02Z" user="maptin" uid="406370" lat="43.7172865" lon="7.2678261"/>
 <node id="1533874130" visible="true" version="1" changeset="10048527" timestamp="2011-12-06T10:04:28Z" user="Vlad" uid="24247" lat="43.7172500" lon="7.2684460"/>
 <node id="1533874131" visible="true" version="2" changeset="48047197" timestamp="2017-04-22T23:01:59Z" user="greecemapper" uid="23785" lat="43.7172498" lon="7.2692787"/>
 <node id="1533874133" visible="true" version="2" changeset="13663343" timestamp="2012-10-28T16:01:35Z" user="sergio7826" uid="411998" lat="43.7172625" lon="7.2699277"/>
 <node id="1533874149" visible="true" version="1" changeset="10048527" timestamp="2011-12-06T10:04:29Z" user="Vlad" uid="24247" lat="43.7172622" lon="7.2699447"/>
 <node id="1533874151" visible="true" version="1" changeset="10048527" timestamp="2011-12-06T10:04:29Z" user="Vlad" uid="24247" lat="43.7172710" lon="7.2699290"/>
 <node id="1533874153" visible="true" version="1" changeset="10048527" timestamp="2011-12-06T10:04:29Z" user="Vlad" uid="24247" lat="43.7172730" lon="7.2698910"/>
 <node id="1533874155" visible="true" version="2" changeset="128962772" timestamp="2022-11-15T23:08:00Z" user="divulmappeur" uid="8490885" lat="43.7172602" lon="7.2663019"/>
 <node id="1533874160" visible="true" version="1" changeset="10048527" timestamp="2011-12-06T10:04:29Z" user="Vlad" uid="24247" lat="43.7172780" lon="7.2684030"/>
 <node id="1533874162" visible="true" version="2" changeset="48047197" timestamp="2017-04-22T23:01:59Z" user="greecemapper" uid="23785" lat="43.7172810" lon="7.2688939"/>
 <node id="1533874164" visible="true" version="2" changeset="20081651" timestamp="2014-01-19T10:08:19Z" user="zerpou" uid="1238664" lat="43.7172889" lon="7.2699312">
  <tag k="barrier" v="entrance"/>
  <tag k="bicycle" v="no"/>
  <tag k="foot" v="no"/>
 </node>
 <node id="1533874170" visible="true" version="1" changeset="10048527" timestamp="2011-12-06T10:04:29Z" user="Vlad" uid="24247" lat="43.7173170" lon="7.2685270"/>
 <node id="1533874171" visible="true" version="1" changeset="10048527" timestamp="2011-12-06T10:04:29Z" user="Vlad" uid="24247" lat="43.7173200" lon="7.2702270"/>
 <node id="1533874175" visible="true" version="1" changeset="10048527" timestamp="2011-12-06T10:04:29Z" user="Vlad" uid="24247" lat="43.7173210" lon="7.2702130"/>
 <node id="1533874178" visible="true" version="1" changeset="10048527" timestamp="2011-12-06T10:04:29Z" user="Vlad" uid="24247" lat="43.7173280" lon="7.2699360"/>
 <node id="1533874182" visible="true" version="1" changeset="10048527" timestamp="2011-12-06T10:04:29Z" user="Vlad" uid="24247" lat="43.7173310" lon="7.2699000"/>
 <node id="1533874186" visible="true" version="2" changeset="34041339" timestamp="2015-09-15T14:04:21Z" user="Ber-A" uid="1123434" lat="43.7173370" lon="7.2680862"/>
 <node id="1533874205" visible="true" version="1" changeset="10048527" timestamp="2011-12-06T10:04:30Z" user="Vlad" uid="24247" lat="43.7173370" lon="7.2701920"/>
 <node id="1533874208" visible="true" version="1" changeset="10048527" timestamp="2011-12-06T10:04:30Z" user="Vlad" uid="24247" lat="43.7173430" lon="7.2702280"/>
 <node id="1533874213" visible="true" version="1" changeset="10048527" timestamp="2011-12-06T10:04:30Z" user="Vlad" uid="24247" lat="43.7173490" lon="7.2699390"/>
 <node id="1533874216" visible="true" version="1" changeset="10048527" timestamp="2011-12-06T10:04:30Z" user="Vlad" uid="24247" lat="43.7173490" lon="7.2701730"/>
 <node id="1533874218" visible="true" version="1" changeset="10048527" timestamp="2011-12-06T10:04:30Z" user="Vlad" uid="24247" lat="43.7173520" lon="7.2701670"/>
 <node id="1533874220" visible="true" version="1" changeset="10048527" timestamp="2011-12-06T10:04:30Z" user="Vlad" uid="24247" lat="43.7173550" lon="7.2699030"/>
 <node id="1533874222" visible="true" version="2" changeset="89272654" timestamp="2020-08-11T23:47:01Z" user="divulmappeur" uid="8490885" lat="43.7173596" lon="7.2662777"/>
 <node id="1533874224" visible="true" version="2" changeset="57838743" timestamp="2018-04-05T15:13:23Z" user="rusefkuma" uid="7637564" lat="43.7173624" lon="7.2668774"/>
 <node id="1533874239" visible="true" version="1" changeset="10048527" timestamp="2011-12-06T10:04:30Z" user="Vlad" uid="24247" lat="43.7173640" lon="7.2699710"/>
 <node id="1533874242" visible="true" version="1" changeset="10048527" timestamp="2011-12-06T10:04:30Z" user="Vlad" uid="24247" lat="43.7173690" lon="7.2698830"/>
 <node id="1533874247" visible="true" version="1" changeset="10048527" timestamp="2011-12-06T10:04:30Z" user="Vlad" uid="24247" lat="43.7173910" lon="7.2699740"/>
 <node id="1533874249" visible="true" version="1" changeset="10048527" timestamp="2011-12-06T10:04:30Z" user="Vlad" uid="24247" lat="43.7173970" lon="7.2698860"/>
 <node id="1533874254" visible="true" version="1" changeset="10048527" timestamp="2011-12-06T10:04:31Z" user="Vlad" uid="24247" lat="43.7174001" lon="7.2659903"/>
 <node id="1533874256" visible="true" version="1" changeset="10048527" timestamp="2011-12-06T10:04:31Z" user="Vlad" uid="24247" lat="43.7174090" lon="7.2699110"/>
 <node id="1533874265" visible="true" version="1" changeset="10048527" timestamp="2011-12-06T10:04:31Z" user="Vlad" uid="24247" lat="43.7174110" lon="7.2699470"/>
 <node id="1533874268" visible="true" version="1" changeset="10048527" timestamp="2011-12-06T10:04:31Z" user="Vlad" uid="24247" lat="43.7174150" lon="7.2702340"/>
 <node id="1533874270" visible="true" version="1" changeset="10048527" timestamp="2011-12-06T10:04:31Z" user="Vlad" uid="24247" lat="43.7174170" lon="7.2701730"/>
 <node id="1533874272" visible="true" version="1" changeset="10048527" timestamp="2011-12-06T10:04:31Z" user="Vlad" uid="24247" lat="43.7174320" lon="7.2699490"/>
 <node id="1533874279" visible="true" version="1" changeset="10048527" timestamp="2011-12-06T10:04:31Z" user="Vlad" uid="24247" lat="43.7174340" lon="7.2654590"/>
 <node id="1533874282" visible="true" version="1" changeset="10048527" timestamp="2011-12-06T10:04:31Z" user="Vlad" uid="24247" lat="43.7174340" lon="7.2699120"/>
 <node id="1533874284" visible="true" version="2" changeset="34041339" timestamp="2015-09-15T14:04:21Z" user="Ber-A" uid="1123434" lat="43.7174350" lon="7.2679472"/>
 <node id="1533874297" visible="true" version="1" changeset="10048527" timestamp="2011-12-06T10:04:32Z" user="Vlad" uid="24247" lat="43.7174550" lon="7.2687020"/>
 <node id="1533874298" visible="true" version="1" changeset="10048527" timestamp="2011-12-06T10:04:32Z" user="Vlad" uid="24247" lat="43.7174560" lon="7.2687490"/>
 <node id="1533874300" visible="true" version="1" changeset="10048527" timestamp="2011-12-06T10:04:32Z" user="Vlad" uid="24247" lat="43.7174650" lon="7.2652950"/>
 <node id="1533874302" visible="true" version="1" changeset="10048527" timestamp="2011-12-06T10:04:32Z" user="Vlad" uid="24247" lat="43.7174770" lon="7.2653030"/>
 <node id="1533874304" visible="true" version="1" changeset="10048527" timestamp="2011-12-06T10:04:32Z" user="Vlad" uid="24247" lat="43.7174880" lon="7.2652110"/>
 <node id="1533874322" visible="true" version="1" changeset="10048527" timestamp="2011-12-06T10:04:32Z" user="Vlad" uid="24247" lat="43.7175100" lon="7.2686670"/>
 <node id="1533874323" visible="true" version="1" changeset="10048527" timestamp="2011-12-06T10:04:32Z" user="Vlad" uid="24247" lat="43.7175120" lon="7.2651220"/>
 <node id="1533874324" visible="true" version="2" changeset="174774738" timestamp="2025-11-17T14:29:43Z" user="NicholasNCE" uid="186141" lat="43.7175124" lon="7.2696343"/>
 <node id="1533874326" visible="true" version="1" changeset="10048527" timestamp="2011-12-06T10:04:32Z" user="Vlad" uid="24247" lat="43.7175250" lon="7.2651280"/>
 <node id="1533874341" visible="true" version="1" changeset="10048527" timestamp="2011-12-06T10:04:33Z" user="Vlad" uid="24247" lat="43.7175460" lon="7.2655170"/>
 <node id="1533874344" visible="true" version="1" changeset="10048527" timestamp="2011-12-06T10:04:33Z" user="Vlad" uid="24247" lat="43.7175460" lon="7.2686160"/>
 <node id="1533874348" visible="true" version="1" changeset="10048527" timestamp="2011-12-06T10:04:33Z" user="Vlad" uid="24247" lat="43.7175580" lon="7.2654730"/>
 <node id="1533874354" visible="true" version="1" changeset="10048527" timestamp="2011-12-06T10:04:33Z" user="Vlad" uid="24247" lat="43.7175880" lon="7.2649010"/>
 <node id="1533874361" visible="true" version="2" changeset="34041339" timestamp="2015-09-15T14:04:21Z" user="Ber-A" uid="1123434" lat="43.7176190" lon="7.2684442"/>
 <node id="1533874374" visible="true" version="1" changeset="10048527" timestamp="2011-12-06T10:04:34Z" user="Vlad" uid="24247" lat="43.7176830" lon="7.2684100"/>
 <node id="1533874376" visible="true" version="2" changeset="34041339" timestamp="2015-09-15T14:04:20Z" user="Ber-A" uid="1123434" lat="43.7176920" lon="7.2683372"/>
 <node id="1533874378" visible="true" version="1" changeset="10048527" timestamp="2011-12-06T10:04:34Z" user="Vlad" uid="24247" lat="43.7177080" lon="7.2683760"/>
 <node id="1533874380" visible="true" version="2" changeset="34041339" timestamp="2015-09-15T14:04:22Z" user="Ber-A" uid="1123434" lat="43.7177160" lon="7.2683032"/>
 <node id="1533874393" visible="true" version="2" changeset="33065648" timestamp="2015-08-03T10:15:24Z" user="PipoCanaja" uid="1872287" lat="43.7177529" lon="7.2665367"/>
 <node id="1533874396" visible="true" version="1" changeset="10048527" timestamp="2011-12-06T10:04:34Z" user="Vlad" uid="24247" lat="43.7177370" lon="7.2691000"/>
 <node id="1533874402" visible="true" version="1" changeset="10048527" timestamp="2011-12-06T10:04:34Z" user="Vlad" uid="24247" lat="43.7177680" lon="7.2655790"/>
 <node id="1533874419" visible="true" version="1" changeset="10048527" timestamp="2011-12-06T10:04:35Z" user="Vlad" uid="24247" lat="43.7178240" lon="7.2689670"/>
 <node id="1533874421" visible="true" version="2" changeset="33065648" timestamp="2015-08-03T10:15:24Z" user="PipoCanaja" uid="1872287" lat="43.7177537" lon="7.2661888"/>
 <node id="1533874423" visible="true" version="2" changeset="33065648" timestamp="2015-08-03T10:15:24Z" user="PipoCanaja" uid="1872287" lat="43.7178279" lon="7.2665022"/>
 <node id="1533874435" visible="true" version="2" changeset="119756973" timestamp="2022-04-15T16:03:58Z" user="Patchi" uid="591881" lat="43.7179527" lon="7.2662245"/>
 <node id="1533874436" visible="true" version="1" changeset="10048527" timestamp="2011-12-06T10:04:35Z" user="Vlad" uid="24247" lat="43.7179110" lon="7.2650690"/>
 <node id="1533874448" visible="true" version="2" changeset="33065648" timestamp="2015-08-03T10:15:24Z" user="PipoCanaja" uid="1872287" lat="43.7179599" lon="7.2667091"/>
 <node id="1533874453" visible="true" version="2" changeset="33065648" timestamp="2015-08-03T10:15:24Z" user="PipoCanaja" uid="1872287" lat="43.7180113" lon="7.2666026"/>
 <node id="1533874455" visible="true" version="2" changeset="33065648" timestamp="2015-08-03T10:15:25Z" user="PipoCanaja" uid="1872287" lat="43.7180113" lon="7.2667622"/>
 <node id="1533874457" visible="true" version="2" changeset="33065648" timestamp="2015-08-03T10:15:25Z" user="PipoCanaja" uid="1872287" lat="43.7180390" lon="7.2667407"/>
 <node id="1533874459" visible="true" version="2" changeset="33065648" timestamp="2015-08-03T10:15:25Z" user="PipoCanaja" uid="1872287" lat="43.7180476" lon="7.2666889"/>
 <node id="1533874461" visible="true" version="7" changeset="155912181" timestamp="2024-08-29T06:50:34Z" user="Pyb" uid="150474" lat="43.7181088" lon="7.2664651">
  <tag k="crossing:island" v="no"/>
  <tag k="crossing:markings" v="yes"/>
  <tag k="crossing:signals" v="no"/>
  <tag k="highway" v="crossing"/>
  <tag k="kerb" v="lowered"/>
  <tag k="tactile_paving" v="no"/>
 </node>
 <node id="1533874468" visible="true" version="1" changeset="10048527" timestamp="2011-12-06T10:04:36Z" user="Vlad" uid="24247" lat="43.7182260" lon="7.2664510"/>
 <node id="1533874471" visible="true" version="1" changeset="10048527" timestamp="2011-12-06T10:04:36Z" user="Vlad" uid="24247" lat="43.7182735" lon="7.2664175"/>
 <node id="1534817093" visible="true" version="2" changeset="160483478" timestamp="2024-12-21T21:08:25Z" user="NicholasNCE" uid="186141" lat="43.7078746" lon="7.2706410"/>
 <node id="1541980518" visible="true" version="1" changeset="10096697" timestamp="2011-12-12T08:24:03Z" user="Vlad" uid="24247" lat="43.6940200" lon="7.2526090"/>
 <node id="1545951504" visible="true" version="1" changeset="10117247" timestamp="2011-12-14T16:23:26Z" user="Vlad" uid="24247" lat="43.7156400" lon="7.2703000"/>
 <node id="1545951507" visible="true" version="1" changeset="10117247" timestamp="2011-12-14T16:23:26Z" user="Vlad" uid="24247" lat="43.7156470" lon="7.2704400"/>
 <node id="1545951518" visible="true" version="1" changeset="10117247" timestamp="2011-12-14T16:23:27Z" user="Vlad" uid="24247" lat="43.7156780" lon="7.2704380"/>
 <node id="1545951521" visible="true" version="1" changeset="10117247" timestamp="2011-12-14T16:23:27Z" user="Vlad" uid="24247" lat="43.7156820" lon="7.2705130"/>
 <node id="1545951524" visible="true" version="1" changeset="10117247" timestamp="2011-12-14T16:23:28Z" user="Vlad" uid="24247" lat="43.7157110" lon="7.2705110"/>
 <node id="1545951525" visible="true" version="1" changeset="10117247" timestamp="2011-12-14T16:23:28Z" user="Vlad" uid="24247" lat="43.7157160" lon="7.2705880"/>
 <node id="1545951528" visible="true" version="1" changeset="10117247" timestamp="2011-12-14T16:23:28Z" user="Vlad" uid="24247" lat="43.7157430" lon="7.2702950"/>
 <node id="1545951530" visible="true" version="1" changeset="10117247" timestamp="2011-12-14T16:23:28Z" user="Vlad" uid="24247" lat="43.7157490" lon="7.2704030"/>
 <node id="1545951539" visible="true" version="1" changeset="10117247" timestamp="2011-12-14T16:23:28Z" user="Vlad" uid="24247" lat="43.7157840" lon="7.2703980"/>
 <node id="1545951540" visible="true" version="1" changeset="10117247" timestamp="2011-12-14T16:23:28Z" user="Vlad" uid="24247" lat="43.7157850" lon="7.2704420"/>
 <node id="1545951541" visible="true" version="1" changeset="10117247" timestamp="2011-12-14T16:23:28Z" user="Vlad" uid="24247" lat="43.7157910" lon="7.2704410"/>
 <node id="1545951542" visible="true" version="1" changeset="10117247" timestamp="2011-12-14T16:23:28Z" user="Vlad" uid="24247" lat="43.7157910" lon="7.2705780"/>
 <node id="1545951543" visible="true" version="1" changeset="10117247" timestamp="2011-12-14T16:23:28Z" user="Vlad" uid="24247" lat="43.7157940" lon="7.2704070"/>
 <node id="1545951545" visible="true" version="1" changeset="10117247" timestamp="2011-12-14T16:23:29Z" user="Vlad" uid="24247" lat="43.7157970" lon="7.2704320"/>
 <node id="1545951546" visible="true" version="1" changeset="10117247" timestamp="2011-12-14T16:23:29Z" user="Vlad" uid="24247" lat="43.7157980" lon="7.2704200"/>
 <node id="1545951634" visible="true" version="1" changeset="10117247" timestamp="2011-12-14T16:23:33Z" user="Vlad" uid="24247" lat="43.7159960" lon="7.2705250"/>
 <node id="1545951642" visible="true" version="1" changeset="10117247" timestamp="2011-12-14T16:23:34Z" user="Vlad" uid="24247" lat="43.7160090" lon="7.2704550"/>
 <node id="1545951643" visible="true" version="1" changeset="10117247" timestamp="2011-12-14T16:23:34Z" user="Vlad" uid="24247" lat="43.7160130" lon="7.2701280"/>
 <node id="1545951644" visible="true" version="1" changeset="10117247" timestamp="2011-12-14T16:23:34Z" user="Vlad" uid="24247" lat="43.7160130" lon="7.2705740"/>
 <node id="1545951651" visible="true" version="1" changeset="10117247" timestamp="2011-12-14T16:23:34Z" user="Vlad" uid="24247" lat="43.7160200" lon="7.2705340"/>
 <node id="1545951662" visible="true" version="1" changeset="10117247" timestamp="2011-12-14T16:23:34Z" user="Vlad" uid="24247" lat="43.7160490" lon="7.2705870"/>
 <node id="1545951672" visible="true" version="1" changeset="10117247" timestamp="2011-12-14T16:23:35Z" user="Vlad" uid="24247" lat="43.7160520" lon="7.2704690"/>
 <node id="1545951674" visible="true" version="1" changeset="10117247" timestamp="2011-12-14T16:23:35Z" user="Vlad" uid="24247" lat="43.7160540" lon="7.2701620"/>
 <node id="1545951676" visible="true" version="1" changeset="10117247" timestamp="2011-12-14T16:23:35Z" user="Vlad" uid="24247" lat="43.7160570" lon="7.2705490"/>
 <node id="1545951678" visible="true" version="1" changeset="10117247" timestamp="2011-12-14T16:23:35Z" user="Vlad" uid="24247" lat="43.7160600" lon="7.2701510"/>
 <node id="1545951682" visible="true" version="1" changeset="10117247" timestamp="2011-12-14T16:23:35Z" user="Vlad" uid="24247" lat="43.7160640" lon="7.2704220"/>
 <node id="1545951692" visible="true" version="1" changeset="10117247" timestamp="2011-12-14T16:23:35Z" user="Vlad" uid="24247" lat="43.7160730" lon="7.2706170"/>
 <node id="1545951699" visible="true" version="1" changeset="10117247" timestamp="2011-12-14T16:23:36Z" user="Vlad" uid="24247" lat="43.7160850" lon="7.2705590"/>
 <node id="1545951711" visible="true" version="1" changeset="10117247" timestamp="2011-12-14T16:23:36Z" user="Vlad" uid="24247" lat="43.7160900" lon="7.2699570"/>
 <node id="1545951731" visible="true" version="1" changeset="10117247" timestamp="2011-12-14T16:23:37Z" user="Vlad" uid="24247" lat="43.7161090" lon="7.2701910"/>
 <node id="1545951734" visible="true" version="1" changeset="10117247" timestamp="2011-12-14T16:23:37Z" user="Vlad" uid="24247" lat="43.7161180" lon="7.2701740"/>
 <node id="1545951737" visible="true" version="1" changeset="10117247" timestamp="2011-12-14T16:23:37Z" user="Vlad" uid="24247" lat="43.7161290" lon="7.2706280"/>
 <node id="1545951741" visible="true" version="1" changeset="10117247" timestamp="2011-12-14T16:23:37Z" user="Vlad" uid="24247" lat="43.7161380" lon="7.2705780"/>
 <node id="1545951745" visible="true" version="1" changeset="10117247" timestamp="2011-12-14T16:23:37Z" user="Vlad" uid="24247" lat="43.7161420" lon="7.2701920"/>
 <node id="1545951747" visible="true" version="1" changeset="10117247" timestamp="2011-12-14T16:23:37Z" user="Vlad" uid="24247" lat="43.7161440" lon="7.2701840"/>
 <node id="1545951749" visible="true" version="1" changeset="10117247" timestamp="2011-12-14T16:23:38Z" user="Vlad" uid="24247" lat="43.7161470" lon="7.2705200"/>
 <node id="1545951750" visible="true" version="1" changeset="10117247" timestamp="2011-12-14T16:23:38Z" user="Vlad" uid="24247" lat="43.7161470" lon="7.2705810"/>
 <node id="1545951754" visible="true" version="1" changeset="10117247" timestamp="2011-12-14T16:23:38Z" user="Vlad" uid="24247" lat="43.7161580" lon="7.2704580"/>
 <node id="1545951755" visible="true" version="1" changeset="10117247" timestamp="2011-12-14T16:23:38Z" user="Vlad" uid="24247" lat="43.7161580" lon="7.2705230"/>
 <node id="1545951763" visible="true" version="1" changeset="10117247" timestamp="2011-12-14T16:23:39Z" user="Vlad" uid="24247" lat="43.7161870" lon="7.2702160"/>
 <node id="1545951781" visible="true" version="1" changeset="10117247" timestamp="2011-12-14T16:23:39Z" user="Vlad" uid="24247" lat="43.7162460" lon="7.2700860"/>
 <node id="1545951800" visible="true" version="1" changeset="10117247" timestamp="2011-12-14T16:23:41Z" user="Vlad" uid="24247" lat="43.7163350" lon="7.2707970"/>
 <node id="1545951818" visible="true" version="1" changeset="10117247" timestamp="2011-12-14T16:23:42Z" user="Vlad" uid="24247" lat="43.7163780" lon="7.2702750"/>
 <node id="1545951882" visible="true" version="1" changeset="10117247" timestamp="2011-12-14T16:23:44Z" user="Vlad" uid="24247" lat="43.7164250" lon="7.2708110"/>
 <node id="1545951913" visible="true" version="1" changeset="10117247" timestamp="2011-12-14T16:23:45Z" user="Vlad" uid="24247" lat="43.7164540" lon="7.2702850"/>
 <node id="1545951948" visible="true" version="1" changeset="10117247" timestamp="2011-12-14T16:23:46Z" user="Vlad" uid="24247" lat="43.7164790" lon="7.2708200"/>
 <node id="1545951985" visible="true" version="1" changeset="10117247" timestamp="2011-12-14T16:23:46Z" user="Vlad" uid="24247" lat="43.7165190" lon="7.2702970"/>
 <node id="1545952332" visible="true" version="1" changeset="10117247" timestamp="2011-12-14T16:23:58Z" user="Vlad" uid="24247" lat="43.7169170" lon="7.2706590"/>
 <node id="1545952337" visible="true" version="1" changeset="10117247" timestamp="2011-12-14T16:23:58Z" user="Vlad" uid="24247" lat="43.7169260" lon="7.2705350"/>
 <node id="1545952364" visible="true" version="1" changeset="10117247" timestamp="2011-12-14T16:24:00Z" user="Vlad" uid="24247" lat="43.7169640" lon="7.2701050"/>
 <node id="1545952406" visible="true" version="1" changeset="10117247" timestamp="2011-12-14T16:24:02Z" user="Vlad" uid="24247" lat="43.7171070" lon="7.2706880"/>
 <node id="1545952409" visible="true" version="1" changeset="10117247" timestamp="2011-12-14T16:24:02Z" user="Vlad" uid="24247" lat="43.7171100" lon="7.2706400"/>
 <node id="1545952427" visible="true" version="1" changeset="10117247" timestamp="2011-12-14T16:24:04Z" user="Vlad" uid="24247" lat="43.7171820" lon="7.2701390"/>
 <node id="1545952428" visible="true" version="1" changeset="10117247" timestamp="2011-12-14T16:24:04Z" user="Vlad" uid="24247" lat="43.7171930" lon="7.2706530"/>
 <node id="1545952430" visible="true" version="1" changeset="10117247" timestamp="2011-12-14T16:24:04Z" user="Vlad" uid="24247" lat="43.7172010" lon="7.2701510"/>
 <node id="1545952436" visible="true" version="1" changeset="10117247" timestamp="2011-12-14T16:24:04Z" user="Vlad" uid="24247" lat="43.7172140" lon="7.2701680"/>
 <node id="1545952439" visible="true" version="1" changeset="10117247" timestamp="2011-12-14T16:24:04Z" user="Vlad" uid="24247" lat="43.7172240" lon="7.2701830"/>
 <node id="1545952444" visible="true" version="1" changeset="10117247" timestamp="2011-12-14T16:24:04Z" user="Vlad" uid="24247" lat="43.7172300" lon="7.2702010"/>
 <node id="1545952445" visible="true" version="1" changeset="10117247" timestamp="2011-12-14T16:24:04Z" user="Vlad" uid="24247" lat="43.7172300" lon="7.2702110"/>
 <node id="1545952462" visible="true" version="1" changeset="10117247" timestamp="2011-12-14T16:24:06Z" user="Vlad" uid="24247" lat="43.7172660" lon="7.2708590"/>
 <node id="1545952464" visible="true" version="1" changeset="10117247" timestamp="2011-12-14T16:24:06Z" user="Vlad" uid="24247" lat="43.7172740" lon="7.2707680"/>
 <node id="1545952475" visible="true" version="1" changeset="10117247" timestamp="2011-12-14T16:24:06Z" user="Vlad" uid="24247" lat="43.7172910" lon="7.2705680"/>
 <node id="1545952477" visible="true" version="1" changeset="10117247" timestamp="2011-12-14T16:24:06Z" user="Vlad" uid="24247" lat="43.7172940" lon="7.2706970"/>
 <node id="1545952480" visible="true" version="1" changeset="10117247" timestamp="2011-12-14T16:24:07Z" user="Vlad" uid="24247" lat="43.7172970" lon="7.2704690"/>
 <node id="1545952483" visible="true" version="1" changeset="10117247" timestamp="2011-12-14T16:24:07Z" user="Vlad" uid="24247" lat="43.7173000" lon="7.2706420"/>
 <node id="1545952486" visible="true" version="1" changeset="10117247" timestamp="2011-12-14T16:24:07Z" user="Vlad" uid="24247" lat="43.7173060" lon="7.2703710"/>
 <node id="1545952487" visible="true" version="1" changeset="10117247" timestamp="2011-12-14T16:24:07Z" user="Vlad" uid="24247" lat="43.7173080" lon="7.2703540"/>
 <node id="1545952491" visible="true" version="1" changeset="10117247" timestamp="2011-12-14T16:24:07Z" user="Vlad" uid="24247" lat="43.7173090" lon="7.2704680"/>
 <node id="1545952513" visible="true" version="1" changeset="10117247" timestamp="2011-12-14T16:24:09Z" user="Vlad" uid="24247" lat="43.7173610" lon="7.2708720"/>
 <node id="1545952516" visible="true" version="1" changeset="10117247" timestamp="2011-12-14T16:24:09Z" user="Vlad" uid="24247" lat="43.7173680" lon="7.2704760"/>
 <node id="1545952517" visible="true" version="1" changeset="10117247" timestamp="2011-12-14T16:24:09Z" user="Vlad" uid="24247" lat="43.7173680" lon="7.2707750"/>
 <node id="1545952520" visible="true" version="1" changeset="10117247" timestamp="2011-12-14T16:24:09Z" user="Vlad" uid="24247" lat="43.7173740" lon="7.2703650"/>
 <node id="1545952528" visible="true" version="1" changeset="10117247" timestamp="2011-12-14T16:24:10Z" user="Vlad" uid="24247" lat="43.7173840" lon="7.2705820"/>
 <node id="1545952538" visible="true" version="1" changeset="10117247" timestamp="2011-12-14T16:24:10Z" user="Vlad" uid="24247" lat="43.7173910" lon="7.2704810"/>
 <node id="1545952611" visible="true" version="1" changeset="10117247" timestamp="2011-12-14T16:24:15Z" user="Vlad" uid="24247" lat="43.7175110" lon="7.2703090"/>
 <node id="1545952614" visible="true" version="1" changeset="10117247" timestamp="2011-12-14T16:24:15Z" user="Vlad" uid="24247" lat="43.7175130" lon="7.2702630"/>
 <node id="1545952635" visible="true" version="1" changeset="10117247" timestamp="2011-12-14T16:24:16Z" user="Vlad" uid="24247" lat="43.7175290" lon="7.2704210"/>
 <node id="1545952638" visible="true" version="1" changeset="10117247" timestamp="2011-12-14T16:24:16Z" user="Vlad" uid="24247" lat="43.7175360" lon="7.2703390"/>
 <node id="1545952644" visible="true" version="1" changeset="10117247" timestamp="2011-12-14T16:24:16Z" user="Vlad" uid="24247" lat="43.7175410" lon="7.2702410"/>
 <node id="1545952646" visible="true" version="1" changeset="10117247" timestamp="2011-12-14T16:24:17Z" user="Vlad" uid="24247" lat="43.7175440" lon="7.2701840"/>
 <node id="1545952658" visible="true" version="1" changeset="10117247" timestamp="2011-12-14T16:24:18Z" user="Vlad" uid="24247" lat="43.7175660" lon="7.2704260"/>
 <node id="1545952669" visible="true" version="1" changeset="10117247" timestamp="2011-12-14T16:24:18Z" user="Vlad" uid="24247" lat="43.7175900" lon="7.2704290"/>
 <node id="1545952695" visible="true" version="1" changeset="10117247" timestamp="2011-12-14T16:24:19Z" user="Vlad" uid="24247" lat="43.7176190" lon="7.2701930"/>
 <node id="1545952697" visible="true" version="1" changeset="10117247" timestamp="2011-12-14T16:24:20Z" user="Vlad" uid="24247" lat="43.7176230" lon="7.2704650"/>
 <node id="1545952700" visible="true" version="1" changeset="10117247" timestamp="2011-12-14T16:24:20Z" user="Vlad" uid="24247" lat="43.7176240" lon="7.2704340"/>
 <node id="1545952716" visible="true" version="1" changeset="10117247" timestamp="2011-12-14T16:24:21Z" user="Vlad" uid="24247" lat="43.7176480" lon="7.2702480"/>
 <node id="1545952720" visible="true" version="1" changeset="10117247" timestamp="2011-12-14T16:24:21Z" user="Vlad" uid="24247" lat="43.7176500" lon="7.2701980"/>
 <node id="1545952731" visible="true" version="1" changeset="10117247" timestamp="2011-12-14T16:24:22Z" user="Vlad" uid="24247" lat="43.7176640" lon="7.2704720"/>
 <node id="1545952734" visible="true" version="1" changeset="10117247" timestamp="2011-12-14T16:24:22Z" user="Vlad" uid="24247" lat="43.7176660" lon="7.2704420"/>
 <node id="1545952743" visible="true" version="1" changeset="10117247" timestamp="2011-12-14T16:24:22Z" user="Vlad" uid="24247" lat="43.7176780" lon="7.2704430"/>
 <node id="1545952745" visible="true" version="1" changeset="10117247" timestamp="2011-12-14T16:24:23Z" user="Vlad" uid="24247" lat="43.7176790" lon="7.2704330"/>
 <node id="1545952753" visible="true" version="1" changeset="10117247" timestamp="2011-12-14T16:24:23Z" user="Vlad" uid="24247" lat="43.7176850" lon="7.2703380"/>
 <node id="1545952762" visible="true" version="1" changeset="10117247" timestamp="2011-12-14T16:24:23Z" user="Vlad" uid="24247" lat="43.7176910" lon="7.2702550"/>
 <node id="1545952788" visible="true" version="1" changeset="10117247" timestamp="2011-12-14T16:24:24Z" user="Vlad" uid="24247" lat="43.7177220" lon="7.2708260"/>
 <node id="1545952808" visible="true" version="1" changeset="10117247" timestamp="2011-12-14T16:24:25Z" user="Vlad" uid="24247" lat="43.7177350" lon="7.2706350"/>
 <node id="1564528643" visible="true" version="1" changeset="10221464" timestamp="2011-12-28T01:04:24Z" user="Vlad" uid="24247" lat="43.6997560" lon="7.2529540"/>
 <node id="1564528698" visible="true" version="1" changeset="10221464" timestamp="2011-12-28T01:04:27Z" user="Vlad" uid="24247" lat="43.6999660" lon="7.2528990"/>
 <node id="1577097963" visible="true" version="3" changeset="139010604" timestamp="2023-07-25T22:24:34Z" user="divulmappeur" uid="8490885" lat="43.7049611" lon="7.2629414"/>
 <node id="1579382440" visible="true" version="1" changeset="10311152" timestamp="2012-01-06T12:54:30Z" user="Vlad" uid="24247" lat="43.7101070" lon="7.2624000"/>
 <node id="1678222468" visible="true" version="2" changeset="115585304" timestamp="2021-12-30T22:37:02Z" user="divulmappeur" uid="8490885" lat="43.7178150" lon="7.2708075">
  <tag k="access" v="private"/>
  <tag k="barrier" v="gate"/>
 </node>
 <node id="1678222493" visible="true" version="2" changeset="114294455" timestamp="2021-11-27T13:26:24Z" user="divulmappeur" uid="8490885" lat="43.7184250" lon="7.2709135"/>
 <node id="1678222554" visible="true" version="2" changeset="115585304" timestamp="2021-12-30T22:37:02Z" user="divulmappeur" uid="8490885" lat="43.7209167" lon="7.2700502"/>
 <node id="1758663187" visible="true" version="3" changeset="20081651" timestamp="2014-01-19T10:08:19Z" user="zerpou" uid="1238664" lat="43.7147973" lon="7.2655204"/>
 <node id="1774752346" visible="true" version="2" changeset="99995835" timestamp="2021-02-25T18:05:36Z" user="divulmappeur" uid="8490885" lat="43.7173899" lon="7.2678572"/>
 <node id="1774752348" visible="true" version="2" changeset="99995835" timestamp="2021-02-25T18:05:36Z" user="divulmappeur" uid="8490885" lat="43.7174285" lon="7.2678973"/>
 <node id="1878323578" visible="true" version="1" changeset="12825627" timestamp="2012-08-22T20:30:47Z" user="Verdy_p" uid="90780" lat="43.7151771" lon="7.2688245"/>
 <node id="1987115990" visible="true" version="1" changeset="13663343" timestamp="2012-10-28T16:01:28Z" user="sergio7826" uid="411998" lat="43.7172645" lon="7.2698904"/>
 <node id="2183626066" visible="true" version="9" changeset="188401438" timestamp="2026-09-02T06:06:53Z" user="tbo47" uid="1556219" lat="43.7191700" lon="7.2651760">
  <tag k="addr:city" v="Nice"/>
  <tag k="addr:housenumber" v="53"/>
  <tag k="addr:postcode" v="06000"/>
  <tag k="addr:street" v="Avenue de Brancolar"/>
  <tag k="brand" v="Picard"/>
  <tag k="brand:wikidata" v="Q3382454"/>
  <tag k="brand:wikipedia" v="fr:Picard Surgelés"/>
  <tag k="name" v="Picard"/>
  <tag k="opening_hours" v="Mo-Sa 09:00-19:30; Su 09:00-12:45"/>
  <tag k="operator" v="Picard"/>
  <tag k="phone" v="+33 4 92 09 05 20"/>
  <tag k="ref:FR:SIRET" v="78493968802359"/>
  <tag k="shop" v="frozen_food"/>
  <tag k="website" v="https://magasins.picard.fr/669-picard-nice-cimiez"/>
 </node>
 <node id="2279115472" visible="true" version="1" changeset="15844891" timestamp="2013-04-24T05:58:45Z" user="nrjfmr" uid="901534" lat="43.7157580" lon="7.2693340"/>
 <node id="2279115473" visible="true" version="1" changeset="15844891" timestamp="2013-04-24T05:58:45Z" user="nrjfmr" uid="901534" lat="43.7157800" lon="7.2692750"/>
 <node id="2279115474" visible="true" version="1" changeset="15844891" timestamp="2013-04-24T05:58:45Z" user="nrjfmr" uid="901534" lat="43.7157810" lon="7.2693620"/>
 <node id="2279115475" visible="true" version="1" changeset="15844891" timestamp="2013-04-24T05:58:45Z" user="nrjfmr" uid="901534" lat="43.7158270" lon="7.2692520"/>
 <node id="2279115476" visible="true" version="1" changeset="15844891" timestamp="2013-04-24T05:58:45Z" user="nrjfmr" uid="901534" lat="43.7158280" lon="7.2693110"/>
 <node id="2279115477" visible="true" version="1" changeset="15844891" timestamp="2013-04-24T05:58:45Z" user="nrjfmr" uid="901534" lat="43.7158500" lon="7.2693330"/>
 <node id="2279115478" visible="true" version="1" changeset="15844891" timestamp="2013-04-24T05:58:45Z" user="nrjfmr" uid="901534" lat="43.7158590" lon="7.2692810"/>
 <node id="2279115585" visible="true" version="1" changeset="15844891" timestamp="2013-04-24T05:58:48Z" user="nrjfmr" uid="901534" lat="43.7178790" lon="7.2699830"/>
 <node id="2279115586" visible="true" version="1" changeset="15844891" timestamp="2013-04-24T05:58:48Z" user="nrjfmr" uid="901534" lat="43.7178810" lon="7.2700160"/>
 <node id="2279115587" visible="true" version="1" changeset="15844891" timestamp="2013-04-24T05:58:48Z" user="nrjfmr" uid="901534" lat="43.7178970" lon="7.2699680"/>
 <node id="2279115589" visible="true" version="1" changeset="15844891" timestamp="2013-04-24T05:58:48Z" user="nrjfmr" uid="901534" lat="43.7179590" lon="7.2700640"/>
 <node id="2279115591" visible="true" version="1" changeset="15844891" timestamp="2013-04-24T05:58:48Z" user="nrjfmr" uid="901534" lat="43.7179740" lon="7.2700260"/>
 <node id="2279115604" visible="true" version="1" changeset="15844891" timestamp="2013-04-24T05:58:49Z" user="nrjfmr" uid="901534" lat="43.7185640" lon="7.2661320"/>
 <node id="2279115605" visible="true" version="1" changeset="15844891" timestamp="2013-04-24T05:58:49Z" user="nrjfmr" uid="901534" lat="43.7185800" lon="7.2660900"/>
 <node id="2279115607" visible="true" version="1" changeset="15844891" timestamp="2013-04-24T05:58:49Z" user="nrjfmr" uid="901534" lat="43.7185950" lon="7.2661690"/>
 <node id="2279115609" visible="true" version="1" changeset="15844891" timestamp="2013-04-24T05:58:49Z" user="nrjfmr" uid="901534" lat="43.7186070" lon="7.2685950"/>
 <node id="2279115610" visible="true" version="1" changeset="15844891" timestamp="2013-04-24T05:58:49Z" user="nrjfmr" uid="901534" lat="43.7186150" lon="7.2661430"/>
 <node id="2279115611" visible="true" version="1" changeset="15844891" timestamp="2013-04-24T05:58:49Z" user="nrjfmr" uid="901534" lat="43.7186390" lon="7.2685190"/>
 <node id="2279115612" visible="true" version="1" changeset="15844891" timestamp="2013-04-24T05:58:49Z" user="nrjfmr" uid="901534" lat="43.7186780" lon="7.2686210"/>
 <node id="2279115613" visible="true" version="1" changeset="15844891" timestamp="2013-04-24T05:58:49Z" user="nrjfmr" uid="901534" lat="43.7187000" lon="7.2685710"/>
 <node id="2279115615" visible="true" version="1" changeset="15844891" timestamp="2013-04-24T05:58:49Z" user="nrjfmr" uid="901534" lat="43.7188110" lon="7.2695070"/>
 <node id="2279115617" visible="true" version="1" changeset="15844891" timestamp="2013-04-24T05:58:49Z" user="nrjfmr" uid="901534" lat="43.7188500" lon="7.2694460"/>
 <node id="2279115618" visible="true" version="1" changeset="15844891" timestamp="2013-04-24T05:58:49Z" user="nrjfmr" uid="901534" lat="43.7188510" lon="7.2695570"/>
 <node id="2279115620" visible="true" version="1" changeset="15844891" timestamp="2013-04-24T05:58:49Z" user="nrjfmr" uid="901534" lat="43.7188910" lon="7.2694960"/>
 <node id="2279115630" visible="true" version="1" changeset="15844891" timestamp="2013-04-24T05:58:49Z" user="nrjfmr" uid="901534" lat="43.7189730" lon="7.2703270"/>
 <node id="2279115632" visible="true" version="1" changeset="15844891" timestamp="2013-04-24T05:58:49Z" user="nrjfmr" uid="901534" lat="43.7189800" lon="7.2703860"/>
 <node id="2279115633" visible="true" version="1" changeset="15844891" timestamp="2013-04-24T05:58:49Z" user="nrjfmr" uid="901534" lat="43.7189810" lon="7.2673110"/>
 <node id="2279115634" visible="true" version="1" changeset="15844891" timestamp="2013-04-24T05:58:49Z" user="nrjfmr" uid="901534" lat="43.7189880" lon="7.2702990"/>
 <node id="2279115635" visible="true" version="1" changeset="15844891" timestamp="2013-04-24T05:58:50Z" user="nrjfmr" uid="901534" lat="43.7189910" lon="7.2673260"/>
 <node id="2279115636" visible="true" version="1" changeset="15844891" timestamp="2013-04-24T05:58:50Z" user="nrjfmr" uid="901534" lat="43.7189980" lon="7.2672690"/>
 <node id="2279115637" visible="true" version="1" changeset="15844891" timestamp="2013-04-24T05:58:50Z" user="nrjfmr" uid="901534" lat="43.7190000" lon="7.2673190"/>
 <node id="2279115638" visible="true" version="1" changeset="15844891" timestamp="2013-04-24T05:58:50Z" user="nrjfmr" uid="901534" lat="43.7190030" lon="7.2673170"/>
 <node id="2279115639" visible="true" version="1" changeset="15844891" timestamp="2013-04-24T05:58:50Z" user="nrjfmr" uid="901534" lat="43.7190180" lon="7.2672630"/>
 <node id="2279115640" visible="true" version="1" changeset="15844891" timestamp="2013-04-24T05:58:50Z" user="nrjfmr" uid="901534" lat="43.7190270" lon="7.2673420"/>
 <node id="2279115641" visible="true" version="1" changeset="15844891" timestamp="2013-04-24T05:58:50Z" user="nrjfmr" uid="901534" lat="43.7190300" lon="7.2673430"/>
 <node id="2279115642" visible="true" version="1" changeset="15844891" timestamp="2013-04-24T05:58:50Z" user="nrjfmr" uid="901534" lat="43.7190300" lon="7.2704680"/>
 <node id="2279115643" visible="true" version="1" changeset="15844891" timestamp="2013-04-24T05:58:50Z" user="nrjfmr" uid="901534" lat="43.7190320" lon="7.2673420"/>
 <node id="2279115645" visible="true" version="1" changeset="15844891" timestamp="2013-04-24T05:58:50Z" user="nrjfmr" uid="901534" lat="43.7190460" lon="7.2673040"/>
 <node id="2279115647" visible="true" version="1" changeset="15844891" timestamp="2013-04-24T05:58:50Z" user="nrjfmr" uid="901534" lat="43.7190480" lon="7.2673280"/>
 <node id="2279115648" visible="true" version="1" changeset="15844891" timestamp="2013-04-24T05:58:50Z" user="nrjfmr" uid="901534" lat="43.7190690" lon="7.2703150"/>
 <node id="2279115651" visible="true" version="1" changeset="15844891" timestamp="2013-04-24T05:58:50Z" user="nrjfmr" uid="901534" lat="43.7191080" lon="7.2704820"/>
 <node id="2279115652" visible="true" version="1" changeset="15844891" timestamp="2013-04-24T05:58:50Z" user="nrjfmr" uid="901534" lat="43.7191130" lon="7.2704110"/>
 <node id="2279115653" visible="true" version="1" changeset="15844891" timestamp="2013-04-24T05:58:50Z" user="nrjfmr" uid="901534" lat="43.7191190" lon="7.2704070"/>
 <node id="2279115655" visible="true" version="1" changeset="15844891" timestamp="2013-04-24T05:58:50Z" user="nrjfmr" uid="901534" lat="43.7191250" lon="7.2704440"/>
 <node id="2279115657" visible="true" version="1" changeset="15844891" timestamp="2013-04-24T05:58:50Z" user="nrjfmr" uid="901534" lat="43.7191500" lon="7.2705340"/>
 <node id="2279115658" visible="true" version="1" changeset="15844891" timestamp="2013-04-24T05:58:50Z" user="nrjfmr" uid="901534" lat="43.7191650" lon="7.2705380"/>
 <node id="2279115659" visible="true" version="1" changeset="15844891" timestamp="2013-04-24T05:58:50Z" user="nrjfmr" uid="901534" lat="43.7191680" lon="7.2703860"/>
 <node id="2279115662" visible="true" version="1" changeset="15844891" timestamp="2013-04-24T05:58:50Z" user="nrjfmr" uid="901534" lat="43.7191890" lon="7.2703920"/>
 <node id="2628293057" visible="true" version="1" changeset="20081651" timestamp="2014-01-19T10:08:06Z" user="zerpou" uid="1238664" lat="43.7147439" lon="7.2664052"/>
 <node id="2628293058" visible="true" version="1" changeset="20081651" timestamp="2014-01-19T10:08:06Z" user="zerpou" uid="1238664" lat="43.7147549" lon="7.2660666"/>
 <node id="2628293059" visible="true" version="1" changeset="20081651" timestamp="2014-01-19T10:08:06Z" user="zerpou" uid="1238664" lat="43.7147677" lon="7.2664085"/>
 <node id="2628293060" visible="true" version="1" changeset="20081651" timestamp="2014-01-19T10:08:06Z" user="zerpou" uid="1238664" lat="43.7147678" lon="7.2658120"/>
 <node id="2628293061" visible="true" version="1" changeset="20081651" timestamp="2014-01-19T10:08:06Z" user="zerpou" uid="1238664" lat="43.7149073" lon="7.2668248"/>
 <node id="2628293062" visible="true" version="1" changeset="20081651" timestamp="2014-01-19T10:08:06Z" user="zerpou" uid="1238664" lat="43.7150929" lon="7.2668758"/>
 <node id="2628293063" visible="true" version="1" changeset="20081651" timestamp="2014-01-19T10:08:06Z" user="zerpou" uid="1238664" lat="43.7153450" lon="7.2656711"/>
 <node id="2628293064" visible="true" version="1" changeset="20081651" timestamp="2014-01-19T10:08:06Z" user="zerpou" uid="1238664" lat="43.7154191" lon="7.2695118"/>
 <node id="2628293065" visible="true" version="1" changeset="20081651" timestamp="2014-01-19T10:08:06Z" user="zerpou" uid="1238664" lat="43.7154617" lon="7.2686948"/>
 <node id="2628293066" visible="true" version="1" changeset="20081651" timestamp="2014-01-19T10:08:06Z" user="zerpou" uid="1238664" lat="43.7155199" lon="7.2689520"/>
 <node id="2628293067" visible="true" version="1" changeset="20081651" timestamp="2014-01-19T10:08:06Z" user="zerpou" uid="1238664" lat="43.7156058" lon="7.2693033"/>
 <node id="2628293068" visible="true" version="1" changeset="20081651" timestamp="2014-01-19T10:08:06Z" user="zerpou" uid="1238664" lat="43.7156240" lon="7.2690503"/>
 <node id="2628293069" visible="true" version="1" changeset="20081651" timestamp="2014-01-19T10:08:06Z" user="zerpou" uid="1238664" lat="43.7156493" lon="7.2692548">
  <tag k="highway" v="turning_circle"/>
 </node>
 <node id="2628293070" visible="true" version="1" changeset="20081651" timestamp="2014-01-19T10:08:06Z" user="zerpou" uid="1238664" lat="43.7156655" lon="7.2657635"/>
 <node id="2628293071" visible="true" version="1" changeset="20081651" timestamp="2014-01-19T10:08:06Z" user="zerpou" uid="1238664" lat="43.7156848" lon="7.2657774"/>
 <node id="2628293072" visible="true" version="1" changeset="20081651" timestamp="2014-01-19T10:08:06Z" user="zerpou" uid="1238664" lat="43.7157082" lon="7.2658155"/>
 <node id="2628293073" visible="true" version="1" changeset="20081651" timestamp="2014-01-19T10:08:07Z" user="zerpou" uid="1238664" lat="43.7157306" lon="7.2658342"/>
 <node id="2628293074" visible="true" version="1" changeset="20081651" timestamp="2014-01-19T10:08:07Z" user="zerpou" uid="1238664" lat="43.7157586" lon="7.2658385"/>
 <node id="2628293075" visible="true" version="1" changeset="20081651" timestamp="2014-01-19T10:08:07Z" user="zerpou" uid="1238664" lat="43.7157609" lon="7.2691472"/>
 <node id="2628293076" visible="true" version="2" changeset="33334572" timestamp="2015-08-14T11:46:01Z" user="PipoCanaja" uid="1872287" lat="43.7157793" lon="7.2658405">
  <tag k="barrier" v="gate"/>
 </node>
 <node id="2628293077" visible="true" version="1" changeset="20081651" timestamp="2014-01-19T10:08:07Z" user="zerpou" uid="1238664" lat="43.7157959" lon="7.2658366"/>
 <node id="2628293078" visible="true" version="1" changeset="20081651" timestamp="2014-01-19T10:08:07Z" user="zerpou" uid="1238664" lat="43.7158135" lon="7.2658287"/>
 <node id="2628293079" visible="true" version="1" changeset="20081651" timestamp="2014-01-19T10:08:07Z" user="zerpou" uid="1238664" lat="43.7158268" lon="7.2658058"/>
 <node id="2628293080" visible="true" version="1" changeset="20081651" timestamp="2014-01-19T10:08:07Z" user="zerpou" uid="1238664" lat="43.7158377" lon="7.2657792"/>
 <node id="2628293081" visible="true" version="1" changeset="20081651" timestamp="2014-01-19T10:08:07Z" user="zerpou" uid="1238664" lat="43.7158855" lon="7.2691942"/>
 <node id="2628293082" visible="true" version="1" changeset="20081651" timestamp="2014-01-19T10:08:07Z" user="zerpou" uid="1238664" lat="43.7160339" lon="7.2694018"/>
 <node id="2628293088" visible="true" version="1" changeset="20081651" timestamp="2014-01-19T10:08:07Z" user="zerpou" uid="1238664" lat="43.7160894" lon="7.2692202"/>
 <node id="2628293104" visible="true" version="1" changeset="20081651" timestamp="2014-01-19T10:08:07Z" user="zerpou" uid="1238664" lat="43.7161605" lon="7.2657225"/>
 <node id="2628293105" visible="true" version="1" changeset="20081651" timestamp="2014-01-19T10:08:07Z" user="zerpou" uid="1238664" lat="43.7163238" lon="7.2700635"/>
 <node id="2628293106" visible="true" version="1" changeset="20081651" timestamp="2014-01-19T10:08:07Z" user="zerpou" uid="1238664" lat="43.7163655" lon="7.2700161"/>
 <node id="2628293107" visible="true" version="1" changeset="20081651" timestamp="2014-01-19T10:08:07Z" user="zerpou" uid="1238664" lat="43.7163993" lon="7.2699831"/>
 <node id="2628293110" visible="true" version="1" changeset="20081651" timestamp="2014-01-19T10:08:07Z" user="zerpou" uid="1238664" lat="43.7164467" lon="7.2699542"/>
 <node id="2628293122" visible="true" version="1" changeset="20081651" timestamp="2014-01-19T10:08:08Z" user="zerpou" uid="1238664" lat="43.7165001" lon="7.2699320"/>
 <node id="2628293130" visible="true" version="1" changeset="20081651" timestamp="2014-01-19T10:08:08Z" user="zerpou" uid="1238664" lat="43.7165277" lon="7.2699261"/>
 <node id="2628293131" visible="true" version="1" changeset="20081651" timestamp="2014-01-19T10:08:08Z" user="zerpou" uid="1238664" lat="43.7166090" lon="7.2699209"/>
 <node id="2628293132" visible="true" version="1" changeset="20081651" timestamp="2014-01-19T10:08:08Z" user="zerpou" uid="1238664" lat="43.7166131" lon="7.2698417"/>
 <node id="2628293133" visible="true" version="1" changeset="20081651" timestamp="2014-01-19T10:08:08Z" user="zerpou" uid="1238664" lat="43.7166418" lon="7.2698539"/>
 <node id="2628293134" visible="true" version="1" changeset="20081651" timestamp="2014-01-19T10:08:08Z" user="zerpou" uid="1238664" lat="43.7166489" lon="7.2698615"/>
 <node id="2628293135" visible="true" version="1" changeset="20081651" timestamp="2014-01-19T10:08:08Z" user="zerpou" uid="1238664" lat="43.7166517" lon="7.2699240"/>
 <node id="2628293136" visible="true" version="1" changeset="20081651" timestamp="2014-01-19T10:08:08Z" user="zerpou" uid="1238664" lat="43.7166536" lon="7.2693728"/>
 <node id="2628293137" visible="true" version="1" changeset="20081651" timestamp="2014-01-19T10:08:08Z" user="zerpou" uid="1238664" lat="43.7166546" lon="7.2698777"/>
 <node id="2628293138" visible="true" version="1" changeset="20081651" timestamp="2014-01-19T10:08:08Z" user="zerpou" uid="1238664" lat="43.7168238" lon="7.2656900"/>
 <node id="2628293139" visible="true" version="1" changeset="20081651" timestamp="2014-01-19T10:08:08Z" user="zerpou" uid="1238664" lat="43.7169591" lon="7.2656963"/>
 <node id="2628293140" visible="true" version="1" changeset="20081651" timestamp="2014-01-19T10:08:08Z" user="zerpou" uid="1238664" lat="43.7170672" lon="7.2657234"/>
 <node id="2628293141" visible="true" version="1" changeset="20081651" timestamp="2014-01-19T10:08:08Z" user="zerpou" uid="1238664" lat="43.7171256" lon="7.2700074"/>
 <node id="2628293142" visible="true" version="1" changeset="20081651" timestamp="2014-01-19T10:08:08Z" user="zerpou" uid="1238664" lat="43.7171609" lon="7.2700099"/>
 <node id="2628293143" visible="true" version="1" changeset="20081651" timestamp="2014-01-19T10:08:08Z" user="zerpou" uid="1238664" lat="43.7171682" lon="7.2694760"/>
 <node id="2628293144" visible="true" version="1" changeset="20081651" timestamp="2014-01-19T10:08:08Z" user="zerpou" uid="1238664" lat="43.7171753" lon="7.2700070"/>
 <node id="2628293145" visible="true" version="1" changeset="20081651" timestamp="2014-01-19T10:08:08Z" user="zerpou" uid="1238664" lat="43.7171847" lon="7.2699998"/>
 <node id="2628293146" visible="true" version="1" changeset="20081651" timestamp="2014-01-19T10:08:08Z" user="zerpou" uid="1238664" lat="43.7172110" lon="7.2700001"/>
 <node id="2628293147" visible="true" version="1" changeset="20081651" timestamp="2014-01-19T10:08:08Z" user="zerpou" uid="1238664" lat="43.7172279" lon="7.2699926"/>
 <node id="2628293148" visible="true" version="1" changeset="20081651" timestamp="2014-01-19T10:08:08Z" user="zerpou" uid="1238664" lat="43.7172433" lon="7.2699780"/>
 <node id="2628293149" visible="true" version="1" changeset="20081651" timestamp="2014-01-19T10:08:08Z" user="zerpou" uid="1238664" lat="43.7172527" lon="7.2699550"/>
 <node id="2628293150" visible="true" version="1" changeset="20081651" timestamp="2014-01-19T10:08:08Z" user="zerpou" uid="1238664" lat="43.7172594" lon="7.2699275"/>
 <node id="2628293151" visible="true" version="1" changeset="20081651" timestamp="2014-01-19T10:08:08Z" user="zerpou" uid="1238664" lat="43.7173329" lon="7.2699684"/>
 <node id="2628293152" visible="true" version="1" changeset="20081651" timestamp="2014-01-19T10:08:08Z" user="zerpou" uid="1238664" lat="43.7173330" lon="7.2699367"/>
 <node id="2628293153" visible="true" version="1" changeset="20081651" timestamp="2014-01-19T10:08:09Z" user="zerpou" uid="1238664" lat="43.7173364" lon="7.2699907"/>
 <node id="2628293154" visible="true" version="1" changeset="20081651" timestamp="2014-01-19T10:08:09Z" user="zerpou" uid="1238664" lat="43.7173425" lon="7.2700025"/>
 <node id="2628293155" visible="true" version="1" changeset="20081651" timestamp="2014-01-19T10:08:09Z" user="zerpou" uid="1238664" lat="43.7173504" lon="7.2700114"/>
 <node id="2628293156" visible="true" version="1" changeset="20081651" timestamp="2014-01-19T10:08:09Z" user="zerpou" uid="1238664" lat="43.7173582" lon="7.2700171"/>
 <node id="2628293175" visible="true" version="1" changeset="20081651" timestamp="2014-01-19T10:08:09Z" user="zerpou" uid="1238664" lat="43.7176788" lon="7.2660086"/>
 <node id="2628293176" visible="true" version="1" changeset="20081651" timestamp="2014-01-19T10:08:09Z" user="zerpou" uid="1238664" lat="43.7177738" lon="7.2660758"/>
 <node id="2628293177" visible="true" version="1" changeset="20081651" timestamp="2014-01-19T10:08:09Z" user="zerpou" uid="1238664" lat="43.7178416" lon="7.2700354"/>
 <node id="2628293178" visible="true" version="1" changeset="20081651" timestamp="2014-01-19T10:08:09Z" user="zerpou" uid="1238664" lat="43.7178502" lon="7.2661564"/>
 <node id="2628293179" visible="true" version="1" changeset="20081651" timestamp="2014-01-19T10:08:09Z" user="zerpou" uid="1238664" lat="43.7178607" lon="7.2698708"/>
 <node id="2628293180" visible="true" version="1" changeset="20081651" timestamp="2014-01-19T10:08:09Z" user="zerpou" uid="1238664" lat="43.7178914" lon="7.2697199"/>
 <node id="2628293181" visible="true" version="1" changeset="20081651" timestamp="2014-01-19T10:08:09Z" user="zerpou" uid="1238664" lat="43.7179121" lon="7.2662224"/>
 <node id="2628293182" visible="true" version="1" changeset="20081651" timestamp="2014-01-19T10:08:09Z" user="zerpou" uid="1238664" lat="43.7179214" lon="7.2695037"/>
 <node id="2628293183" visible="true" version="1" changeset="20081651" timestamp="2014-01-19T10:08:09Z" user="zerpou" uid="1238664" lat="43.7179574" lon="7.2662951"/>
 <node id="2628293184" visible="true" version="1" changeset="20081651" timestamp="2014-01-19T10:08:09Z" user="zerpou" uid="1238664" lat="43.7179757" lon="7.2663352"/>
 <node id="2628293185" visible="true" version="3" changeset="119756973" timestamp="2022-04-15T16:03:58Z" user="Patchi" uid="591881" lat="43.7180186" lon="7.2664426"/>
 <node id="2628293186" visible="true" version="1" changeset="20081651" timestamp="2014-01-19T10:08:09Z" user="zerpou" uid="1238664" lat="43.7180774" lon="7.2665772"/>
 <node id="2628293187" visible="true" version="1" changeset="20081651" timestamp="2014-01-19T10:08:09Z" user="zerpou" uid="1238664" lat="43.7181786" lon="7.2696346"/>
 <node id="2628293188" visible="true" version="1" changeset="20081651" timestamp="2014-01-19T10:08:09Z" user="zerpou" uid="1238664" lat="43.7181836" lon="7.2667614"/>
 <node id="2628293189" visible="true" version="1" changeset="20081651" timestamp="2014-01-19T10:08:09Z" user="zerpou" uid="1238664" lat="43.7183797" lon="7.2698717"/>
 <node id="2628293190" visible="true" version="1" changeset="20081651" timestamp="2014-01-19T10:08:09Z" user="zerpou" uid="1238664" lat="43.7183814" lon="7.2688152"/>
 <node id="2628293191" visible="true" version="1" changeset="20081651" timestamp="2014-01-19T10:08:09Z" user="zerpou" uid="1238664" lat="43.7183924" lon="7.2690206"/>
 <node id="2628293196" visible="true" version="1" changeset="20081651" timestamp="2014-01-19T10:08:10Z" user="zerpou" uid="1238664" lat="43.7184759" lon="7.2685729"/>
 <node id="2628293198" visible="true" version="1" changeset="20081651" timestamp="2014-01-19T10:08:10Z" user="zerpou" uid="1238664" lat="43.7185304" lon="7.2685833"/>
 <node id="2628293200" visible="true" version="1" changeset="20081651" timestamp="2014-01-19T10:08:10Z" user="zerpou" uid="1238664" lat="43.7186262" lon="7.2700582"/>
 <node id="2628293202" visible="true" version="1" changeset="20081651" timestamp="2014-01-19T10:08:10Z" user="zerpou" uid="1238664" lat="43.7186956" lon="7.2696357"/>
 <node id="2628293204" visible="true" version="1" changeset="20081651" timestamp="2014-01-19T10:08:10Z" user="zerpou" uid="1238664" lat="43.7187538" lon="7.2700730"/>
 <node id="2628293206" visible="true" version="1" changeset="20081651" timestamp="2014-01-19T10:08:10Z" user="zerpou" uid="1238664" lat="43.7187866" lon="7.2698577"/>
 <node id="2628293207" visible="true" version="1" changeset="20081651" timestamp="2014-01-19T10:08:10Z" user="zerpou" uid="1238664" lat="43.7188651" lon="7.2680439"/>
 <node id="2628293208" visible="true" version="1" changeset="20081651" timestamp="2014-01-19T10:08:10Z" user="zerpou" uid="1238664" lat="43.7188693" lon="7.2679942"/>
 <node id="2628293209" visible="true" version="1" changeset="20081651" timestamp="2014-01-19T10:08:10Z" user="zerpou" uid="1238664" lat="43.7188861" lon="7.2679527"/>
 <node id="2628293210" visible="true" version="1" changeset="20081651" timestamp="2014-01-19T10:08:10Z" user="zerpou" uid="1238664" lat="43.7189087" lon="7.2679245"/>
 <node id="2628293211" visible="true" version="1" changeset="20081651" timestamp="2014-01-19T10:08:10Z" user="zerpou" uid="1238664" lat="43.7189393" lon="7.2679034"/>
 <node id="2628293212" visible="true" version="1" changeset="20081651" timestamp="2014-01-19T10:08:10Z" user="zerpou" uid="1238664" lat="43.7189554" lon="7.2678948"/>
 <node id="2628293213" visible="true" version="1" changeset="20081651" timestamp="2014-01-19T10:08:10Z" user="zerpou" uid="1238664" lat="43.7190394" lon="7.2677521"/>
 <node id="2920638884" visible="true" version="11" changeset="156598774" timestamp="2024-09-14T07:22:24Z" user="Nzau" uid="15118949" lat="43.7193295" lon="7.2655700">
  <tag k="button_operated" v="yes"/>
  <tag k="crossing" v="traffic_signals"/>
  <tag k="crossing:markings" v="zebra"/>
  <tag k="highway" v="traffic_signals"/>
  <tag k="tactile_paving" v="no"/>
  <tag k="traffic_signals:direction" v="forward"/>
  <tag k="traffic_signals:sound" v="no"/>
  <tag k="traffic_signals:vibration" v="no"/>
 </node>
 <node id="2920644806" visible="true" version="2" changeset="90582950" timestamp="2020-09-08T11:06:58Z" user="Hervé TUC" uid="922338" lat="43.7189844" lon="7.2650984">
  <tag k="highway" v="crossing"/>
 </node>
 <node id="2920655862" visible="true" version="1" changeset="22989339" timestamp="2014-06-17T17:32:15Z" user="Pa413" uid="688484" lat="43.7170745" lon="7.2639275"/>
 <node id="3218446480" visible="true" version="3" changeset="119756973" timestamp="2022-04-15T16:03:58Z" user="Patchi" uid="591881" lat="43.7157874" lon="7.2650427"/>
 <node id="3218446481" visible="true" version="1" changeset="27223549" timestamp="2014-12-04T08:12:36Z" user="PipoCanaja" uid="1872287" lat="43.7162625" lon="7.2650483"/>
 <node id="3218446482" visible="true" version="1" changeset="27223549" timestamp="2014-12-04T08:12:36Z" user="PipoCanaja" uid="1872287" lat="43.7162722" lon="7.2645789"/>
 <node id="3218446483" visible="true" version="3" changeset="119756973" timestamp="2022-04-15T16:03:58Z" user="Patchi" uid="591881" lat="43.7157947" lon="7.2645841"/>
 <node id="3218446484" visible="true" version="1" changeset="27223549" timestamp="2014-12-04T08:12:36Z" user="PipoCanaja" uid="1872287" lat="43.7159055" lon="7.2645869"/>
 <node id="3218446487" visible="true" version="3" changeset="119756973" timestamp="2022-04-15T16:03:58Z" user="Patchi" uid="591881" lat="43.7157993" lon="7.2642929"/>
 <node id="3218446488" visible="true" version="1" changeset="27223549" timestamp="2014-12-04T08:12:36Z" user="PipoCanaja" uid="1872287" lat="43.7156354" lon="7.2656424"/>
 <node id="3569786694" visible="true" version="2" changeset="33065648" timestamp="2015-08-03T10:15:25Z" user="PipoCanaja" uid="1872287" lat="43.7167168" lon="7.2657556"/>
 <node id="3569786695" visible="true" version="1" changeset="31698643" timestamp="2015-06-03T17:45:58Z" user="Simppa" uid="160384" lat="43.7168830" lon="7.2658878"/>
 <node id="3569786696" visible="true" version="1" changeset="31698643" timestamp="2015-06-03T17:45:59Z" user="Simppa" uid="160384" lat="43.7170400" lon="7.2660407"/>
 <node id="3569786697" visible="true" version="2" changeset="89272654" timestamp="2020-08-11T23:47:01Z" user="divulmappeur" uid="8490885" lat="43.7172036" lon="7.2660769"/>
 <node id="3678684225" visible="true" version="2" changeset="57838743" timestamp="2018-04-05T15:13:23Z" user="rusefkuma" uid="7637564" lat="43.7170654" lon="7.2661704"/>
 <node id="3678684226" visible="true" version="2" changeset="57838743" timestamp="2018-04-05T15:13:23Z" user="rusefkuma" uid="7637564" lat="43.7170784" lon="7.2662514"/>
 <node id="3678684227" visible="true" version="2" changeset="57838743" timestamp="2018-04-05T15:13:23Z" user="rusefkuma" uid="7637564" lat="43.7170904" lon="7.2661324"/>
 <node id="3678684228" visible="true" version="2" changeset="57838743" timestamp="2018-04-05T15:13:23Z" user="rusefkuma" uid="7637564" lat="43.7171064" lon="7.2662704"/>
 <node id="3678684229" visible="true" version="2" changeset="57838743" timestamp="2018-04-05T15:13:23Z" user="rusefkuma" uid="7637564" lat="43.7171144" lon="7.2663264"/>
 <node id="3678684230" visible="true" version="2" changeset="57838743" timestamp="2018-04-05T15:13:23Z" user="rusefkuma" uid="7637564" lat="43.7171264" lon="7.2661224"/>
 <node id="3678684232" visible="true" version="2" changeset="57838743" timestamp="2018-04-05T15:13:23Z" user="rusefkuma" uid="7637564" lat="43.7171504" lon="7.2662484"/>
 <node id="3678684233" visible="true" version="2" changeset="57838743" timestamp="2018-04-05T15:13:23Z" user="rusefkuma" uid="7637564" lat="43.7171604" lon="7.2663134"/>
 <node id="3678684234" visible="true" version="2" changeset="57838743" timestamp="2018-04-05T15:13:23Z" user="rusefkuma" uid="7637564" lat="43.7171624" lon="7.2661454"/>
 <node id="3678684235" visible="true" version="2" changeset="57838743" timestamp="2018-04-05T15:13:23Z" user="rusefkuma" uid="7637564" lat="43.7171724" lon="7.2662164"/>
 <node id="3678684236" visible="true" version="2" changeset="57838743" timestamp="2018-04-05T15:13:23Z" user="rusefkuma" uid="7637564" lat="43.7171784" lon="7.2664344"/>
 <node id="3678684237" visible="true" version="1" changeset="33065648" timestamp="2015-08-03T10:15:20Z" user="PipoCanaja" uid="1872287" lat="43.7173070" lon="7.2666100"/>
 <node id="3678684238" visible="true" version="1" changeset="33065648" timestamp="2015-08-03T10:15:20Z" user="PipoCanaja" uid="1872287" lat="43.7173170" lon="7.2665490"/>
 <node id="3678684239" visible="true" version="2" changeset="34041339" timestamp="2015-09-15T14:04:21Z" user="Ber-A" uid="1123434" lat="43.7173270" lon="7.2665865"/>
 <node id="3678684240" visible="true" version="2" changeset="34041339" timestamp="2015-09-15T14:04:21Z" user="Ber-A" uid="1123434" lat="43.7173370" lon="7.2665255"/>
 <node id="3678684241" visible="true" version="2" changeset="34041339" timestamp="2015-09-15T14:04:21Z" user="Ber-A" uid="1123434" lat="43.7173410" lon="7.2665905"/>
 <node id="3678684242" visible="true" version="2" changeset="34041339" timestamp="2015-09-15T14:04:21Z" user="Ber-A" uid="1123434" lat="43.7173580" lon="7.2665955"/>
 <node id="3678684243" visible="true" version="2" changeset="34041339" timestamp="2015-09-15T14:04:21Z" user="Ber-A" uid="1123434" lat="43.7173710" lon="7.2663095"/>
 <node id="3678684244" visible="true" version="2" changeset="34041339" timestamp="2015-09-15T14:04:21Z" user="Ber-A" uid="1123434" lat="43.7173760" lon="7.2666015"/>
 <node id="3678684245" visible="true" version="2" changeset="34041339" timestamp="2015-09-15T14:04:22Z" user="Ber-A" uid="1123434" lat="43.7173810" lon="7.2662905"/>
 <node id="3678684246" visible="true" version="2" changeset="34041339" timestamp="2015-09-15T14:04:21Z" user="Ber-A" uid="1123434" lat="43.7173960" lon="7.2663175"/>
 <node id="3678684247" visible="true" version="3" changeset="89272654" timestamp="2020-08-11T23:47:01Z" user="divulmappeur" uid="8490885" lat="43.7173970" lon="7.2666115">
  <tag k="entrance" v="main"/>
 </node>
 <node id="3678684248" visible="true" version="2" changeset="34041339" timestamp="2015-09-15T14:04:22Z" user="Ber-A" uid="1123434" lat="43.7174080" lon="7.2662975"/>
 <node id="3678684249" visible="true" version="2" changeset="34041339" timestamp="2015-09-15T14:04:22Z" user="Ber-A" uid="1123434" lat="43.7174180" lon="7.2666205"/>
 <node id="3678684250" visible="true" version="2" changeset="34041339" timestamp="2015-09-15T14:04:22Z" user="Ber-A" uid="1123434" lat="43.7174220" lon="7.2663235"/>
 <node id="3678684251" visible="true" version="2" changeset="34041339" timestamp="2015-09-15T14:04:22Z" user="Ber-A" uid="1123434" lat="43.7174350" lon="7.2663075"/>
 <node id="3678684252" visible="true" version="2" changeset="34041339" timestamp="2015-09-15T14:04:22Z" user="Ber-A" uid="1123434" lat="43.7174350" lon="7.2666305"/>
 <node id="3678684253" visible="true" version="2" changeset="34041339" timestamp="2015-09-15T14:04:22Z" user="Ber-A" uid="1123434" lat="43.7174500" lon="7.2663355"/>
 <node id="3678684254" visible="true" version="2" changeset="34041339" timestamp="2015-09-15T14:04:22Z" user="Ber-A" uid="1123434" lat="43.7174540" lon="7.2666415"/>
 <node id="3678684255" visible="true" version="2" changeset="34041339" timestamp="2015-09-15T14:04:22Z" user="Ber-A" uid="1123434" lat="43.7174620" lon="7.2663185"/>
 <node id="3678684256" visible="true" version="2" changeset="34041339" timestamp="2015-09-15T14:04:22Z" user="Ber-A" uid="1123434" lat="43.7174730" lon="7.2666555"/>
 <node id="3678684257" visible="true" version="2" changeset="34041339" timestamp="2015-09-15T14:04:23Z" user="Ber-A" uid="1123434" lat="43.7174770" lon="7.2663475"/>
 <node id="3678684258" visible="true" version="1" changeset="33065648" timestamp="2015-08-03T10:15:20Z" user="PipoCanaja" uid="1872287" lat="43.7174800" lon="7.2677450"/>
 <node id="3678684259" visible="true" version="2" changeset="34041339" timestamp="2015-09-15T14:04:23Z" user="Ber-A" uid="1123434" lat="43.7174880" lon="7.2666655"/>
 <node id="3678684260" visible="true" version="2" changeset="34041339" timestamp="2015-09-15T14:04:23Z" user="Ber-A" uid="1123434" lat="43.7174890" lon="7.2663335"/>
 <node id="3678684261" visible="true" version="2" changeset="34041339" timestamp="2015-09-15T14:04:23Z" user="Ber-A" uid="1123434" lat="43.7175030" lon="7.2663625"/>
 <node id="3678684262" visible="true" version="2" changeset="34041339" timestamp="2015-09-15T14:04:23Z" user="Ber-A" uid="1123434" lat="43.7175040" lon="7.2666775"/>
 <node id="3678684263" visible="true" version="1" changeset="33065648" timestamp="2015-08-03T10:15:20Z" user="PipoCanaja" uid="1872287" lat="43.7175150" lon="7.2676930"/>
 <node id="3678684264" visible="true" version="2" changeset="34041339" timestamp="2015-09-15T14:04:20Z" user="Ber-A" uid="1123434" lat="43.7175160" lon="7.2663455"/>
 <node id="3678684265" visible="true" version="2" changeset="34041339" timestamp="2015-09-15T14:04:20Z" user="Ber-A" uid="1123434" lat="43.7175210" lon="7.2666935"/>
 <node id="3678684266" visible="true" version="1" changeset="33065648" timestamp="2015-08-03T10:15:20Z" user="PipoCanaja" uid="1872287" lat="43.7175250" lon="7.2678020"/>
 <node id="3678684267" visible="true" version="2" changeset="34041339" timestamp="2015-09-15T14:04:20Z" user="Ber-A" uid="1123434" lat="43.7175310" lon="7.2663745"/>
 <node id="3678684268" visible="true" version="1" changeset="33065648" timestamp="2015-08-03T10:15:20Z" user="PipoCanaja" uid="1872287" lat="43.7175350" lon="7.2677190"/>
 <node id="3678684269" visible="true" version="2" changeset="34041339" timestamp="2015-09-15T14:04:20Z" user="Ber-A" uid="1123434" lat="43.7175360" lon="7.2667065"/>
 <node id="3678684270" visible="true" version="2" changeset="34041339" timestamp="2015-09-15T14:04:20Z" user="Ber-A" uid="1123434" lat="43.7175430" lon="7.2663615"/>
 <node id="3678684271" visible="true" version="2" changeset="34041339" timestamp="2015-09-15T14:04:20Z" user="Ber-A" uid="1123434" lat="43.7175520" lon="7.2667225"/>
 <node id="3678684272" visible="true" version="2" changeset="34041339" timestamp="2015-09-15T14:04:20Z" user="Ber-A" uid="1123434" lat="43.7175560" lon="7.2663905"/>
 <node id="3678684273" visible="true" version="1" changeset="33065648" timestamp="2015-08-03T10:15:20Z" user="PipoCanaja" uid="1872287" lat="43.7175600" lon="7.2677500"/>
 <node id="3678684274" visible="true" version="1" changeset="33065648" timestamp="2015-08-03T10:15:20Z" user="PipoCanaja" uid="1872287" lat="43.7175610" lon="7.2676800"/>
 <node id="3678684275" visible="true" version="2" changeset="34041339" timestamp="2015-09-15T14:04:21Z" user="Ber-A" uid="1123434" lat="43.7175650" lon="7.2667375"/>
 <node id="3678684276" visible="true" version="2" changeset="34041339" timestamp="2015-09-15T14:04:21Z" user="Ber-A" uid="1123434" lat="43.7175690" lon="7.2663805"/>
 <node id="3678684277" visible="true" version="2" changeset="34041339" timestamp="2015-09-15T14:04:21Z" user="Ber-A" uid="1123434" lat="43.7175780" lon="7.2667515"/>
 <node id="3678684278" visible="true" version="2" changeset="34041339" timestamp="2015-09-15T14:04:21Z" user="Ber-A" uid="1123434" lat="43.7175820" lon="7.2664095"/>
 <node id="3678684279" visible="true" version="1" changeset="33065648" timestamp="2015-08-03T10:15:20Z" user="PipoCanaja" uid="1872287" lat="43.7175860" lon="7.2677120"/>
 <node id="3678684280" visible="true" version="2" changeset="34041339" timestamp="2015-09-15T14:04:22Z" user="Ber-A" uid="1123434" lat="43.7175930" lon="7.2667705"/>
 <node id="3678684281" visible="true" version="2" changeset="34041339" timestamp="2015-09-15T14:04:22Z" user="Ber-A" uid="1123434" lat="43.7175970" lon="7.2664025"/>
 <node id="3678684282" visible="true" version="2" changeset="34041339" timestamp="2015-09-15T14:04:22Z" user="Ber-A" uid="1123434" lat="43.7175992" lon="7.2675858"/>
 <node id="3678684283" visible="true" version="2" changeset="34041339" timestamp="2015-09-15T14:04:22Z" user="Ber-A" uid="1123434" lat="43.7176002" lon="7.2676258"/>
 <node id="3678684284" visible="true" version="2" changeset="34041339" timestamp="2015-09-15T14:04:22Z" user="Ber-A" uid="1123434" lat="43.7176070" lon="7.2667885"/>
 <node id="3678684285" visible="true" version="2" changeset="34041339" timestamp="2015-09-15T14:04:22Z" user="Ber-A" uid="1123434" lat="43.7176080" lon="7.2664305"/>
 <node id="3678684286" visible="true" version="2" changeset="34041339" timestamp="2015-09-15T14:04:22Z" user="Ber-A" uid="1123434" lat="43.7176032" lon="7.2675488"/>
 <node id="3678684287" visible="true" version="2" changeset="34041339" timestamp="2015-09-15T14:04:23Z" user="Ber-A" uid="1123434" lat="43.7176052" lon="7.2676618"/>
 <node id="3678684288" visible="true" version="2" changeset="34041339" timestamp="2015-09-15T14:04:23Z" user="Ber-A" uid="1123434" lat="43.7176122" lon="7.2675078"/>
 <node id="3678684289" visible="true" version="2" changeset="34041339" timestamp="2015-09-15T14:04:23Z" user="Ber-A" uid="1123434" lat="43.7176190" lon="7.2668065"/>
 <node id="3678684290" visible="true" version="2" changeset="34041339" timestamp="2015-09-15T14:04:23Z" user="Ber-A" uid="1123434" lat="43.7176220" lon="7.2664205"/>
 <node id="3678684291" visible="true" version="2" changeset="34041339" timestamp="2015-09-15T14:04:22Z" user="Ber-A" uid="1123434" lat="43.7176162" lon="7.2676968"/>
 <node id="3678684292" visible="true" version="2" changeset="34041339" timestamp="2015-09-15T14:04:20Z" user="Ber-A" uid="1123434" lat="43.7176202" lon="7.2678058"/>
 <node id="3678684293" visible="true" version="2" changeset="34041339" timestamp="2015-09-15T14:04:20Z" user="Ber-A" uid="1123434" lat="43.7176300" lon="7.2668235"/>
 <node id="3678684294" visible="true" version="2" changeset="34041339" timestamp="2015-09-15T14:04:20Z" user="Ber-A" uid="1123434" lat="43.7176252" lon="7.2674768"/>
 <node id="3678684295" visible="true" version="2" changeset="34041339" timestamp="2015-09-15T14:04:20Z" user="Ber-A" uid="1123434" lat="43.7176330" lon="7.2664505"/>
 <node id="3678684296" visible="true" version="2" changeset="34041339" timestamp="2015-09-15T14:04:20Z" user="Ber-A" uid="1123434" lat="43.7176302" lon="7.2677308"/>
 <node id="3678684297" visible="true" version="2" changeset="34041339" timestamp="2015-09-15T14:04:21Z" user="Ber-A" uid="1123434" lat="43.7176322" lon="7.2678218"/>
 <node id="3678684298" visible="true" version="2" changeset="34041339" timestamp="2015-09-15T14:04:21Z" user="Ber-A" uid="1123434" lat="43.7176440" lon="7.2668445"/>
 <node id="3678684299" visible="true" version="2" changeset="34041339" timestamp="2015-09-15T14:04:21Z" user="Ber-A" uid="1123434" lat="43.7176382" lon="7.2674518"/>
 <node id="3678684300" visible="true" version="2" changeset="34041339" timestamp="2015-09-15T14:04:21Z" user="Ber-A" uid="1123434" lat="43.7176460" lon="7.2664425"/>
 <node id="3678684301" visible="true" version="2" changeset="34041339" timestamp="2015-09-15T14:04:21Z" user="Ber-A" uid="1123434" lat="43.7176422" lon="7.2678318"/>
 <node id="3678684302" visible="true" version="2" changeset="34041339" timestamp="2015-09-15T14:04:21Z" user="Ber-A" uid="1123434" lat="43.7176560" lon="7.2668655"/>
 <node id="3678684303" visible="true" version="2" changeset="34041339" timestamp="2015-09-15T14:04:21Z" user="Ber-A" uid="1123434" lat="43.7176502" lon="7.2677578"/>
 <node id="3678684304" visible="true" version="2" changeset="34041339" timestamp="2015-09-15T14:04:22Z" user="Ber-A" uid="1123434" lat="43.7176570" lon="7.2664725"/>
 <node id="3678684305" visible="true" version="2" changeset="34041339" timestamp="2015-09-15T14:04:22Z" user="Ber-A" uid="1123434" lat="43.7176532" lon="7.2678408"/>
 <node id="3678684306" visible="true" version="2" changeset="34041339" timestamp="2015-09-15T14:04:22Z" user="Ber-A" uid="1123434" lat="43.7176572" lon="7.2674288"/>
 <node id="3678684307" visible="true" version="2" changeset="34041339" timestamp="2015-09-15T14:04:22Z" user="Ber-A" uid="1123434" lat="43.7176660" lon="7.2668855"/>
 <node id="3678684308" visible="true" version="2" changeset="34041339" timestamp="2015-09-15T14:04:22Z" user="Ber-A" uid="1123434" lat="43.7176690" lon="7.2664645"/>
 <node id="3678684309" visible="true" version="2" changeset="34041339" timestamp="2015-09-15T14:04:22Z" user="Ber-A" uid="1123434" lat="43.7176632" lon="7.2678488"/>
 <node id="3678684310" visible="true" version="2" changeset="34041339" timestamp="2015-09-15T14:04:23Z" user="Ber-A" uid="1123434" lat="43.7176750" lon="7.2669065"/>
 <node id="3678684311" visible="true" version="2" changeset="34041339" timestamp="2015-09-15T14:04:23Z" user="Ber-A" uid="1123434" lat="43.7176780" lon="7.2664955"/>
 <node id="3678684312" visible="true" version="2" changeset="34041339" timestamp="2015-09-15T14:04:23Z" user="Ber-A" uid="1123434" lat="43.7176732" lon="7.2678558"/>
 <node id="3678684313" visible="true" version="2" changeset="34041339" timestamp="2015-09-15T14:04:23Z" user="Ber-A" uid="1123434" lat="43.7176860" lon="7.2669265"/>
 <node id="3678684314" visible="true" version="2" changeset="34041339" timestamp="2015-09-15T14:04:23Z" user="Ber-A" uid="1123434" lat="43.7176852" lon="7.2674008"/>
 <node id="3678684315" visible="true" version="2" changeset="34041339" timestamp="2015-09-15T14:04:23Z" user="Ber-A" uid="1123434" lat="43.7176852" lon="7.2678628"/>
 <node id="3678684316" visible="true" version="2" changeset="34041339" timestamp="2015-09-15T14:04:20Z" user="Ber-A" uid="1123434" lat="43.7176920" lon="7.2664885"/>
 <node id="3678684317" visible="true" version="2" changeset="34041339" timestamp="2015-09-15T14:04:20Z" user="Ber-A" uid="1123434" lat="43.7176960" lon="7.2669525"/>
 <node id="3678684318" visible="true" version="2" changeset="34041339" timestamp="2015-09-15T14:04:20Z" user="Ber-A" uid="1123434" lat="43.7177010" lon="7.2665205"/>
 <node id="3678684319" visible="true" version="2" changeset="34041339" timestamp="2015-09-15T14:04:20Z" user="Ber-A" uid="1123434" lat="43.7177040" lon="7.2669725"/>
 <node id="3678684320" visible="true" version="2" changeset="34041339" timestamp="2015-09-15T14:04:20Z" user="Ber-A" uid="1123434" lat="43.7176982" lon="7.2678688"/>
 <node id="3678684321" visible="true" version="2" changeset="34041339" timestamp="2015-09-15T14:04:20Z" user="Ber-A" uid="1123434" lat="43.7177110" lon="7.2669915"/>
 <node id="3678684322" visible="true" version="2" changeset="34041339" timestamp="2015-09-15T14:04:20Z" user="Ber-A" uid="1123434" lat="43.7177160" lon="7.2670105"/>
 <node id="3678684323" visible="true" version="2" changeset="34041339" timestamp="2015-09-15T14:04:21Z" user="Ber-A" uid="1123434" lat="43.7177180" lon="7.2665135"/>
 <node id="3678684324" visible="true" version="2" changeset="34041339" timestamp="2015-09-15T14:04:21Z" user="Ber-A" uid="1123434" lat="43.7177122" lon="7.2673878"/>
 <node id="3678684425" visible="true" version="2" changeset="34041339" timestamp="2015-09-15T14:04:21Z" user="Ber-A" uid="1123434" lat="43.7177122" lon="7.2678738"/>
 <node id="3678684426" visible="true" version="2" changeset="34041339" timestamp="2015-09-15T14:04:21Z" user="Ber-A" uid="1123434" lat="43.7177240" lon="7.2670365"/>
 <node id="3678684427" visible="true" version="2" changeset="34041339" timestamp="2015-09-15T14:04:21Z" user="Ber-A" uid="1123434" lat="43.7177250" lon="7.2665485"/>
 <node id="3678684428" visible="true" version="2" changeset="34041339" timestamp="2015-09-15T14:04:22Z" user="Ber-A" uid="1123434" lat="43.7177300" lon="7.2670575"/>
 <node id="3678684429" visible="true" version="2" changeset="34041339" timestamp="2015-09-15T14:04:22Z" user="Ber-A" uid="1123434" lat="43.7177272" lon="7.2678778"/>
 <node id="3678684430" visible="true" version="2" changeset="34041339" timestamp="2015-09-15T14:04:22Z" user="Ber-A" uid="1123434" lat="43.7177350" lon="7.2670765"/>
 <node id="3678684431" visible="true" version="2" changeset="34041339" timestamp="2015-09-15T14:04:22Z" user="Ber-A" uid="1123434" lat="43.7177390" lon="7.2670955"/>
 <node id="3678684432" visible="true" version="2" changeset="34041339" timestamp="2015-09-15T14:04:22Z" user="Ber-A" uid="1123434" lat="43.7177410" lon="7.2665425"/>
 <node id="3678684433" visible="true" version="2" changeset="34041339" timestamp="2015-09-15T14:04:22Z" user="Ber-A" uid="1123434" lat="43.7177440" lon="7.2665715"/>
 <node id="3678684434" visible="true" version="2" changeset="34041339" timestamp="2015-09-15T14:04:22Z" user="Ber-A" uid="1123434" lat="43.7177382" lon="7.2673798"/>
 <node id="3678684435" visible="true" version="2" changeset="34041339" timestamp="2015-09-15T14:04:22Z" user="Ber-A" uid="1123434" lat="43.7177442" lon="7.2678788"/>
 <node id="3678684436" visible="true" version="2" changeset="34041339" timestamp="2015-09-15T14:04:22Z" user="Ber-A" uid="1123434" lat="43.7177620" lon="7.2665705"/>
 <node id="3678684437" visible="true" version="2" changeset="34041339" timestamp="2015-09-15T14:04:22Z" user="Ber-A" uid="1123434" lat="43.7177650" lon="7.2666025"/>
 <node id="3678684438" visible="true" version="2" changeset="34041339" timestamp="2015-09-15T14:04:23Z" user="Ber-A" uid="1123434" lat="43.7177592" lon="7.2678808"/>
 <node id="3678684439" visible="true" version="2" changeset="34041339" timestamp="2015-09-15T14:04:23Z" user="Ber-A" uid="1123434" lat="43.7177662" lon="7.2673788"/>
 <node id="3678684440" visible="true" version="2" changeset="34041339" timestamp="2015-09-15T14:04:23Z" user="Ber-A" uid="1123434" lat="43.7177732" lon="7.2678798"/>
 <node id="3678684441" visible="true" version="2" changeset="34041339" timestamp="2015-09-15T14:04:23Z" user="Ber-A" uid="1123434" lat="43.7177840" lon="7.2665995"/>
 <node id="3678684442" visible="true" version="2" changeset="34041339" timestamp="2015-09-15T14:04:23Z" user="Ber-A" uid="1123434" lat="43.7177850" lon="7.2666305"/>
 <node id="3678684443" visible="true" version="2" changeset="34041339" timestamp="2015-09-15T14:04:23Z" user="Ber-A" uid="1123434" lat="43.7177872" lon="7.2678768"/>
 <node id="3678684444" visible="true" version="2" changeset="34041339" timestamp="2015-09-15T14:04:23Z" user="Ber-A" uid="1123434" lat="43.7177922" lon="7.2673838"/>
 <node id="3678684445" visible="true" version="2" changeset="34041339" timestamp="2015-09-15T14:04:22Z" user="Ber-A" uid="1123434" lat="43.7178020" lon="7.2666295"/>
 <node id="3678684446" visible="true" version="2" changeset="34041339" timestamp="2015-09-15T14:04:22Z" user="Ber-A" uid="1123434" lat="43.7178030" lon="7.2666605"/>
 <node id="3678684447" visible="true" version="2" changeset="34041339" timestamp="2015-09-15T14:04:22Z" user="Ber-A" uid="1123434" lat="43.7178070" lon="7.2670675"/>
 <node id="3678684448" visible="true" version="2" changeset="34041339" timestamp="2015-09-15T14:04:22Z" user="Ber-A" uid="1123434" lat="43.7178022" lon="7.2678738"/>
 <node id="3678684449" visible="true" version="2" changeset="34041339" timestamp="2015-09-15T14:04:23Z" user="Ber-A" uid="1123434" lat="43.7178120" lon="7.2670905"/>
 <node id="3678684450" visible="true" version="2" changeset="34041339" timestamp="2015-09-15T14:04:23Z" user="Ber-A" uid="1123434" lat="43.7178190" lon="7.2666595"/>
 <node id="3678684451" visible="true" version="2" changeset="34041339" timestamp="2015-09-15T14:04:23Z" user="Ber-A" uid="1123434" lat="43.7178210" lon="7.2666925"/>
 <node id="3678684452" visible="true" version="2" changeset="34041339" timestamp="2015-09-15T14:04:22Z" user="Ber-A" uid="1123434" lat="43.7178172" lon="7.2678678"/>
 <node id="3678684453" visible="true" version="2" changeset="34041339" timestamp="2015-09-15T14:04:20Z" user="Ber-A" uid="1123434" lat="43.7178240" lon="7.2670605"/>
 <node id="3678684454" visible="true" version="2" changeset="34041339" timestamp="2015-09-15T14:04:20Z" user="Ber-A" uid="1123434" lat="43.7178270" lon="7.2673949"/>
 <node id="3678684455" visible="true" version="2" changeset="34041339" timestamp="2015-09-15T14:04:20Z" user="Ber-A" uid="1123434" lat="43.7178290" lon="7.2670835"/>
 <node id="3678684456" visible="true" version="2" changeset="34041339" timestamp="2015-09-15T14:04:20Z" user="Ber-A" uid="1123434" lat="43.7178302" lon="7.2678618"/>
 <node id="3678684457" visible="true" version="2" changeset="34041339" timestamp="2015-09-15T14:04:21Z" user="Ber-A" uid="1123434" lat="43.7178380" lon="7.2666915"/>
 <node id="3678684458" visible="true" version="2" changeset="34041339" timestamp="2015-09-15T14:04:21Z" user="Ber-A" uid="1123434" lat="43.7178380" lon="7.2667265"/>
 <node id="3678684459" visible="true" version="2" changeset="34041339" timestamp="2015-09-15T14:04:21Z" user="Ber-A" uid="1123434" lat="43.7178412" lon="7.2678558"/>
 <node id="3678684460" visible="true" version="2" changeset="34041339" timestamp="2015-09-15T14:04:21Z" user="Ber-A" uid="1123434" lat="43.7178442" lon="7.2674128"/>
 <node id="3678684461" visible="true" version="2" changeset="34041339" timestamp="2015-09-15T14:04:22Z" user="Ber-A" uid="1123434" lat="43.7178560" lon="7.2667265"/>
 <node id="3678684462" visible="true" version="2" changeset="34041339" timestamp="2015-09-15T14:04:22Z" user="Ber-A" uid="1123434" lat="43.7178560" lon="7.2667605"/>
 <node id="3678684463" visible="true" version="2" changeset="34041339" timestamp="2015-09-15T14:04:22Z" user="Ber-A" uid="1123434" lat="43.7178522" lon="7.2678478"/>
 <node id="3678684464" visible="true" version="2" changeset="34041339" timestamp="2015-09-15T14:04:22Z" user="Ber-A" uid="1123434" lat="43.7178592" lon="7.2674308"/>
 <node id="3678684465" visible="true" version="2" changeset="34041339" timestamp="2015-09-15T14:04:22Z" user="Ber-A" uid="1123434" lat="43.7178592" lon="7.2677658"/>
 <node id="3678684466" visible="true" version="2" changeset="34041339" timestamp="2015-09-15T14:04:23Z" user="Ber-A" uid="1123434" lat="43.7178632" lon="7.2678398"/>
 <node id="3678684467" visible="true" version="2" changeset="34041339" timestamp="2015-09-15T14:04:23Z" user="Ber-A" uid="1123434" lat="43.7178700" lon="7.2667595"/>
 <node id="3678684468" visible="true" version="2" changeset="34041339" timestamp="2015-09-15T14:04:23Z" user="Ber-A" uid="1123434" lat="43.7178700" lon="7.2667945"/>
 <node id="3678684469" visible="true" version="2" changeset="34041339" timestamp="2015-09-15T14:04:23Z" user="Ber-A" uid="1123434" lat="43.7178662" lon="7.2674368"/>
 <node id="3678684470" visible="true" version="2" changeset="34041339" timestamp="2015-09-15T14:04:23Z" user="Ber-A" uid="1123434" lat="43.7178712" lon="7.2678328"/>
 <node id="3678684471" visible="true" version="2" changeset="34041339" timestamp="2015-09-15T14:04:20Z" user="Ber-A" uid="1123434" lat="43.7178752" lon="7.2677458"/>
 <node id="3678684472" visible="true" version="2" changeset="34041339" timestamp="2015-09-15T14:04:20Z" user="Ber-A" uid="1123434" lat="43.7178850" lon="7.2668305"/>
 <node id="3678684473" visible="true" version="2" changeset="34041339" timestamp="2015-09-15T14:04:20Z" user="Ber-A" uid="1123434" lat="43.7178792" lon="7.2678248"/>
 <node id="3678684474" visible="true" version="2" changeset="34041339" timestamp="2015-09-15T14:04:20Z" user="Ber-A" uid="1123434" lat="43.7178860" lon="7.2667945"/>
 <node id="3678684475" visible="true" version="1" changeset="33065648" timestamp="2015-08-03T10:15:22Z" user="PipoCanaja" uid="1872287" lat="43.7178870" lon="7.2678990"/>
 <node id="3678684476" visible="true" version="2" changeset="34041339" timestamp="2015-09-15T14:04:20Z" user="Ber-A" uid="1123434" lat="43.7178852" lon="7.2674668"/>
 <node id="3678684477" visible="true" version="2" changeset="34041339" timestamp="2015-09-15T14:04:20Z" user="Ber-A" uid="1123434" lat="43.7178902" lon="7.2678118"/>
 <node id="3678684478" visible="true" version="2" changeset="34041339" timestamp="2015-09-15T14:04:21Z" user="Ber-A" uid="1123434" lat="43.7178980" lon="7.2668645"/>
 <node id="3678684479" visible="true" version="2" changeset="34041339" timestamp="2015-09-15T14:04:21Z" user="Ber-A" uid="1123434" lat="43.7178990" lon="7.2668295"/>
 <node id="3678684480" visible="true" version="2" changeset="34041339" timestamp="2015-09-15T14:04:21Z" user="Ber-A" uid="1123434" lat="43.7178932" lon="7.2677108"/>
 <node id="3678684481" visible="true" version="1" changeset="33065648" timestamp="2015-08-03T10:15:22Z" user="PipoCanaja" uid="1872287" lat="43.7179000" lon="7.2679380"/>
 <node id="3678684482" visible="true" version="2" changeset="34041339" timestamp="2015-09-15T14:04:22Z" user="Ber-A" uid="1123434" lat="43.7178962" lon="7.2674908"/>
 <node id="3678684483" visible="true" version="1" changeset="33065648" timestamp="2015-08-03T10:15:22Z" user="PipoCanaja" uid="1872287" lat="43.7179040" lon="7.2678880"/>
 <node id="3678684484" visible="true" version="1" changeset="33065648" timestamp="2015-08-03T10:15:22Z" user="PipoCanaja" uid="1872287" lat="43.7179090" lon="7.2664286"/>
 <node id="3678684485" visible="true" version="2" changeset="34041339" timestamp="2015-09-15T14:04:22Z" user="Ber-A" uid="1123434" lat="43.7179032" lon="7.2676838"/>
 <node id="3678684486" visible="true" version="2" changeset="34041339" timestamp="2015-09-15T14:04:22Z" user="Ber-A" uid="1123434" lat="43.7179100" lon="7.2668645"/>
 <node id="3678684487" visible="true" version="2" changeset="34041339" timestamp="2015-09-15T14:04:22Z" user="Ber-A" uid="1123434" lat="43.7179100" lon="7.2669015"/>
 <node id="3678684488" visible="true" version="2" changeset="34041339" timestamp="2015-09-15T14:04:22Z" user="Ber-A" uid="1123434" lat="43.7179092" lon="7.2675328"/>
 <node id="3678684489" visible="true" version="1" changeset="33065648" timestamp="2015-08-03T10:15:22Z" user="PipoCanaja" uid="1872287" lat="43.7179170" lon="7.2679270"/>
 <node id="3678684490" visible="true" version="2" changeset="34041339" timestamp="2015-09-15T14:04:22Z" user="Ber-A" uid="1123434" lat="43.7179122" lon="7.2676458"/>
 <node id="3678684491" visible="true" version="2" changeset="34041339" timestamp="2015-09-15T14:04:23Z" user="Ber-A" uid="1123434" lat="43.7179210" lon="7.2669375"/>
 <node id="3678684492" visible="true" version="2" changeset="34041339" timestamp="2015-09-15T14:04:23Z" user="Ber-A" uid="1123434" lat="43.7179152" lon="7.2675708"/>
 <node id="3678684493" visible="true" version="2" changeset="34041339" timestamp="2015-09-15T14:04:23Z" user="Ber-A" uid="1123434" lat="43.7179220" lon="7.2669015"/>
 <node id="3678684494" visible="true" version="2" changeset="34041339" timestamp="2015-09-15T14:04:23Z" user="Ber-A" uid="1123434" lat="43.7179162" lon="7.2676068"/>
 <node id="3678684495" visible="true" version="2" changeset="34041339" timestamp="2015-09-15T14:04:23Z" user="Ber-A" uid="1123434" lat="43.7179310" lon="7.2669755"/>
 <node id="3678684496" visible="true" version="2" changeset="34041339" timestamp="2015-09-15T14:04:23Z" user="Ber-A" uid="1123434" lat="43.7179320" lon="7.2669385"/>
 <node id="3678684497" visible="true" version="2" changeset="34041339" timestamp="2015-09-15T14:04:20Z" user="Ber-A" uid="1123434" lat="43.7179400" lon="7.2670125"/>
 <node id="3678684498" visible="true" version="2" changeset="34041339" timestamp="2015-09-15T14:04:20Z" user="Ber-A" uid="1123434" lat="43.7179420" lon="7.2669765"/>
 <node id="3678691480" visible="true" version="1" changeset="33065812" timestamp="2015-08-03T10:21:53Z" user="PipoCanaja" uid="1872287" lat="43.7177370" lon="7.2685030"/>
 <node id="3678691481" visible="true" version="1" changeset="33065812" timestamp="2015-08-03T10:21:53Z" user="PipoCanaja" uid="1872287" lat="43.7177680" lon="7.2684570"/>
 <node id="3678691482" visible="true" version="1" changeset="33065812" timestamp="2015-08-03T10:21:53Z" user="PipoCanaja" uid="1872287" lat="43.7177710" lon="7.2685450"/>
 <node id="3678691483" visible="true" version="1" changeset="33065812" timestamp="2015-08-03T10:21:54Z" user="PipoCanaja" uid="1872287" lat="43.7178010" lon="7.2684990"/>
 <node id="3678691484" visible="true" version="1" changeset="33065812" timestamp="2015-08-03T10:21:54Z" user="PipoCanaja" uid="1872287" lat="43.7179230" lon="7.2686480"/>
 <node id="3678691485" visible="true" version="1" changeset="33065812" timestamp="2015-08-03T10:21:54Z" user="PipoCanaja" uid="1872287" lat="43.7179570" lon="7.2687280"/>
 <node id="3678691486" visible="true" version="1" changeset="33065812" timestamp="2015-08-03T10:21:54Z" user="PipoCanaja" uid="1872287" lat="43.7179660" lon="7.2686130"/>
 <node id="3678691487" visible="true" version="1" changeset="33065812" timestamp="2015-08-03T10:21:54Z" user="PipoCanaja" uid="1872287" lat="43.7180000" lon="7.2686930"/>
 <node id="3678691488" visible="true" version="2" changeset="42517028" timestamp="2016-09-29T11:55:37Z" user="Akuma06" uid="217441" lat="43.7180491" lon="7.2675304"/>
 <node id="3678691489" visible="true" version="1" changeset="33065812" timestamp="2015-08-03T10:21:54Z" user="PipoCanaja" uid="1872287" lat="43.7180620" lon="7.2690630"/>
 <node id="3678691490" visible="true" version="2" changeset="42517028" timestamp="2016-09-29T11:55:37Z" user="Akuma06" uid="217441" lat="43.7180571" lon="7.2675544"/>
 <node id="3678691491" visible="true" version="2" changeset="42517028" timestamp="2016-09-29T11:55:37Z" user="Akuma06" uid="217441" lat="43.7180651" lon="7.2675724"/>
 <node id="3678691492" visible="true" version="2" changeset="42517028" timestamp="2016-09-29T11:55:37Z" user="Akuma06" uid="217441" lat="43.7180761" lon="7.2675144"/>
 <node id="3678691493" visible="true" version="2" changeset="42517028" timestamp="2016-09-29T11:55:37Z" user="Akuma06" uid="217441" lat="43.7180761" lon="7.2675944"/>
 <node id="3678691494" visible="true" version="2" changeset="42517028" timestamp="2016-09-29T11:55:37Z" user="Akuma06" uid="217441" lat="43.7180851" lon="7.2674184"/>
 <node id="3678691495" visible="true" version="2" changeset="42517028" timestamp="2016-09-29T11:55:38Z" user="Akuma06" uid="217441" lat="43.7180773" lon="7.2682238"/>
 <node id="3678691496" visible="true" version="2" changeset="42517028" timestamp="2016-09-29T11:55:37Z" user="Akuma06" uid="217441" lat="43.7180861" lon="7.2674444"/>
 <node id="3678691497" visible="true" version="2" changeset="42517028" timestamp="2016-09-29T11:55:37Z" user="Akuma06" uid="217441" lat="43.7180871" lon="7.2673924"/>
 <node id="3678691498" visible="true" version="2" changeset="42517028" timestamp="2016-09-29T11:55:38Z" user="Akuma06" uid="217441" lat="43.7180793" lon="7.2682628"/>
 <node id="3678691499" visible="true" version="2" changeset="42517028" timestamp="2016-09-29T11:55:37Z" user="Akuma06" uid="217441" lat="43.7180891" lon="7.2673644"/>
 <node id="3678691500" visible="true" version="2" changeset="42517028" timestamp="2016-09-29T11:55:38Z" user="Akuma06" uid="217441" lat="43.7180813" lon="7.2681208"/>
 <node id="3678691501" visible="true" version="2" changeset="42517028" timestamp="2016-09-29T11:55:37Z" user="Akuma06" uid="217441" lat="43.7180901" lon="7.2674724"/>
 <node id="3678691502" visible="true" version="2" changeset="42517028" timestamp="2016-09-29T11:55:37Z" user="Akuma06" uid="217441" lat="43.7180901" lon="7.2676204"/>
 <node id="3678691503" visible="true" version="2" changeset="42517028" timestamp="2016-09-29T11:55:38Z" user="Akuma06" uid="217441" lat="43.7180823" lon="7.2681848"/>
 <node id="3678691504" visible="true" version="2" changeset="42517028" timestamp="2016-09-29T11:55:38Z" user="Akuma06" uid="217441" lat="43.7180853" lon="7.2683028"/>
 <node id="3678691505" visible="true" version="2" changeset="42517028" timestamp="2016-09-29T11:55:37Z" user="Akuma06" uid="217441" lat="43.7180951" lon="7.2673394"/>
 <node id="3678691506" visible="true" version="2" changeset="42517028" timestamp="2016-09-29T11:55:37Z" user="Akuma06" uid="217441" lat="43.7180981" lon="7.2675024"/>
 <node id="3678691507" visible="true" version="2" changeset="42517028" timestamp="2016-09-29T11:55:38Z" user="Akuma06" uid="217441" lat="43.7180903" lon="7.2681468"/>
 <node id="3678691508" visible="true" version="1" changeset="33065812" timestamp="2015-08-03T10:21:54Z" user="PipoCanaja" uid="1872287" lat="43.7181090" lon="7.2691720"/>
 <node id="3678691509" visible="true" version="2" changeset="42517028" timestamp="2016-09-29T11:55:38Z" user="Akuma06" uid="217441" lat="43.7180953" lon="7.2681338"/>
 <node id="3678691510" visible="true" version="2" changeset="42517028" timestamp="2016-09-29T11:55:38Z" user="Akuma06" uid="217441" lat="43.7180953" lon="7.2683398"/>
 <node id="3678691511" visible="true" version="2" changeset="42517028" timestamp="2016-09-29T11:55:37Z" user="Akuma06" uid="217441" lat="43.7181051" lon="7.2673104"/>
 <node id="3678691512" visible="true" version="1" changeset="33065812" timestamp="2015-08-03T10:21:54Z" user="PipoCanaja" uid="1872287" lat="43.7181130" lon="7.2690210"/>
 <node id="3678691513" visible="true" version="2" changeset="42517028" timestamp="2016-09-29T11:55:37Z" user="Akuma06" uid="217441" lat="43.7181061" lon="7.2676384"/>
 <node id="3678691514" visible="true" version="2" changeset="42517028" timestamp="2016-09-29T11:55:37Z" user="Akuma06" uid="217441" lat="43.7181121" lon="7.2672934"/>
 <node id="3678691515" visible="true" version="2" changeset="42517028" timestamp="2016-09-29T11:55:38Z" user="Akuma06" uid="217441" lat="43.7181113" lon="7.2683718"/>
 <node id="3678691516" visible="true" version="2" changeset="42517028" timestamp="2016-09-29T11:55:37Z" user="Akuma06" uid="217441" lat="43.7181241" lon="7.2672714"/>
 <node id="3678691517" visible="true" version="2" changeset="42517028" timestamp="2016-09-29T11:55:38Z" user="Akuma06" uid="217441" lat="43.7181173" lon="7.2680608"/>
 <node id="3678691518" visible="true" version="2" changeset="42517028" timestamp="2016-09-29T11:55:38Z" user="Akuma06" uid="217441" lat="43.7181273" lon="7.2680738"/>
 <node id="3678691519" visible="true" version="2" changeset="42517028" timestamp="2016-09-29T11:55:37Z" user="Akuma06" uid="217441" lat="43.7181361" lon="7.2672534"/>
 <node id="3678691520" visible="true" version="2" changeset="42517028" timestamp="2016-09-29T11:55:38Z" user="Akuma06" uid="217441" lat="43.7181303" lon="7.2684018"/>
 <node id="3678691521" visible="true" version="2" changeset="42517028" timestamp="2016-09-29T11:55:37Z" user="Akuma06" uid="217441" lat="43.7181411" lon="7.2675864"/>
 <node id="3678691522" visible="true" version="1" changeset="33065812" timestamp="2015-08-03T10:21:54Z" user="PipoCanaja" uid="1872287" lat="43.7181580" lon="7.2691320"/>
 <node id="3678691523" visible="true" version="2" changeset="42517028" timestamp="2016-09-29T11:55:38Z" user="Akuma06" uid="217441" lat="43.7181433" lon="7.2680538"/>
 <node id="3678691524" visible="true" version="2" changeset="42517028" timestamp="2016-09-29T11:55:37Z" user="Akuma06" uid="217441" lat="43.7181521" lon="7.2675984"/>
 <node id="3678693125" visible="true" version="2" changeset="42517028" timestamp="2016-09-29T11:55:37Z" user="Akuma06" uid="217441" lat="43.7181541" lon="7.2672324"/>
 <node id="3678693126" visible="true" version="2" changeset="42517028" timestamp="2016-09-29T11:55:38Z" user="Akuma06" uid="217441" lat="43.7181533" lon="7.2684258"/>
 <node id="3678693127" visible="true" version="2" changeset="42517028" timestamp="2016-09-29T11:55:37Z" user="Akuma06" uid="217441" lat="43.7181661" lon="7.2672214"/>
 <node id="3678693128" visible="true" version="2" changeset="42517028" timestamp="2016-09-29T11:55:37Z" user="Akuma06" uid="217441" lat="43.7181671" lon="7.2676134"/>
 <node id="3678693129" visible="true" version="2" changeset="42517028" timestamp="2016-09-29T11:55:38Z" user="Akuma06" uid="217441" lat="43.7181673" lon="7.2680318"/>
 <node id="3678693130" visible="true" version="2" changeset="42517028" timestamp="2016-09-29T11:55:37Z" user="Akuma06" uid="217441" lat="43.7181811" lon="7.2676224"/>
 <node id="3678693131" visible="true" version="2" changeset="42517028" timestamp="2016-09-29T11:55:37Z" user="Akuma06" uid="217441" lat="43.7181841" lon="7.2672074"/>
 <node id="3678693132" visible="true" version="2" changeset="42517028" timestamp="2016-09-29T11:55:38Z" user="Akuma06" uid="217441" lat="43.7181773" lon="7.2684448"/>
 <node id="3678693133" visible="true" version="2" changeset="42517028" timestamp="2016-09-29T11:55:37Z" user="Akuma06" uid="217441" lat="43.7181971" lon="7.2676304"/>
 <node id="3678693134" visible="true" version="2" changeset="42517028" timestamp="2016-09-29T11:55:37Z" user="Akuma06" uid="217441" lat="43.7182021" lon="7.2671984"/>
 <node id="3678693135" visible="true" version="2" changeset="42517028" timestamp="2016-09-29T11:55:38Z" user="Akuma06" uid="217441" lat="43.7181943" lon="7.2680188"/>
 <node id="3678693136" visible="true" version="2" changeset="42517028" timestamp="2016-09-29T11:55:37Z" user="Akuma06" uid="217441" lat="43.7182111" lon="7.2676374"/>
 <node id="3678693137" visible="true" version="2" changeset="42517028" timestamp="2016-09-29T11:55:38Z" user="Akuma06" uid="217441" lat="43.7182053" lon="7.2684568"/>
 <node id="3678693138" visible="true" version="2" changeset="42517028" timestamp="2016-09-29T11:55:37Z" user="Akuma06" uid="217441" lat="43.7182241" lon="7.2671924"/>
 <node id="3678693139" visible="true" version="2" changeset="42517028" timestamp="2016-09-29T11:55:37Z" user="Akuma06" uid="217441" lat="43.7182251" lon="7.2676394"/>
 <node id="3678693140" visible="true" version="2" changeset="42517028" timestamp="2016-09-29T11:55:37Z" user="Akuma06" uid="217441" lat="43.7182223" lon="7.2680098"/>
 <node id="3678693141" visible="true" version="2" changeset="42517028" timestamp="2016-09-29T11:55:37Z" user="Akuma06" uid="217441" lat="43.7182421" lon="7.2671914"/>
 <node id="3678693142" visible="true" version="2" changeset="42517028" timestamp="2016-09-29T11:55:38Z" user="Akuma06" uid="217441" lat="43.7182343" lon="7.2684618"/>
 <node id="3678693143" visible="true" version="2" changeset="42517028" timestamp="2016-09-29T11:55:37Z" user="Akuma06" uid="217441" lat="43.7182431" lon="7.2676434"/>
 <node id="3678693144" visible="true" version="2" changeset="42517028" timestamp="2016-09-29T11:55:37Z" user="Akuma06" uid="217441" lat="43.7182591" lon="7.2671914"/>
 <node id="3678693145" visible="true" version="2" changeset="42517028" timestamp="2016-09-29T11:55:37Z" user="Akuma06" uid="217441" lat="43.7182513" lon="7.2680078"/>
 <node id="3678693146" visible="true" version="2" changeset="42517028" timestamp="2016-09-29T11:55:37Z" user="Akuma06" uid="217441" lat="43.7182601" lon="7.2676424"/>
 <node id="3678693147" visible="true" version="2" changeset="42517028" timestamp="2016-09-29T11:55:38Z" user="Akuma06" uid="217441" lat="43.7182623" lon="7.2684618"/>
 <node id="3678693148" visible="true" version="2" changeset="42517028" timestamp="2016-09-29T11:55:37Z" user="Akuma06" uid="217441" lat="43.7182711" lon="7.2676414"/>
 <node id="3678693149" visible="true" version="2" changeset="42517028" timestamp="2016-09-29T11:55:37Z" user="Akuma06" uid="217441" lat="43.7182731" lon="7.2671934"/>
 <node id="3678693150" visible="true" version="2" changeset="42517028" timestamp="2016-09-29T11:55:37Z" user="Akuma06" uid="217441" lat="43.7182861" lon="7.2676374"/>
 <node id="3678693151" visible="true" version="2" changeset="42517028" timestamp="2016-09-29T11:55:37Z" user="Akuma06" uid="217441" lat="43.7182871" lon="7.2671974"/>
 <node id="3678693152" visible="true" version="2" changeset="42517028" timestamp="2016-09-29T11:55:37Z" user="Akuma06" uid="217441" lat="43.7182793" lon="7.2680138"/>
 <node id="3678693153" visible="true" version="2" changeset="42517028" timestamp="2016-09-29T11:55:38Z" user="Akuma06" uid="217441" lat="43.7182903" lon="7.2684528"/>
 <node id="3678693154" visible="true" version="2" changeset="42517028" timestamp="2016-09-29T11:55:37Z" user="Akuma06" uid="217441" lat="43.7182991" lon="7.2676324"/>
 <node id="3678693155" visible="true" version="2" changeset="42517028" timestamp="2016-09-29T11:55:37Z" user="Akuma06" uid="217441" lat="43.7183071" lon="7.2672044"/>
 <node id="3678693156" visible="true" version="2" changeset="42517028" timestamp="2016-09-29T11:55:37Z" user="Akuma06" uid="217441" lat="43.7183131" lon="7.2676264"/>
 <node id="3678693157" visible="true" version="2" changeset="42517028" timestamp="2016-09-29T11:55:37Z" user="Akuma06" uid="217441" lat="43.7183053" lon="7.2680268"/>
 <node id="3678693158" visible="true" version="2" changeset="42517028" timestamp="2016-09-29T11:55:37Z" user="Akuma06" uid="217441" lat="43.7183211" lon="7.2672144"/>
 <node id="3678693159" visible="true" version="2" changeset="42517028" timestamp="2016-09-29T11:55:38Z" user="Akuma06" uid="217441" lat="43.7183173" lon="7.2684378"/>
 <node id="3678693160" visible="true" version="2" changeset="42517028" timestamp="2016-09-29T11:55:37Z" user="Akuma06" uid="217441" lat="43.7183321" lon="7.2676124"/>
 <node id="3678693161" visible="true" version="2" changeset="42517028" timestamp="2016-09-29T11:55:37Z" user="Akuma06" uid="217441" lat="43.7183381" lon="7.2672264"/>
 <node id="3678693162" visible="true" version="2" changeset="42517028" timestamp="2016-09-29T11:55:37Z" user="Akuma06" uid="217441" lat="43.7183323" lon="7.2680448"/>
 <node id="3678693163" visible="true" version="2" changeset="42517028" timestamp="2016-09-29T11:55:37Z" user="Akuma06" uid="217441" lat="43.7183451" lon="7.2676004"/>
 <node id="3678693164" visible="true" version="2" changeset="42517028" timestamp="2016-09-29T11:55:38Z" user="Akuma06" uid="217441" lat="43.7183413" lon="7.2684168"/>
 <node id="3678693165" visible="true" version="2" changeset="42517028" timestamp="2016-09-29T11:55:37Z" user="Akuma06" uid="217441" lat="43.7183541" lon="7.2672424"/>
 <node id="3678693166" visible="true" version="2" changeset="42517028" timestamp="2016-09-29T11:55:37Z" user="Akuma06" uid="217441" lat="43.7183551" lon="7.2675904"/>
 <node id="3678693167" visible="true" version="1" changeset="33065812" timestamp="2015-08-03T10:21:55Z" user="PipoCanaja" uid="1872287" lat="43.7183670" lon="7.2678880"/>
 <node id="3678693168" visible="true" version="2" changeset="42517028" timestamp="2016-09-29T11:55:37Z" user="Akuma06" uid="217441" lat="43.7183543" lon="7.2680688"/>
 <node id="3678693169" visible="true" version="2" changeset="42517028" timestamp="2016-09-29T11:55:37Z" user="Akuma06" uid="217441" lat="43.7183661" lon="7.2672584"/>
 <node id="3678693170" visible="true" version="2" changeset="42517028" timestamp="2016-09-29T11:55:37Z" user="Akuma06" uid="217441" lat="43.7183661" lon="7.2675764"/>
 <node id="3678693171" visible="true" version="2" changeset="42517028" timestamp="2016-09-29T11:55:38Z" user="Akuma06" uid="217441" lat="43.7183633" lon="7.2683898"/>
 <node id="3678693172" visible="true" version="1" changeset="33065812" timestamp="2015-08-03T10:21:55Z" user="PipoCanaja" uid="1872287" lat="43.7183810" lon="7.2679040"/>
 <node id="3678693173" visible="true" version="2" changeset="42517028" timestamp="2016-09-29T11:55:37Z" user="Akuma06" uid="217441" lat="43.7183761" lon="7.2675604"/>
 <node id="3678693174" visible="true" version="2" changeset="42517028" timestamp="2016-09-29T11:55:37Z" user="Akuma06" uid="217441" lat="43.7183801" lon="7.2672794"/>
 <node id="3678693175" visible="true" version="2" changeset="42517028" timestamp="2016-09-29T11:55:37Z" user="Akuma06" uid="217441" lat="43.7183743" lon="7.2680998"/>
 <node id="3678693176" visible="true" version="2" changeset="42517028" timestamp="2016-09-29T11:55:37Z" user="Akuma06" uid="217441" lat="43.7183861" lon="7.2675424"/>
 <node id="3678693177" visible="true" version="2" changeset="42517028" timestamp="2016-09-29T11:55:38Z" user="Akuma06" uid="217441" lat="43.7183803" lon="7.2683588"/>
 <node id="3678693178" visible="true" version="2" changeset="42517028" timestamp="2016-09-29T11:55:37Z" user="Akuma06" uid="217441" lat="43.7183891" lon="7.2672984"/>
 <node id="3678693179" visible="true" version="2" changeset="42517028" timestamp="2016-09-29T11:55:37Z" user="Akuma06" uid="217441" lat="43.7183941" lon="7.2675224"/>
 <node id="3678693180" visible="true" version="1" changeset="33065812" timestamp="2015-08-03T10:21:55Z" user="PipoCanaja" uid="1872287" lat="43.7184020" lon="7.2678070"/>
 <node id="3678693181" visible="true" version="1" changeset="33065812" timestamp="2015-08-03T10:21:55Z" user="PipoCanaja" uid="1872287" lat="43.7184030" lon="7.2678300"/>
 <node id="3678693182" visible="true" version="1" changeset="33065812" timestamp="2015-08-03T10:21:55Z" user="PipoCanaja" uid="1872287" lat="43.7184040" lon="7.2679820"/>
 <node id="3678693183" visible="true" version="2" changeset="42517028" timestamp="2016-09-29T11:55:37Z" user="Akuma06" uid="217441" lat="43.7183883" lon="7.2681328"/>
 <node id="3678693184" visible="true" version="2" changeset="42517028" timestamp="2016-09-29T11:55:37Z" user="Akuma06" uid="217441" lat="43.7184001" lon="7.2673274"/>
 <node id="3678693185" visible="true" version="2" changeset="42517028" timestamp="2016-09-29T11:55:37Z" user="Akuma06" uid="217441" lat="43.7184011" lon="7.2675014"/>
 <node id="3678693186" visible="true" version="1" changeset="33065812" timestamp="2015-08-03T10:21:55Z" user="PipoCanaja" uid="1872287" lat="43.7184090" lon="7.2694480"/>
 <node id="3678693187" visible="true" version="2" changeset="42517028" timestamp="2016-09-29T11:55:37Z" user="Akuma06" uid="217441" lat="43.7184051" lon="7.2673464"/>
 <node id="3678693188" visible="true" version="2" changeset="42517028" timestamp="2016-09-29T11:55:38Z" user="Akuma06" uid="217441" lat="43.7183973" lon="7.2683128"/>
 <node id="3678693189" visible="true" version="2" changeset="42517028" timestamp="2016-09-29T11:55:37Z" user="Akuma06" uid="217441" lat="43.7184071" lon="7.2674794"/>
 <node id="3678693190" visible="true" version="2" changeset="42517028" timestamp="2016-09-29T11:55:37Z" user="Akuma06" uid="217441" lat="43.7184081" lon="7.2673584"/>
 <node id="3678693191" visible="true" version="2" changeset="42517028" timestamp="2016-09-29T11:55:37Z" user="Akuma06" uid="217441" lat="43.7184003" lon="7.2681688"/>
 <node id="3678693192" visible="true" version="1" changeset="33065812" timestamp="2015-08-03T10:21:55Z" user="PipoCanaja" uid="1872287" lat="43.7184170" lon="7.2678470"/>
 <node id="3678693193" visible="true" version="2" changeset="42517028" timestamp="2016-09-29T11:55:37Z" user="Akuma06" uid="217441" lat="43.7184101" lon="7.2674604"/>
 <node id="3678693194" visible="true" version="1" changeset="33065812" timestamp="2015-08-03T10:21:55Z" user="PipoCanaja" uid="1872287" lat="43.7184180" lon="7.2677790"/>
 <node id="3678693195" visible="true" version="2" changeset="42517028" timestamp="2016-09-29T11:55:37Z" user="Akuma06" uid="217441" lat="43.7184121" lon="7.2674404"/>
 <node id="3678693197" visible="true" version="2" changeset="42517028" timestamp="2016-09-29T11:55:37Z" user="Akuma06" uid="217441" lat="43.7184131" lon="7.2674244"/>
 <node id="3678693198" visible="true" version="2" changeset="42517028" timestamp="2016-09-29T11:55:37Z" user="Akuma06" uid="217441" lat="43.7184053" lon="7.2682068"/>
 <node id="3678693199" visible="true" version="1" changeset="33065812" timestamp="2015-08-03T10:21:55Z" user="PipoCanaja" uid="1872287" lat="43.7184220" lon="7.2679540"/>
 <node id="3678693200" visible="true" version="1" changeset="33065812" timestamp="2015-08-03T10:21:55Z" user="PipoCanaja" uid="1872287" lat="43.7184280" lon="7.2680100"/>
 <node id="3678693202" visible="true" version="1" changeset="33065812" timestamp="2015-08-03T10:21:55Z" user="PipoCanaja" uid="1872287" lat="43.7184320" lon="7.2680040"/>
 <node id="3678693203" visible="true" version="1" changeset="33065812" timestamp="2015-08-03T10:21:55Z" user="PipoCanaja" uid="1872287" lat="43.7184350" lon="7.2677770"/>
 <node id="3678693205" visible="true" version="2" changeset="42517028" timestamp="2016-09-29T11:55:37Z" user="Akuma06" uid="217441" lat="43.7184281" lon="7.2673554"/>
 <node id="3678693206" visible="true" version="2" changeset="42517028" timestamp="2016-09-29T11:55:37Z" user="Akuma06" uid="217441" lat="43.7184321" lon="7.2674244"/>
 <node id="3678693207" visible="true" version="2" changeset="42517028" timestamp="2016-09-29T11:55:37Z" user="Akuma06" uid="217441" lat="43.7184331" lon="7.2673884"/>
 <node id="3678693209" visible="true" version="1" changeset="33065812" timestamp="2015-08-03T10:21:55Z" user="PipoCanaja" uid="1872287" lat="43.7184490" lon="7.2677930"/>
 <node id="3678693210" visible="true" version="1" changeset="33065812" timestamp="2015-08-03T10:21:55Z" user="PipoCanaja" uid="1872287" lat="43.7184590" lon="7.2693890"/>
 <node id="3678693211" visible="true" version="2" changeset="42517028" timestamp="2016-09-29T11:55:38Z" user="Akuma06" uid="217441" lat="43.7184453" lon="7.2683358"/>
 <node id="3678693212" visible="true" version="1" changeset="33065812" timestamp="2015-08-03T10:21:55Z" user="PipoCanaja" uid="1872287" lat="43.7184690" lon="7.2681580"/>
 <node id="3678693213" visible="true" version="2" changeset="42517028" timestamp="2016-09-29T11:55:38Z" user="Akuma06" uid="217441" lat="43.7184533" lon="7.2682988"/>
 <node id="3678693214" visible="true" version="1" changeset="33065812" timestamp="2015-08-03T10:21:55Z" user="PipoCanaja" uid="1872287" lat="43.7184700" lon="7.2677180"/>
 <node id="3678693215" visible="true" version="1" changeset="33065812" timestamp="2015-08-03T10:21:55Z" user="PipoCanaja" uid="1872287" lat="43.7184710" lon="7.2680490"/>
 <node id="3678693216" visible="true" version="2" changeset="42517028" timestamp="2016-09-29T11:55:38Z" user="Akuma06" uid="217441" lat="43.7184583" lon="7.2682748"/>
 <node id="3678693217" visible="true" version="2" changeset="42517028" timestamp="2016-09-29T11:55:38Z" user="Akuma06" uid="217441" lat="43.7184593" lon="7.2682048"/>
 <node id="3678693218" visible="true" version="2" changeset="42517028" timestamp="2016-09-29T11:55:38Z" user="Akuma06" uid="217441" lat="43.7184603" lon="7.2682408"/>
 <node id="3678693219" visible="true" version="1" changeset="33065812" timestamp="2015-08-03T10:21:55Z" user="PipoCanaja" uid="1872287" lat="43.7184780" lon="7.2695620"/>
 <node id="3678693220" visible="true" version="1" changeset="33065812" timestamp="2015-08-03T10:21:55Z" user="PipoCanaja" uid="1872287" lat="43.7184820" lon="7.2681360"/>
 <node id="3678693221" visible="true" version="1" changeset="33065812" timestamp="2015-08-03T10:21:55Z" user="PipoCanaja" uid="1872287" lat="43.7184820" lon="7.2694270"/>
 <node id="3678693222" visible="true" version="1" changeset="33065812" timestamp="2015-08-03T10:21:55Z" user="PipoCanaja" uid="1872287" lat="43.7184840" lon="7.2677350"/>
 <node id="3678693223" visible="true" version="1" changeset="33065812" timestamp="2015-08-03T10:21:55Z" user="PipoCanaja" uid="1872287" lat="43.7184850" lon="7.2677340"/>
 <node id="3678693224" visible="true" version="1" changeset="33065812" timestamp="2015-08-03T10:21:55Z" user="PipoCanaja" uid="1872287" lat="43.7184860" lon="7.2680240"/>
 <node id="3678693325" visible="true" version="1" changeset="33065812" timestamp="2015-08-03T10:21:55Z" user="PipoCanaja" uid="1872287" lat="43.7184910" lon="7.2680290"/>
 <node id="3678693326" visible="true" version="1" changeset="33065812" timestamp="2015-08-03T10:21:55Z" user="PipoCanaja" uid="1872287" lat="43.7184920" lon="7.2681860"/>
 <node id="3678693327" visible="true" version="1" changeset="33065812" timestamp="2015-08-03T10:21:56Z" user="PipoCanaja" uid="1872287" lat="43.7185060" lon="7.2681640"/>
 <node id="3678693328" visible="true" version="1" changeset="33065812" timestamp="2015-08-03T10:21:56Z" user="PipoCanaja" uid="1872287" lat="43.7185140" lon="7.2693900"/>
 <node id="3678693329" visible="true" version="1" changeset="33065812" timestamp="2015-08-03T10:21:56Z" user="PipoCanaja" uid="1872287" lat="43.7185220" lon="7.2679770"/>
 <node id="3678693330" visible="true" version="1" changeset="33065812" timestamp="2015-08-03T10:21:56Z" user="PipoCanaja" uid="1872287" lat="43.7185260" lon="7.2679820"/>
 <node id="3678693331" visible="true" version="1" changeset="33065812" timestamp="2015-08-03T10:21:56Z" user="PipoCanaja" uid="1872287" lat="43.7185270" lon="7.2677820"/>
 <node id="3678693332" visible="true" version="1" changeset="33065812" timestamp="2015-08-03T10:21:56Z" user="PipoCanaja" uid="1872287" lat="43.7185400" lon="7.2680850"/>
 <node id="3678693333" visible="true" version="1" changeset="33065812" timestamp="2015-08-03T10:21:56Z" user="PipoCanaja" uid="1872287" lat="43.7185410" lon="7.2679450"/>
 <node id="3678693334" visible="true" version="1" changeset="33065812" timestamp="2015-08-03T10:21:56Z" user="PipoCanaja" uid="1872287" lat="43.7185460" lon="7.2679500"/>
 <node id="3678693335" visible="true" version="1" changeset="33065812" timestamp="2015-08-03T10:21:56Z" user="PipoCanaja" uid="1872287" lat="43.7185500" lon="7.2677430"/>
 <node id="3678693336" visible="true" version="1" changeset="33065812" timestamp="2015-08-03T10:21:56Z" user="PipoCanaja" uid="1872287" lat="43.7185610" lon="7.2694650"/>
 <node id="3678693337" visible="true" version="1" changeset="33065812" timestamp="2015-08-03T10:21:56Z" user="PipoCanaja" uid="1872287" lat="43.7185710" lon="7.2680340"/>
 <node id="3678693338" visible="true" version="1" changeset="33065812" timestamp="2015-08-03T10:21:56Z" user="PipoCanaja" uid="1872287" lat="43.7185890" lon="7.2678540"/>
 <node id="3678693339" visible="true" version="1" changeset="33065812" timestamp="2015-08-03T10:21:56Z" user="PipoCanaja" uid="1872287" lat="43.7185930" lon="7.2678590"/>
 <node id="3678693340" visible="true" version="1" changeset="33065812" timestamp="2015-08-03T10:21:56Z" user="PipoCanaja" uid="1872287" lat="43.7186130" lon="7.2678150"/>
 <node id="3696766901" visible="true" version="2" changeset="38481059" timestamp="2016-04-11T17:43:11Z" user="DK06100" uid="3811653" lat="43.7163318" lon="7.2656449"/>
 <node id="3696766917" visible="true" version="1" changeset="33334572" timestamp="2015-08-14T11:46:00Z" user="PipoCanaja" uid="1872287" lat="43.7157044" lon="7.2643459"/>
 <node id="3696766918" visible="true" version="1" changeset="33334572" timestamp="2015-08-14T11:46:00Z" user="PipoCanaja" uid="1872287" lat="43.7156385" lon="7.2651613"/>
 <node id="3696766919" visible="true" version="1" changeset="33334572" timestamp="2015-08-14T11:46:00Z" user="PipoCanaja" uid="1872287" lat="43.7156782" lon="7.2652471"/>
 <node id="3696766920" visible="true" version="1" changeset="33334572" timestamp="2015-08-14T11:46:00Z" user="PipoCanaja" uid="1872287" lat="43.7156666" lon="7.2655797"/>
 <node id="3696766921" visible="true" version="1" changeset="33334572" timestamp="2015-08-14T11:46:00Z" user="PipoCanaja" uid="1872287" lat="43.7156065" lon="7.2652055"/>
 <node id="3696766922" visible="true" version="1" changeset="33334572" timestamp="2015-08-14T11:46:00Z" user="PipoCanaja" uid="1872287" lat="43.7155687" lon="7.2655636"/>
 <node id="3696766923" visible="true" version="1" changeset="33334572" timestamp="2015-08-14T11:46:00Z" user="PipoCanaja" uid="1872287" lat="43.7155958" lon="7.2655783"/>
 <node id="3696766924" visible="true" version="7" changeset="156598774" timestamp="2024-09-14T07:22:24Z" user="Nzau" uid="15118949" lat="43.7157801" lon="7.2655086">
  <tag k="crossing" v="uncontrolled"/>
  <tag k="crossing:island" v="no"/>
  <tag k="crossing:markings" v="zebra"/>
  <tag k="highway" v="crossing"/>
  <tag k="kerb" v="lowered"/>
  <tag k="tactile_paving" v="no"/>
 </node>
 <node id="3696767825" visible="true" version="6" changeset="156598774" timestamp="2024-09-14T07:22:24Z" user="Nzau" uid="15118949" lat="43.7158285" lon="7.2656937">
  <tag k="crossing" v="uncontrolled"/>
  <tag k="crossing:island" v="no"/>
  <tag k="crossing:markings" v="zebra"/>
  <tag k="highway" v="crossing"/>
  <tag k="kerb" v="lowered"/>
  <tag k="tactile_paving" v="no"/>
 </node>
 <node id="3696767826" visible="true" version="1" changeset="33334572" timestamp="2015-08-14T11:46:00Z" user="PipoCanaja" uid="1872287" lat="43.7158323" lon="7.2663213"/>
 <node id="4058818490" visible="true" version="4" changeset="166807264" timestamp="2025-05-27T05:57:59Z" user="orhapsodos" uid="13118161" lat="43.7141822" lon="7.2670865">
  <tag k="barrier" v="bollard"/>
  <tag k="bollard" v="fixed"/>
  <tag k="foot" v="yes"/>
  <tag k="motorcar" v="private"/>
  <tag k="note" v="Barrière repliable dans le sol"/>
 </node>
 <node id="4058818491" visible="true" version="4" changeset="174774738" timestamp="2025-11-17T14:29:43Z" user="NicholasNCE" uid="186141" lat="43.7161630" lon="7.2703396">
  <tag k="access" v="private"/>
  <tag k="barrier" v="gate"/>
  <tag k="foot" v="permissive"/>
 </node>
 <node id="4069714048" visible="true" version="4" changeset="126746534" timestamp="2022-09-28T15:46:42Z" user="merylstreet" uid="1159672" lat="43.7158686" lon="7.2655674">
  <tag k="amenity" v="recycling"/>
  <tag k="recycling:glass" v="no"/>
  <tag k="recycling:glass_bottles" v="yes"/>
  <tag k="recycling:paper" v="yes"/>
  <tag k="recycling_type" v="container"/>
 </node>
 <node id="4069784365" visible="true" version="1" changeset="37955229" timestamp="2016-03-20T13:03:58Z" user="Fabimaru" uid="324552" lat="43.7180590" lon="7.2657175">
  <tag k="entrance" v="yes"/>
 </node>
 <node id="4069784366" visible="true" version="1" changeset="37955229" timestamp="2016-03-20T13:03:58Z" user="Fabimaru" uid="324552" lat="43.7184628" lon="7.2670483"/>
 <node id="4069784367" visible="true" version="1" changeset="37955229" timestamp="2016-03-20T13:03:58Z" user="Fabimaru" uid="324552" lat="43.7185578" lon="7.2669330">
  <tag k="barrier" v="gate"/>
 </node>
 <node id="4069784368" visible="true" version="1" changeset="37955229" timestamp="2016-03-20T13:03:58Z" user="Fabimaru" uid="324552" lat="43.7186619" lon="7.2668068"/>
 <node id="4069784370" visible="true" version="1" changeset="37955229" timestamp="2016-03-20T13:03:58Z" user="Fabimaru" uid="324552" lat="43.7203393" lon="7.2689392"/>
 <node id="4069811123" visible="true" version="2" changeset="116044417" timestamp="2022-01-11T23:13:20Z" user="divulmappeur" uid="8490885" lat="43.7210795" lon="7.2707421">
  <tag k="barrier" v="gate"/>
 </node>
 <node id="4069825687" visible="true" version="1" changeset="37955956" timestamp="2016-03-20T13:43:25Z" user="Fabimaru" uid="324552" lat="43.7190370" lon="7.2676140">
  <tag k="addr:housenumber" v="91"/>
  <tag k="addr:street" v="Avenue Valrose"/>
 </node>
 <node id="4069825889" visible="true" version="3" changeset="155901559" timestamp="2024-08-28T21:22:24Z" user="Pyb" uid="150474" lat="43.7191621" lon="7.2679949">
  <tag k="amenity" v="recycling"/>
  <tag k="check_date:recycling" v="2024-08-28"/>
  <tag k="recycling:glass" v="no"/>
  <tag k="recycling:glass_bottles" v="yes"/>
  <tag k="recycling:paper" v="yes"/>
  <tag k="recycling_type" v="container"/>
 </node>
 <node id="4093560570" visible="true" version="2" changeset="126746534" timestamp="2022-09-28T15:46:42Z" user="merylstreet" uid="1159672" lat="43.7189118" lon="7.2651741">
  <tag k="amenity" v="recycling"/>
  <tag k="recycling:glass_bottles" v="yes"/>
  <tag k="recycling_type" v="container"/>
 </node>
 <node id="4114731096" visible="true" version="2" changeset="83269612" timestamp="2020-04-08T19:34:47Z" user="Thibault JUNIN" uid="3590922" lat="43.7167012" lon="7.2648085"/>
 <node id="4114731097" visible="true" version="2" changeset="83269612" timestamp="2020-04-08T19:34:47Z" user="Thibault JUNIN" uid="3590922" lat="43.7166497" lon="7.2655539"/>
 <node id="4114731098" visible="true" version="2" changeset="83269612" timestamp="2020-04-08T19:34:47Z" user="Thibault JUNIN" uid="3590922" lat="43.7163035" lon="7.2655768"/>
 <node id="4114731099" visible="true" version="2" changeset="83269612" timestamp="2020-04-08T19:34:47Z" user="Thibault JUNIN" uid="3590922" lat="43.7164126" lon="7.2645200"/>
 <node id="4114731100" visible="true" version="2" changeset="83269612" timestamp="2020-04-08T19:34:47Z" user="Thibault JUNIN" uid="3590922" lat="43.7167114" lon="7.2645508"/>
 <node id="4423188622" visible="true" version="2" changeset="175622971" timestamp="2025-12-07T13:14:27Z" user="NicholasNCE" uid="186141" lat="43.7042706" lon="7.2607610"/>
 <node id="4423188625" visible="true" version="2" changeset="175622971" timestamp="2025-12-07T13:14:27Z" user="NicholasNCE" uid="186141" lat="43.7044165" lon="7.2606348"/>
 <node id="4423536242" visible="true" version="3" changeset="119756973" timestamp="2022-04-15T16:03:58Z" user="Patchi" uid="591881" lat="43.7193032" lon="7.2681195"/>
 <node id="4423536243" visible="true" version="3" changeset="99995835" timestamp="2021-02-25T18:05:36Z" user="divulmappeur" uid="8490885" lat="43.7187383" lon="7.2675523"/>
 <node id="4423536244" visible="true" version="2" changeset="99995835" timestamp="2021-02-25T18:05:36Z" user="divulmappeur" uid="8490885" lat="43.7183586" lon="7.2671783"/>
 <node id="4423536245" visible="true" version="2" changeset="99995835" timestamp="2021-02-25T18:05:36Z" user="divulmappeur" uid="8490885" lat="43.7179463" lon="7.2671525"/>
 <node id="4423536246" visible="true" version="2" changeset="89272654" timestamp="2020-08-11T23:47:01Z" user="divulmappeur" uid="8490885" lat="43.7178999" lon="7.2672796"/>
 <node id="4423536248" visible="true" version="2" changeset="89272654" timestamp="2020-08-11T23:47:01Z" user="divulmappeur" uid="8490885" lat="43.7183986" lon="7.2693730"/>
 <node id="4423536249" visible="true" version="2" changeset="99995835" timestamp="2021-02-25T18:05:36Z" user="divulmappeur" uid="8490885" lat="43.7180555" lon="7.2680634"/>
 <node id="4423536253" visible="true" version="2" changeset="99995835" timestamp="2021-02-25T18:05:36Z" user="divulmappeur" uid="8490885" lat="43.7184554" lon="7.2672563"/>
 <node id="4423536254" visible="true" version="1" changeset="42516872" timestamp="2016-09-29T11:47:52Z" user="Akuma06" uid="217441" lat="43.7185083" lon="7.2674746"/>
 <node id="4423536255" visible="true" version="1" changeset="42516872" timestamp="2016-09-29T11:47:52Z" user="Akuma06" uid="217441" lat="43.7184557" lon="7.2673848"/>
 <node id="4423536257" visible="true" version="1" changeset="42516872" timestamp="2016-09-29T11:47:52Z" user="Akuma06" uid="217441" lat="43.7184752" lon="7.2675269"/>
 <node id="4423536258" visible="true" version="2" changeset="99995835" timestamp="2021-02-25T18:05:36Z" user="divulmappeur" uid="8490885" lat="43.7185390" lon="7.2674046"/>
 <node id="4423536260" visible="true" version="2" changeset="99995835" timestamp="2021-02-25T18:05:36Z" user="divulmappeur" uid="8490885" lat="43.7189550" lon="7.2677918"/>
 <node id="4423536261" visible="true" version="2" changeset="99995835" timestamp="2021-02-25T18:05:36Z" user="divulmappeur" uid="8490885" lat="43.7188256" lon="7.2680347"/>
 <node id="4423536262" visible="true" version="1" changeset="42516872" timestamp="2016-09-29T11:47:52Z" user="Akuma06" uid="217441" lat="43.7186563" lon="7.2678581"/>
 <node id="4423536264" visible="true" version="2" changeset="99995835" timestamp="2021-02-25T18:05:36Z" user="divulmappeur" uid="8490885" lat="43.7186925" lon="7.2677210"/>
 <node id="4423536265" visible="true" version="2" changeset="89272654" timestamp="2020-08-11T23:47:01Z" user="divulmappeur" uid="8490885" lat="43.7180522" lon="7.2675901"/>
 <node id="4423536266" visible="true" version="1" changeset="42516872" timestamp="2016-09-29T11:47:52Z" user="Akuma06" uid="217441" lat="43.7181162" lon="7.2677709"/>
 <node id="4423536267" visible="true" version="2" changeset="89272654" timestamp="2020-08-11T23:47:01Z" user="divulmappeur" uid="8490885" lat="43.7180379" lon="7.2678091"/>
 <node id="4423536268" visible="true" version="2" changeset="89272654" timestamp="2020-08-11T23:47:01Z" user="divulmappeur" uid="8490885" lat="43.7179966" lon="7.2676164"/>
 <node id="4423536269" visible="true" version="2" changeset="89272654" timestamp="2020-08-11T23:47:01Z" user="divulmappeur" uid="8490885" lat="43.7180894" lon="7.2679823"/>
 <node id="4423536270" visible="true" version="2" changeset="89272654" timestamp="2020-08-11T23:47:01Z" user="divulmappeur" uid="8490885" lat="43.7184263" lon="7.2680776"/>
 <node id="4423565027" visible="true" version="3" changeset="99995835" timestamp="2021-02-25T18:05:36Z" user="divulmappeur" uid="8490885" lat="43.7180028" lon="7.2664594">
  <tag k="access" v="private"/>
  <tag k="addr:city" v="Nice"/>
  <tag k="addr:housenumber" v="96"/>
  <tag k="addr:postcode" v="06106"/>
  <tag k="addr:street" v="Avenue Valrose"/>
  <tag k="barrier" v="gate"/>
  <tag k="horse" v="no"/>
  <tag k="motor_vehicle" v="no"/>
  <tag k="name" v="Entrée Résidence Universitaire"/>
 </node>
 <node id="4423565028" visible="true" version="1" changeset="42517028" timestamp="2016-09-29T11:55:36Z" user="Akuma06" uid="217441" lat="43.7184453" lon="7.2671173"/>
 <node id="4423565029" visible="true" version="2" changeset="48047197" timestamp="2017-04-22T23:02:06Z" user="greecemapper" uid="23785" lat="43.7181839" lon="7.2670389">
  <tag k="access" v="private"/>
  <tag k="barrier" v="gate"/>
  <tag k="horse" v="no"/>
  <tag k="motor_vehicle" v="no"/>
 </node>
 <node id="4423565030" visible="true" version="2" changeset="89272654" timestamp="2020-08-11T23:47:01Z" user="divulmappeur" uid="8490885" lat="43.7181883" lon="7.2671190"/>
 <node id="4423565031" visible="true" version="1" changeset="42517028" timestamp="2016-09-29T11:55:36Z" user="Akuma06" uid="217441" lat="43.7181611" lon="7.2667797"/>
 <node id="4423565032" visible="true" version="1" changeset="42517028" timestamp="2016-09-29T11:55:36Z" user="Akuma06" uid="217441" lat="43.7180725" lon="7.2666413"/>
 <node id="4423565033" visible="true" version="1" changeset="42517028" timestamp="2016-09-29T11:55:36Z" user="Akuma06" uid="217441" lat="43.7184264" lon="7.2671478"/>
 <node id="4423566470" visible="true" version="2" changeset="89272654" timestamp="2020-08-11T23:47:01Z" user="divulmappeur" uid="8490885" lat="43.7172116" lon="7.2665990"/>
 <node id="4423566471" visible="true" version="2" changeset="89272654" timestamp="2020-08-11T23:47:01Z" user="divulmappeur" uid="8490885" lat="43.7173848" lon="7.2666781"/>
 <node id="4423566472" visible="true" version="3" changeset="89272654" timestamp="2020-08-11T23:47:01Z" user="divulmappeur" uid="8490885" lat="43.7173760" lon="7.2669226"/>
 <node id="4423566473" visible="true" version="1" changeset="42517073" timestamp="2016-09-29T11:58:01Z" user="Akuma06" uid="217441" lat="43.7179074" lon="7.2673998"/>
 <node id="4423581789" visible="true" version="2" changeset="95499339" timestamp="2020-12-08T16:25:57Z" user="divulmappeur" uid="8490885" lat="43.7192429" lon="7.2680621">
  <tag k="access" v="private"/>
  <tag k="addr:city" v="Nice"/>
  <tag k="addr:housenumber" v="96"/>
  <tag k="addr:postcode" v="06106"/>
  <tag k="addr:street" v="Avenue Valrose"/>
  <tag k="barrier" v="gate"/>
  <tag k="foot" v="no"/>
  <tag k="horse" v="no"/>
  <tag k="wheelchair" v="yes"/>
 </node>
 <node id="4638181507" visible="true" version="2" changeset="99995835" timestamp="2021-02-25T18:05:36Z" user="divulmappeur" uid="8490885" lat="43.7158170" lon="7.2660203"/>
 <node id="4638181509" visible="true" version="1" changeset="45569550" timestamp="2017-01-27T18:16:52Z" user="MikoBert" uid="5209311" lat="43.7163383" lon="7.2675820"/>
 <node id="4638181510" visible="true" version="1" changeset="45569550" timestamp="2017-01-27T18:16:52Z" user="MikoBert" uid="5209311" lat="43.7166446" lon="7.2679414"/>
 <node id="4638181511" visible="true" version="2" changeset="99995835" timestamp="2021-02-25T18:05:36Z" user="divulmappeur" uid="8490885" lat="43.7169400" lon="7.2682060"/>
 <node id="4638181512" visible="true" version="2" changeset="99995835" timestamp="2021-02-25T18:05:36Z" user="divulmappeur" uid="8490885" lat="43.7171514" lon="7.2680104"/>
 <node id="4638181513" visible="true" version="1" changeset="45569550" timestamp="2017-01-27T18:16:52Z" user="MikoBert" uid="5209311" lat="43.7172301" lon="7.2677912"/>
 <node id="4638181529" visible="true" version="3" changeset="89272654" timestamp="2020-08-11T23:47:01Z" user="divulmappeur" uid="8490885" lat="43.7164039" lon="7.2668149"/>
 <node id="4638181538" visible="true" version="2" changeset="89272654" timestamp="2020-08-11T23:47:01Z" user="divulmappeur" uid="8490885" lat="43.7165453" lon="7.2667074"/>
 <node id="4638181539" visible="true" version="2" changeset="89272654" timestamp="2020-08-11T23:47:01Z" user="divulmappeur" uid="8490885" lat="43.7165337" lon="7.2666266"/>
 <node id="4638181541" visible="true" version="2" changeset="89272654" timestamp="2020-08-11T23:47:01Z" user="divulmappeur" uid="8490885" lat="43.7164866" lon="7.2665765"/>
 <node id="4638181546" visible="true" version="1" changeset="45569550" timestamp="2017-01-27T18:16:52Z" user="MikoBert" uid="5209311" lat="43.7165690" lon="7.2668443"/>
 <node id="4638181547" visible="true" version="1" changeset="45569550" timestamp="2017-01-27T18:16:52Z" user="MikoBert" uid="5209311" lat="43.7165972" lon="7.2668584"/>
 <node id="4638181548" visible="true" version="2" changeset="89272654" timestamp="2020-08-11T23:47:01Z" user="divulmappeur" uid="8490885" lat="43.7166730" lon="7.2668641"/>
 <node id="4638181553" visible="true" version="1" changeset="45569550" timestamp="2017-01-27T18:16:52Z" user="MikoBert" uid="5209311" lat="43.7165140" lon="7.2665523"/>
 <node id="4638181559" visible="true" version="1" changeset="45569550" timestamp="2017-01-27T18:16:53Z" user="MikoBert" uid="5209311" lat="43.7165780" lon="7.2669239"/>
 <node id="4638181560" visible="true" version="1" changeset="45569550" timestamp="2017-01-27T18:16:53Z" user="MikoBert" uid="5209311" lat="43.7166151" lon="7.2669717"/>
 <node id="4638181562" visible="true" version="2" changeset="89272654" timestamp="2020-08-11T23:47:01Z" user="divulmappeur" uid="8490885" lat="43.7166958" lon="7.2671086"/>
 <node id="4638181563" visible="true" version="1" changeset="45569550" timestamp="2017-01-27T18:16:53Z" user="MikoBert" uid="5209311" lat="43.7163720" lon="7.2676215"/>
 <node id="4638181564" visible="true" version="1" changeset="45569550" timestamp="2017-01-27T18:16:53Z" user="MikoBert" uid="5209311" lat="43.7167570" lon="7.2671911"/>
 <node id="4638181565" visible="true" version="1" changeset="45569550" timestamp="2017-01-27T18:16:53Z" user="MikoBert" uid="5209311" lat="43.7168146" lon="7.2672655"/>
 <node id="4638181566" visible="true" version="1" changeset="45569550" timestamp="2017-01-27T18:16:53Z" user="MikoBert" uid="5209311" lat="43.7168901" lon="7.2673415"/>
 <node id="4638181569" visible="true" version="1" changeset="45569550" timestamp="2017-01-27T18:16:53Z" user="MikoBert" uid="5209311" lat="43.7169681" lon="7.2674707"/>
 <node id="4638181570" visible="true" version="1" changeset="45569550" timestamp="2017-01-27T18:16:53Z" user="MikoBert" uid="5209311" lat="43.7169822" lon="7.2675415"/>
 <node id="4638181571" visible="true" version="1" changeset="45569550" timestamp="2017-01-27T18:16:53Z" user="MikoBert" uid="5209311" lat="43.7169873" lon="7.2676636"/>
 <node id="4638181572" visible="true" version="1" changeset="45569550" timestamp="2017-01-27T18:16:53Z" user="MikoBert" uid="5209311" lat="43.7169932" lon="7.2677531"/>
 <node id="4638181573" visible="true" version="1" changeset="45569550" timestamp="2017-01-27T18:16:53Z" user="MikoBert" uid="5209311" lat="43.7169988" lon="7.2678370"/>
 <node id="4638181575" visible="true" version="1" changeset="45569550" timestamp="2017-01-27T18:16:53Z" user="MikoBert" uid="5209311" lat="43.7165308" lon="7.2663659"/>
 <node id="4638181576" visible="true" version="1" changeset="45569550" timestamp="2017-01-27T18:16:53Z" user="MikoBert" uid="5209311" lat="43.7166221" lon="7.2661163"/>
 <node id="4638181577" visible="true" version="1" changeset="45569550" timestamp="2017-01-27T18:16:53Z" user="MikoBert" uid="5209311" lat="43.7167089" lon="7.2659500"/>
 <node id="4638181578" visible="true" version="1" changeset="45569550" timestamp="2017-01-27T18:16:53Z" user="MikoBert" uid="5209311" lat="43.7168047" lon="7.2659500"/>
 <node id="4638181579" visible="true" version="1" changeset="45569550" timestamp="2017-01-27T18:16:53Z" user="MikoBert" uid="5209311" lat="43.7168530" lon="7.2658639"/>
 <node id="4638181580" visible="true" version="1" changeset="45569550" timestamp="2017-01-27T18:16:53Z" user="MikoBert" uid="5209311" lat="43.7157506" lon="7.2658831"/>
 <node id="4638181581" visible="true" version="1" changeset="45569550" timestamp="2017-01-27T18:16:53Z" user="MikoBert" uid="5209311" lat="43.7148257" lon="7.2655749"/>
 <node id="4638181582" visible="true" version="1" changeset="45569550" timestamp="2017-01-27T18:16:53Z" user="MikoBert" uid="5209311" lat="43.7147920" lon="7.2668264"/>
 <node id="4638181583" visible="true" version="1" changeset="45569550" timestamp="2017-01-27T18:16:53Z" user="MikoBert" uid="5209311" lat="43.7149270" lon="7.2667844"/>
 <node id="4638181584" visible="true" version="1" changeset="45569550" timestamp="2017-01-27T18:16:53Z" user="MikoBert" uid="5209311" lat="43.7153894" lon="7.2668685"/>
 <node id="4638181585" visible="true" version="1" changeset="45569550" timestamp="2017-01-27T18:16:53Z" user="MikoBert" uid="5209311" lat="43.7158654" lon="7.2686244"/>
 <node id="4638182100" visible="true" version="2" changeset="99995835" timestamp="2021-02-25T18:05:36Z" user="divulmappeur" uid="8490885" lat="43.7175972" lon="7.2692027"/>
 <node id="4638182102" visible="true" version="1" changeset="45569550" timestamp="2017-01-27T18:16:53Z" user="MikoBert" uid="5209311" lat="43.7166383" lon="7.2685123"/>
 <node id="4638182103" visible="true" version="1" changeset="45569550" timestamp="2017-01-27T18:16:53Z" user="MikoBert" uid="5209311" lat="43.7167632" lon="7.2682134"/>
 <node id="4638182104" visible="true" version="1" changeset="45569550" timestamp="2017-01-27T18:16:53Z" user="MikoBert" uid="5209311" lat="43.7163480" lon="7.2677604"/>
 <node id="4638182105" visible="true" version="1" changeset="45569550" timestamp="2017-01-27T18:16:53Z" user="MikoBert" uid="5209311" lat="43.7159497" lon="7.2670039"/>
 <node id="4638182106" visible="true" version="1" changeset="45569550" timestamp="2017-01-27T18:16:53Z" user="MikoBert" uid="5209311" lat="43.7158046" lon="7.2663361"/>
 <node id="4638182107" visible="true" version="1" changeset="45569550" timestamp="2017-01-27T18:16:53Z" user="MikoBert" uid="5209311" lat="43.7157669" lon="7.2660202"/>
 <node id="4638182108" visible="true" version="1" changeset="45569550" timestamp="2017-01-27T18:16:53Z" user="MikoBert" uid="5209311" lat="43.7156966" lon="7.2661306"/>
 <node id="4638182109" visible="true" version="1" changeset="45569550" timestamp="2017-01-27T18:16:53Z" user="MikoBert" uid="5209311" lat="43.7156730" lon="7.2662100"/>
 <node id="4638182110" visible="true" version="1" changeset="45569550" timestamp="2017-01-27T18:16:53Z" user="MikoBert" uid="5209311" lat="43.7156797" lon="7.2663641"/>
 <node id="4638182111" visible="true" version="1" changeset="45569550" timestamp="2017-01-27T18:16:53Z" user="MikoBert" uid="5209311" lat="43.7156797" lon="7.2664808"/>
 <node id="4638182112" visible="true" version="1" changeset="45569550" timestamp="2017-01-27T18:16:53Z" user="MikoBert" uid="5209311" lat="43.7156505" lon="7.2665103"/>
 <node id="4638182113" visible="true" version="1" changeset="45569550" timestamp="2017-01-27T18:16:53Z" user="MikoBert" uid="5209311" lat="43.7157607" lon="7.2667190"/>
 <node id="4638182114" visible="true" version="1" changeset="45569550" timestamp="2017-01-27T18:16:53Z" user="MikoBert" uid="5209311" lat="43.7158147" lon="7.2667891"/>
 <node id="4638182115" visible="true" version="1" changeset="45569550" timestamp="2017-01-27T18:16:53Z" user="MikoBert" uid="5209311" lat="43.7158687" lon="7.2668358"/>
 <node id="4638182116" visible="true" version="1" changeset="45569550" timestamp="2017-01-27T18:16:53Z" user="MikoBert" uid="5209311" lat="43.7159157" lon="7.2668471"/>
 <node id="4638182117" visible="true" version="1" changeset="45569550" timestamp="2017-01-27T18:16:53Z" user="MikoBert" uid="5209311" lat="43.7158822" lon="7.2669852"/>
 <node id="4638182118" visible="true" version="1" changeset="45569550" timestamp="2017-01-27T18:16:53Z" user="MikoBert" uid="5209311" lat="43.7158856" lon="7.2670366"/>
 <node id="4638182119" visible="true" version="1" changeset="45569550" timestamp="2017-01-27T18:16:53Z" user="MikoBert" uid="5209311" lat="43.7159227" lon="7.2671206"/>
 <node id="4638182120" visible="true" version="1" changeset="45569550" timestamp="2017-01-27T18:16:53Z" user="MikoBert" uid="5209311" lat="43.7159329" lon="7.2672047"/>
 <node id="4638182121" visible="true" version="1" changeset="45569550" timestamp="2017-01-27T18:16:53Z" user="MikoBert" uid="5209311" lat="43.7160145" lon="7.2675970"/>
 <node id="4638182122" visible="true" version="1" changeset="45569550" timestamp="2017-01-27T18:16:53Z" user="MikoBert" uid="5209311" lat="43.7160438" lon="7.2676905"/>
 <node id="4638182123" visible="true" version="1" changeset="45569550" timestamp="2017-01-27T18:16:53Z" user="MikoBert" uid="5209311" lat="43.7160762" lon="7.2677475"/>
 <node id="4638182124" visible="true" version="1" changeset="45569550" timestamp="2017-01-27T18:16:53Z" user="MikoBert" uid="5209311" lat="43.7161320" lon="7.2677800"/>
 <node id="4638182126" visible="true" version="1" changeset="45569550" timestamp="2017-01-27T18:16:53Z" user="MikoBert" uid="5209311" lat="43.7162055" lon="7.2679060"/>
 <node id="4638182127" visible="true" version="1" changeset="45569550" timestamp="2017-01-27T18:16:53Z" user="MikoBert" uid="5209311" lat="43.7161966" lon="7.2680076"/>
 <node id="4638182128" visible="true" version="1" changeset="45569550" timestamp="2017-01-27T18:16:53Z" user="MikoBert" uid="5209311" lat="43.7161127" lon="7.2681691"/>
 <node id="4638182129" visible="true" version="1" changeset="45569550" timestamp="2017-01-27T18:16:53Z" user="MikoBert" uid="5209311" lat="43.7160233" lon="7.2678369"/>
 <node id="4638182130" visible="true" version="1" changeset="45569550" timestamp="2017-01-27T18:16:53Z" user="MikoBert" uid="5209311" lat="43.7160086" lon="7.2679507"/>
 <node id="4638182131" visible="true" version="1" changeset="45569550" timestamp="2017-01-27T18:16:53Z" user="MikoBert" uid="5209311" lat="43.7157485" lon="7.2679171"/>
 <node id="4638182132" visible="true" version="1" changeset="45569550" timestamp="2017-01-27T18:16:53Z" user="MikoBert" uid="5209311" lat="43.7157559" lon="7.2680442"/>
 <node id="4638182133" visible="true" version="1" changeset="45569550" timestamp="2017-01-27T18:16:53Z" user="MikoBert" uid="5209311" lat="43.7157765" lon="7.2681581"/>
 <node id="4638182134" visible="true" version="1" changeset="45569550" timestamp="2017-01-27T18:16:53Z" user="MikoBert" uid="5209311" lat="43.7158176" lon="7.2682353"/>
 <node id="4638182135" visible="true" version="1" changeset="45569550" timestamp="2017-01-27T18:16:53Z" user="MikoBert" uid="5209311" lat="43.7158646" lon="7.2682922"/>
 <node id="4638182136" visible="true" version="1" changeset="45569550" timestamp="2017-01-27T18:16:53Z" user="MikoBert" uid="5209311" lat="43.7159234" lon="7.2683369"/>
 <node id="4638182137" visible="true" version="1" changeset="45569550" timestamp="2017-01-27T18:16:53Z" user="MikoBert" uid="5209311" lat="43.7159821" lon="7.2684061"/>
 <node id="4638182139" visible="true" version="3" changeset="173125765" timestamp="2025-10-11T08:18:45Z" user="Hervé TUC" uid="922338" lat="43.7161202" lon="7.2686093"/>
 <node id="4638182140" visible="true" version="1" changeset="45569550" timestamp="2017-01-27T18:16:53Z" user="MikoBert" uid="5209311" lat="43.7159674" lon="7.2685524"/>
 <node id="4638182141" visible="true" version="1" changeset="45569550" timestamp="2017-01-27T18:16:53Z" user="MikoBert" uid="5209311" lat="43.7159498" lon="7.2686419"/>
 <node id="4638182142" visible="true" version="1" changeset="45569550" timestamp="2017-01-27T18:16:53Z" user="MikoBert" uid="5209311" lat="43.7158646" lon="7.2687516"/>
 <node id="4638182143" visible="true" version="1" changeset="45569550" timestamp="2017-01-27T18:16:53Z" user="MikoBert" uid="5209311" lat="43.7161026" lon="7.2687435"/>
 <node id="4638182144" visible="true" version="1" changeset="45569550" timestamp="2017-01-27T18:16:53Z" user="MikoBert" uid="5209311" lat="43.7160933" lon="7.2689195"/>
 <node id="4638182145" visible="true" version="1" changeset="45569550" timestamp="2017-01-27T18:16:54Z" user="MikoBert" uid="5209311" lat="43.7155326" lon="7.2660562"/>
 <node id="4638182146" visible="true" version="1" changeset="45569550" timestamp="2017-01-27T18:16:54Z" user="MikoBert" uid="5209311" lat="43.7155913" lon="7.2660074"/>
 <node id="4638182147" visible="true" version="1" changeset="45569550" timestamp="2017-01-27T18:16:54Z" user="MikoBert" uid="5209311" lat="43.7156325" lon="7.2660034"/>
 <node id="4638182148" visible="true" version="1" changeset="45569550" timestamp="2017-01-27T18:16:54Z" user="MikoBert" uid="5209311" lat="43.7156648" lon="7.2660400"/>
 <node id="4638182158" visible="true" version="1" changeset="45569550" timestamp="2017-01-27T18:16:54Z" user="MikoBert" uid="5209311" lat="43.7162828" lon="7.2692254"/>
 <node id="4638188603" visible="true" version="1" changeset="45569580" timestamp="2017-01-27T18:18:21Z" user="MikoBert" uid="5209311" lat="43.7153035" lon="7.2666499"/>
 <node id="4638785835" visible="true" version="1" changeset="45577937" timestamp="2017-01-27T23:28:16Z" user="MikoBert" uid="5209311" lat="43.7165257" lon="7.2662556"/>
 <node id="4638785836" visible="true" version="1" changeset="45577937" timestamp="2017-01-27T23:28:16Z" user="MikoBert" uid="5209311" lat="43.7165606" lon="7.2661590"/>
 <node id="4638785837" visible="true" version="1" changeset="45577937" timestamp="2017-01-27T23:28:16Z" user="MikoBert" uid="5209311" lat="43.7165916" lon="7.2660893"/>
 <node id="4638785838" visible="true" version="1" changeset="45577937" timestamp="2017-01-27T23:28:16Z" user="MikoBert" uid="5209311" lat="43.7165664" lon="7.2660329"/>
 <node id="4638785839" visible="true" version="1" changeset="45577937" timestamp="2017-01-27T23:28:16Z" user="MikoBert" uid="5209311" lat="43.7165393" lon="7.2660759"/>
 <node id="4638785840" visible="true" version="1" changeset="45577937" timestamp="2017-01-27T23:28:16Z" user="MikoBert" uid="5209311" lat="43.7165141" lon="7.2661644"/>
 <node id="4638785841" visible="true" version="1" changeset="45577937" timestamp="2017-01-27T23:28:16Z" user="MikoBert" uid="5209311" lat="43.7164869" lon="7.2662180"/>
 <node id="4638785842" visible="true" version="1" changeset="45577937" timestamp="2017-01-27T23:28:17Z" user="MikoBert" uid="5209311" lat="43.7164617" lon="7.2662207"/>
 <node id="4638785843" visible="true" version="1" changeset="45577937" timestamp="2017-01-27T23:28:17Z" user="MikoBert" uid="5209311" lat="43.7164346" lon="7.2661805"/>
 <node id="4638785844" visible="true" version="1" changeset="45577937" timestamp="2017-01-27T23:28:17Z" user="MikoBert" uid="5209311" lat="43.7164249" lon="7.2661188"/>
 <node id="4638785845" visible="true" version="1" changeset="45577937" timestamp="2017-01-27T23:28:17Z" user="MikoBert" uid="5209311" lat="43.7163920" lon="7.2660651"/>
 <node id="4638785846" visible="true" version="1" changeset="45577937" timestamp="2017-01-27T23:28:17Z" user="MikoBert" uid="5209311" lat="43.7163977" lon="7.2657597"/>
 <node id="4638785857" visible="true" version="2" changeset="99995835" timestamp="2021-02-25T18:05:36Z" user="divulmappeur" uid="8490885" lat="43.7172704" lon="7.2677239"/>
 <node id="4638785861" visible="true" version="2" changeset="99995835" timestamp="2021-02-25T18:05:36Z" user="divulmappeur" uid="8490885" lat="43.7176421" lon="7.2671805"/>
 <node id="4638785872" visible="true" version="2" changeset="89272654" timestamp="2020-08-11T23:47:01Z" user="divulmappeur" uid="8490885" lat="43.7167695" lon="7.2665708"/>
 <node id="4638785880" visible="true" version="1" changeset="45577937" timestamp="2017-01-27T23:28:17Z" user="MikoBert" uid="5209311" lat="43.7168258" lon="7.2668580"/>
 <node id="4638785881" visible="true" version="1" changeset="45577937" timestamp="2017-01-27T23:28:17Z" user="MikoBert" uid="5209311" lat="43.7168757" lon="7.2668905"/>
 <node id="4638785882" visible="true" version="1" changeset="45577937" timestamp="2017-01-27T23:28:17Z" user="MikoBert" uid="5209311" lat="43.7169477" lon="7.2668478"/>
 <node id="4638785883" visible="true" version="1" changeset="45577937" timestamp="2017-01-27T23:28:17Z" user="MikoBert" uid="5209311" lat="43.7170226" lon="7.2672035"/>
 <node id="4638785884" visible="true" version="2" changeset="99995835" timestamp="2021-02-25T18:05:36Z" user="divulmappeur" uid="8490885" lat="43.7170665" lon="7.2672503"/>
 <node id="4638786189" visible="true" version="1" changeset="45577937" timestamp="2017-01-27T23:28:17Z" user="MikoBert" uid="5209311" lat="43.7172460" lon="7.2670999"/>
 <node id="4638786193" visible="true" version="1" changeset="45577937" timestamp="2017-01-27T23:28:17Z" user="MikoBert" uid="5209311" lat="43.7169771" lon="7.2669875"/>
 <node id="4638786194" visible="true" version="1" changeset="45577937" timestamp="2017-01-27T23:28:17Z" user="MikoBert" uid="5209311" lat="43.7169477" lon="7.2670206"/>
 <node id="4638786195" visible="true" version="1" changeset="45577937" timestamp="2017-01-27T23:28:17Z" user="MikoBert" uid="5209311" lat="43.7169624" lon="7.2670734"/>
 <node id="4638786196" visible="true" version="1" changeset="45577937" timestamp="2017-01-27T23:28:17Z" user="MikoBert" uid="5209311" lat="43.7169756" lon="7.2671446"/>
 <node id="4638786197" visible="true" version="1" changeset="45577937" timestamp="2017-01-27T23:28:17Z" user="MikoBert" uid="5209311" lat="43.7169991" lon="7.2671995"/>
 <node id="4638786198" visible="true" version="1" changeset="45577937" timestamp="2017-01-27T23:28:17Z" user="MikoBert" uid="5209311" lat="43.7170212" lon="7.2672401"/>
 <node id="4638786199" visible="true" version="1" changeset="45577937" timestamp="2017-01-27T23:28:17Z" user="MikoBert" uid="5209311" lat="43.7170021" lon="7.2672442"/>
 <node id="4638786200" visible="true" version="1" changeset="45577937" timestamp="2017-01-27T23:28:17Z" user="MikoBert" uid="5209311" lat="43.7169507" lon="7.2671609"/>
 <node id="4638786201" visible="true" version="1" changeset="45577937" timestamp="2017-01-27T23:28:17Z" user="MikoBert" uid="5209311" lat="43.7169242" lon="7.2671222"/>
 <node id="4638786202" visible="true" version="1" changeset="45577937" timestamp="2017-01-27T23:28:17Z" user="MikoBert" uid="5209311" lat="43.7169022" lon="7.2671405"/>
 <node id="4638786206" visible="true" version="2" changeset="89272654" timestamp="2020-08-11T23:47:01Z" user="divulmappeur" uid="8490885" lat="43.7173170" lon="7.2671922"/>
 <node id="4638786207" visible="true" version="2" changeset="89272654" timestamp="2020-08-11T23:47:01Z" user="divulmappeur" uid="8490885" lat="43.7174718" lon="7.2672764"/>
 <node id="4638830744" visible="true" version="1" changeset="45578764" timestamp="2017-01-28T00:17:05Z" user="MikoBert" uid="5209311" lat="43.7155688" lon="7.2665597"/>
 <node id="4638830745" visible="true" version="1" changeset="45578764" timestamp="2017-01-28T00:17:05Z" user="MikoBert" uid="5209311" lat="43.7156410" lon="7.2664823"/>
 <node id="4638830746" visible="true" version="1" changeset="45578764" timestamp="2017-01-28T00:17:05Z" user="MikoBert" uid="5209311" lat="43.7156129" lon="7.2664702"/>
 <node id="4638830747" visible="true" version="1" changeset="45578764" timestamp="2017-01-28T00:17:05Z" user="MikoBert" uid="5209311" lat="43.7155908" lon="7.2664255"/>
 <node id="4638830748" visible="true" version="1" changeset="45578764" timestamp="2017-01-28T00:17:05Z" user="MikoBert" uid="5209311" lat="43.7155541" lon="7.2663279"/>
 <node id="4638830749" visible="true" version="1" changeset="45578764" timestamp="2017-01-28T00:17:05Z" user="MikoBert" uid="5209311" lat="43.7155188" lon="7.2662730"/>
 <node id="4638830750" visible="true" version="1" changeset="45578764" timestamp="2017-01-28T00:17:05Z" user="MikoBert" uid="5209311" lat="43.7154704" lon="7.2662954"/>
 <node id="4638830751" visible="true" version="1" changeset="45578764" timestamp="2017-01-28T00:17:05Z" user="MikoBert" uid="5209311" lat="43.7154542" lon="7.2664072"/>
 <node id="4638830752" visible="true" version="1" changeset="45578764" timestamp="2017-01-28T00:17:05Z" user="MikoBert" uid="5209311" lat="43.7154292" lon="7.2665454"/>
 <node id="4638830753" visible="true" version="1" changeset="45578764" timestamp="2017-01-28T00:17:05Z" user="MikoBert" uid="5209311" lat="43.7154175" lon="7.2666247"/>
 <node id="4638830754" visible="true" version="1" changeset="45578764" timestamp="2017-01-28T00:17:05Z" user="MikoBert" uid="5209311" lat="43.7154674" lon="7.2666837"/>
 <node id="4638830755" visible="true" version="1" changeset="45578764" timestamp="2017-01-28T00:17:05Z" user="MikoBert" uid="5209311" lat="43.7154909" lon="7.2667589"/>
 <node id="4638830756" visible="true" version="1" changeset="45578764" timestamp="2017-01-28T00:17:05Z" user="MikoBert" uid="5209311" lat="43.7155041" lon="7.2668524"/>
 <node id="4638830757" visible="true" version="1" changeset="45578764" timestamp="2017-01-28T00:17:05Z" user="MikoBert" uid="5209311" lat="43.7154792" lon="7.2669093"/>
 <node id="4638830758" visible="true" version="1" changeset="45578764" timestamp="2017-01-28T00:17:05Z" user="MikoBert" uid="5209311" lat="43.7154527" lon="7.2668625"/>
 <node id="4638830759" visible="true" version="1" changeset="45578764" timestamp="2017-01-28T00:17:05Z" user="MikoBert" uid="5209311" lat="43.7154233" lon="7.2667975"/>
 <node id="4638830760" visible="true" version="1" changeset="45578764" timestamp="2017-01-28T00:17:05Z" user="MikoBert" uid="5209311" lat="43.7153322" lon="7.2667731"/>
 <node id="4638830761" visible="true" version="1" changeset="45578764" timestamp="2017-01-28T00:17:05Z" user="MikoBert" uid="5209311" lat="43.7152867" lon="7.2667528"/>
 <node id="4638830762" visible="true" version="1" changeset="45578764" timestamp="2017-01-28T00:17:05Z" user="MikoBert" uid="5209311" lat="43.7152852" lon="7.2667040"/>
 <node id="4638830763" visible="true" version="1" changeset="45578764" timestamp="2017-01-28T00:17:05Z" user="MikoBert" uid="5209311" lat="43.7155204" lon="7.2670559"/>
 <node id="4638830764" visible="true" version="1" changeset="45578764" timestamp="2017-01-28T00:17:05Z" user="MikoBert" uid="5209311" lat="43.7155541" lon="7.2670719"/>
 <node id="4638830765" visible="true" version="1" changeset="45578764" timestamp="2017-01-28T00:17:05Z" user="MikoBert" uid="5209311" lat="43.7155776" lon="7.2671044"/>
 <node id="4638830766" visible="true" version="1" changeset="45578764" timestamp="2017-01-28T00:17:05Z" user="MikoBert" uid="5209311" lat="43.7155879" lon="7.2671613"/>
 <node id="4638830767" visible="true" version="1" changeset="45578764" timestamp="2017-01-28T00:17:05Z" user="MikoBert" uid="5209311" lat="43.7155952" lon="7.2672122"/>
 <node id="4638830768" visible="true" version="1" changeset="45578764" timestamp="2017-01-28T00:17:05Z" user="MikoBert" uid="5209311" lat="43.7156114" lon="7.2672549"/>
 <node id="4638830769" visible="true" version="1" changeset="45578764" timestamp="2017-01-28T00:17:05Z" user="MikoBert" uid="5209311" lat="43.7159393" lon="7.2673095"/>
 <node id="4638830770" visible="true" version="1" changeset="45578764" timestamp="2017-01-28T00:17:05Z" user="MikoBert" uid="5209311" lat="43.7160883" lon="7.2681436"/>
 <node id="4638830774" visible="true" version="2" changeset="99995835" timestamp="2021-02-25T18:05:36Z" user="divulmappeur" uid="8490885" lat="43.7160969" lon="7.2685415"/>
 <node id="4810624493" visible="true" version="1" changeset="48047197" timestamp="2017-04-22T23:01:52Z" user="greecemapper" uid="23785" lat="43.7158482" lon="7.2687999"/>
 <node id="4810624494" visible="true" version="2" changeset="89272654" timestamp="2020-08-11T23:47:01Z" user="divulmappeur" uid="8490885" lat="43.7167034" lon="7.2666162">
  <tag k="crossing" v="marked"/>
  <tag k="highway" v="crossing"/>
 </node>
 <node id="4811703145" visible="true" version="1" changeset="48064162" timestamp="2017-04-23T15:49:09Z" user="greecemapper" uid="23785" lat="43.7147915" lon="7.2668633"/>
 <node id="4813319497" visible="true" version="8" changeset="162739363" timestamp="2025-02-20T12:40:40Z" user="Aradrin" uid="5733202" lat="43.7171148" lon="7.2720966">
  <tag k="crossing" v="uncontrolled"/>
  <tag k="crossing:island" v="no"/>
  <tag k="crossing:markings" v="zebra"/>
  <tag k="highway" v="crossing"/>
  <tag k="kerb" v="lowered"/>
  <tag k="tactile_paving" v="yes"/>
 </node>
 <node id="5309176948" visible="true" version="2" changeset="89272654" timestamp="2020-08-11T23:47:01Z" user="divulmappeur" uid="8490885" lat="43.7170337" lon="7.2688120"/>
 <node id="5309176949" visible="true" version="1" changeset="54994452" timestamp="2017-12-28T21:19:22Z" user="MikoBert" uid="5209311" lat="43.7170295" lon="7.2689177"/>
 <node id="5309176950" visible="true" version="1" changeset="54994452" timestamp="2017-12-28T21:19:22Z" user="MikoBert" uid="5209311" lat="43.7169988" lon="7.2689672"/>
 <node id="5309176951" visible="true" version="1" changeset="54994452" timestamp="2017-12-28T21:19:22Z" user="MikoBert" uid="5209311" lat="43.7169758" lon="7.2689956"/>
 <node id="5309176952" visible="true" version="1" changeset="54994452" timestamp="2017-12-28T21:19:22Z" user="MikoBert" uid="5209311" lat="43.7170059" lon="7.2690904"/>
 <node id="5309176953" visible="true" version="2" changeset="89272654" timestamp="2020-08-11T23:47:01Z" user="divulmappeur" uid="8490885" lat="43.7166092" lon="7.2691163"/>
 <node id="5309176954" visible="true" version="1" changeset="54994452" timestamp="2017-12-28T21:19:22Z" user="MikoBert" uid="5209311" lat="43.7165488" lon="7.2692848"/>
 <node id="5309176956" visible="true" version="1" changeset="54994452" timestamp="2017-12-28T21:19:22Z" user="MikoBert" uid="5209311" lat="43.7172591" lon="7.2681355"/>
 <node id="5309176958" visible="true" version="2" changeset="89272654" timestamp="2020-08-11T23:47:01Z" user="divulmappeur" uid="8490885" lat="43.7174850" lon="7.2684128"/>
 <node id="5309176959" visible="true" version="2" changeset="89272654" timestamp="2020-08-11T23:47:01Z" user="divulmappeur" uid="8490885" lat="43.7174265" lon="7.2685634"/>
 <node id="5309176960" visible="true" version="1" changeset="54994452" timestamp="2017-12-28T21:19:22Z" user="MikoBert" uid="5209311" lat="43.7174769" lon="7.2686675"/>
 <node id="5309176961" visible="true" version="1" changeset="54994452" timestamp="2017-12-28T21:19:22Z" user="MikoBert" uid="5209311" lat="43.7175503" lon="7.2685522"/>
 <node id="5309176962" visible="true" version="1" changeset="54994452" timestamp="2017-12-28T21:19:22Z" user="MikoBert" uid="5209311" lat="43.7175922" lon="7.2686057"/>
 <node id="5309176963" visible="true" version="3" changeset="99995835" timestamp="2021-02-25T18:05:36Z" user="divulmappeur" uid="8490885" lat="43.7177805" lon="7.2683401"/>
 <node id="5309176964" visible="true" version="2" changeset="89272654" timestamp="2020-08-11T23:47:01Z" user="divulmappeur" uid="8490885" lat="43.7173218" lon="7.2684548"/>
 <node id="5309176965" visible="true" version="1" changeset="54994452" timestamp="2017-12-28T21:19:22Z" user="MikoBert" uid="5209311" lat="43.7172404" lon="7.2685410"/>
 <node id="5309176966" visible="true" version="1" changeset="54994452" timestamp="2017-12-28T21:19:22Z" user="MikoBert" uid="5209311" lat="43.7172537" lon="7.2686118"/>
 <node id="5309176967" visible="true" version="1" changeset="54994452" timestamp="2017-12-28T21:19:22Z" user="MikoBert" uid="5209311" lat="43.7172916" lon="7.2686365"/>
 <node id="5309176968" visible="true" version="1" changeset="54994452" timestamp="2017-12-28T21:19:22Z" user="MikoBert" uid="5209311" lat="43.7173584" lon="7.2687012"/>
 <node id="5309176969" visible="true" version="1" changeset="54994452" timestamp="2017-12-28T21:19:22Z" user="MikoBert" uid="5209311" lat="43.7173896" lon="7.2687998"/>
 <node id="5531183467" visible="true" version="1" changeset="57838743" timestamp="2018-04-05T15:13:22Z" user="rusefkuma" uid="7637564" lat="43.7173568" lon="7.2668737"/>
 <node id="5531183468" visible="true" version="1" changeset="57838743" timestamp="2018-04-05T15:13:22Z" user="rusefkuma" uid="7637564" lat="43.7173364" lon="7.2669113"/>
 <node id="5531183469" visible="true" version="1" changeset="57838743" timestamp="2018-04-05T15:13:22Z" user="rusefkuma" uid="7637564" lat="43.7173402" lon="7.2669174"/>
 <node id="5531183470" visible="true" version="1" changeset="57838743" timestamp="2018-04-05T15:13:22Z" user="rusefkuma" uid="7637564" lat="43.7173506" lon="7.2668728"/>
 <node id="5531183471" visible="true" version="1" changeset="57838743" timestamp="2018-04-05T15:13:22Z" user="rusefkuma" uid="7637564" lat="43.7173446" lon="7.2668749"/>
 <node id="5531183472" visible="true" version="1" changeset="57838743" timestamp="2018-04-05T15:13:22Z" user="rusefkuma" uid="7637564" lat="43.7173394" lon="7.2668796"/>
 <node id="5531183473" visible="true" version="1" changeset="57838743" timestamp="2018-04-05T15:13:22Z" user="rusefkuma" uid="7637564" lat="43.7173357" lon="7.2668865"/>
 <node id="5531183474" visible="true" version="1" changeset="57838743" timestamp="2018-04-05T15:13:22Z" user="rusefkuma" uid="7637564" lat="43.7173338" lon="7.2668947"/>
 <node id="5531183475" visible="true" version="1" changeset="57838743" timestamp="2018-04-05T15:13:22Z" user="rusefkuma" uid="7637564" lat="43.7173340" lon="7.2669033"/>
 <node id="5531183476" visible="true" version="1" changeset="57838743" timestamp="2018-04-05T15:13:22Z" user="rusefkuma" uid="7637564" lat="43.7173453" lon="7.2669216"/>
 <node id="5531183477" visible="true" version="1" changeset="57838743" timestamp="2018-04-05T15:13:22Z" user="rusefkuma" uid="7637564" lat="43.7173510" lon="7.2669233"/>
 <node id="5531183478" visible="true" version="1" changeset="57838743" timestamp="2018-04-05T15:13:22Z" user="rusefkuma" uid="7637564" lat="43.7173568" lon="7.2669224"/>
 <node id="5531183479" visible="true" version="1" changeset="57838743" timestamp="2018-04-05T15:13:22Z" user="rusefkuma" uid="7637564" lat="43.7173621" lon="7.2669190"/>
 <node id="5531183480" visible="true" version="1" changeset="57838743" timestamp="2018-04-05T15:13:22Z" user="rusefkuma" uid="7637564" lat="43.7173664" lon="7.2669134"/>
 <node id="5531183481" visible="true" version="1" changeset="57838743" timestamp="2018-04-05T15:13:22Z" user="rusefkuma" uid="7637564" lat="43.7173692" lon="7.2669063"/>
 <node id="5531183482" visible="true" version="1" changeset="57838743" timestamp="2018-04-05T15:13:22Z" user="rusefkuma" uid="7637564" lat="43.7173702" lon="7.2668983"/>
 <node id="5531183483" visible="true" version="1" changeset="57838743" timestamp="2018-04-05T15:13:22Z" user="rusefkuma" uid="7637564" lat="43.7173693" lon="7.2668903"/>
 <node id="5531183484" visible="true" version="1" changeset="57838743" timestamp="2018-04-05T15:13:22Z" user="rusefkuma" uid="7637564" lat="43.7173666" lon="7.2668830"/>
 <node id="5531183485" visible="true" version="1" changeset="57838743" timestamp="2018-04-05T15:13:22Z" user="rusefkuma" uid="7637564" lat="43.7171111" lon="7.2662191"/>
 <node id="5531183486" visible="true" version="1" changeset="57838743" timestamp="2018-04-05T15:13:22Z" user="rusefkuma" uid="7637564" lat="43.7171167" lon="7.2662207"/>
 <node id="5531183487" visible="true" version="1" changeset="57838743" timestamp="2018-04-05T15:13:22Z" user="rusefkuma" uid="7637564" lat="43.7171224" lon="7.2662197"/>
 <node id="5531183488" visible="true" version="1" changeset="57838743" timestamp="2018-04-05T15:13:22Z" user="rusefkuma" uid="7637564" lat="43.7171276" lon="7.2662163"/>
 <node id="5531183489" visible="true" version="1" changeset="57838743" timestamp="2018-04-05T15:13:22Z" user="rusefkuma" uid="7637564" lat="43.7171318" lon="7.2662109"/>
 <node id="5531183490" visible="true" version="1" changeset="57838743" timestamp="2018-04-05T15:13:22Z" user="rusefkuma" uid="7637564" lat="43.7171345" lon="7.2662039"/>
 <node id="5531183491" visible="true" version="1" changeset="57838743" timestamp="2018-04-05T15:13:22Z" user="rusefkuma" uid="7637564" lat="43.7171355" lon="7.2661961"/>
 <node id="5531183492" visible="true" version="1" changeset="57838743" timestamp="2018-04-05T15:13:22Z" user="rusefkuma" uid="7637564" lat="43.7171347" lon="7.2661883"/>
 <node id="5531183493" visible="true" version="1" changeset="57838743" timestamp="2018-04-05T15:13:22Z" user="rusefkuma" uid="7637564" lat="43.7171322" lon="7.2661812"/>
 <node id="5531183494" visible="true" version="1" changeset="57838743" timestamp="2018-04-05T15:13:22Z" user="rusefkuma" uid="7637564" lat="43.7171281" lon="7.2661755"/>
 <node id="5531183495" visible="true" version="1" changeset="57838743" timestamp="2018-04-05T15:13:22Z" user="rusefkuma" uid="7637564" lat="43.7171226" lon="7.2661717"/>
 <node id="5531183496" visible="true" version="1" changeset="57838743" timestamp="2018-04-05T15:13:23Z" user="rusefkuma" uid="7637564" lat="43.7171165" lon="7.2661707"/>
 <node id="5531183497" visible="true" version="1" changeset="57838743" timestamp="2018-04-05T15:13:23Z" user="rusefkuma" uid="7637564" lat="43.7171105" lon="7.2661725"/>
 <node id="5531183498" visible="true" version="1" changeset="57838743" timestamp="2018-04-05T15:13:23Z" user="rusefkuma" uid="7637564" lat="43.7171053" lon="7.2661771"/>
 <node id="5531183499" visible="true" version="1" changeset="57838743" timestamp="2018-04-05T15:13:23Z" user="rusefkuma" uid="7637564" lat="43.7171015" lon="7.2661838"/>
 <node id="5531183500" visible="true" version="1" changeset="57838743" timestamp="2018-04-05T15:13:23Z" user="rusefkuma" uid="7637564" lat="43.7170995" lon="7.2661918"/>
 <node id="5531183501" visible="true" version="1" changeset="57838743" timestamp="2018-04-05T15:13:23Z" user="rusefkuma" uid="7637564" lat="43.7170996" lon="7.2662003"/>
 <node id="5531183502" visible="true" version="1" changeset="57838743" timestamp="2018-04-05T15:13:23Z" user="rusefkuma" uid="7637564" lat="43.7171018" lon="7.2662083"/>
 <node id="5531183503" visible="true" version="1" changeset="57838743" timestamp="2018-04-05T15:13:23Z" user="rusefkuma" uid="7637564" lat="43.7171058" lon="7.2662148"/>
 <node id="5531189782" visible="true" version="1" changeset="57838818" timestamp="2018-04-05T15:16:47Z" user="rusefkuma" uid="7637564" lat="43.7164713" lon="7.2667266"/>
 <node id="5531189783" visible="true" version="1" changeset="57838818" timestamp="2018-04-05T15:16:47Z" user="rusefkuma" uid="7637564" lat="43.7164824" lon="7.2667288"/>
 <node id="5531189784" visible="true" version="1" changeset="57838818" timestamp="2018-04-05T15:16:47Z" user="rusefkuma" uid="7637564" lat="43.7164936" lon="7.2667267"/>
 <node id="5531189785" visible="true" version="1" changeset="57838818" timestamp="2018-04-05T15:16:47Z" user="rusefkuma" uid="7637564" lat="43.7165039" lon="7.2667204"/>
 <node id="5531189786" visible="true" version="1" changeset="57838818" timestamp="2018-04-05T15:16:47Z" user="rusefkuma" uid="7637564" lat="43.7165125" lon="7.2667105"/>
 <node id="5531189787" visible="true" version="1" changeset="57838818" timestamp="2018-04-05T15:16:47Z" user="rusefkuma" uid="7637564" lat="43.7165189" lon="7.2666977"/>
 <node id="5531189788" visible="true" version="1" changeset="57838818" timestamp="2018-04-05T15:16:47Z" user="rusefkuma" uid="7637564" lat="43.7165225" lon="7.2666829"/>
 <node id="5531189789" visible="true" version="1" changeset="57838818" timestamp="2018-04-05T15:16:47Z" user="rusefkuma" uid="7637564" lat="43.7165230" lon="7.2666674"/>
 <node id="5531189790" visible="true" version="1" changeset="57838818" timestamp="2018-04-05T15:16:47Z" user="rusefkuma" uid="7637564" lat="43.7165204" lon="7.2666523"/>
 <node id="5531189791" visible="true" version="1" changeset="57838818" timestamp="2018-04-05T15:16:47Z" user="rusefkuma" uid="7637564" lat="43.7165139" lon="7.2666369"/>
 <node id="5531189792" visible="true" version="1" changeset="57838818" timestamp="2018-04-05T15:16:47Z" user="rusefkuma" uid="7637564" lat="43.7165042" lon="7.2666251"/>
 <node id="5531189793" visible="true" version="1" changeset="57838818" timestamp="2018-04-05T15:16:47Z" user="rusefkuma" uid="7637564" lat="43.7164924" lon="7.2666181"/>
 <node id="5531189794" visible="true" version="1" changeset="57838818" timestamp="2018-04-05T15:16:47Z" user="rusefkuma" uid="7637564" lat="43.7164795" lon="7.2666166"/>
 <node id="5531189795" visible="true" version="1" changeset="57838818" timestamp="2018-04-05T15:16:47Z" user="rusefkuma" uid="7637564" lat="43.7164670" lon="7.2666207"/>
 <node id="5531189796" visible="true" version="1" changeset="57838818" timestamp="2018-04-05T15:16:47Z" user="rusefkuma" uid="7637564" lat="43.7164560" lon="7.2666301"/>
 <node id="5531189797" visible="true" version="1" changeset="57838818" timestamp="2018-04-05T15:16:47Z" user="rusefkuma" uid="7637564" lat="43.7164477" lon="7.2666437"/>
 <node id="5531189798" visible="true" version="1" changeset="57838818" timestamp="2018-04-05T15:16:47Z" user="rusefkuma" uid="7637564" lat="43.7164429" lon="7.2666603"/>
 <node id="5531189799" visible="true" version="1" changeset="57838818" timestamp="2018-04-05T15:16:47Z" user="rusefkuma" uid="7637564" lat="43.7164421" lon="7.2666781"/>
 <node id="5531189800" visible="true" version="1" changeset="57838818" timestamp="2018-04-05T15:16:47Z" user="rusefkuma" uid="7637564" lat="43.7164454" lon="7.2666953"/>
 <node id="5531189801" visible="true" version="1" changeset="57838818" timestamp="2018-04-05T15:16:47Z" user="rusefkuma" uid="7637564" lat="43.7164524" lon="7.2667103"/>
 <node id="5531189802" visible="true" version="1" changeset="57838818" timestamp="2018-04-05T15:16:47Z" user="rusefkuma" uid="7637564" lat="43.7164610" lon="7.2667203"/>
 <node id="5531189803" visible="true" version="1" changeset="57838818" timestamp="2018-04-05T15:16:47Z" user="rusefkuma" uid="7637564" lat="43.7160774" lon="7.2662024"/>
 <node id="5531189804" visible="true" version="1" changeset="57838818" timestamp="2018-04-05T15:16:47Z" user="rusefkuma" uid="7637564" lat="43.7160888" lon="7.2662163"/>
 <node id="5531189805" visible="true" version="1" changeset="57838818" timestamp="2018-04-05T15:16:47Z" user="rusefkuma" uid="7637564" lat="43.7161028" lon="7.2662244"/>
 <node id="5531189806" visible="true" version="1" changeset="57838818" timestamp="2018-04-05T15:16:47Z" user="rusefkuma" uid="7637564" lat="43.7161180" lon="7.2662258"/>
 <node id="5531189807" visible="true" version="1" changeset="57838818" timestamp="2018-04-05T15:16:47Z" user="rusefkuma" uid="7637564" lat="43.7161326" lon="7.2662203"/>
 <node id="5531189808" visible="true" version="1" changeset="57838818" timestamp="2018-04-05T15:16:47Z" user="rusefkuma" uid="7637564" lat="43.7161452" lon="7.2662086"/>
 <node id="5531189809" visible="true" version="1" changeset="57838818" timestamp="2018-04-05T15:16:47Z" user="rusefkuma" uid="7637564" lat="43.7161544" lon="7.2661919"/>
 <node id="5531189810" visible="true" version="1" changeset="57838818" timestamp="2018-04-05T15:16:47Z" user="rusefkuma" uid="7637564" lat="43.7161592" lon="7.2661720"/>
 <node id="5531189811" visible="true" version="1" changeset="57838818" timestamp="2018-04-05T15:16:47Z" user="rusefkuma" uid="7637564" lat="43.7161591" lon="7.2661510"/>
 <node id="5531189812" visible="true" version="1" changeset="57838818" timestamp="2018-04-05T15:16:47Z" user="rusefkuma" uid="7637564" lat="43.7161541" lon="7.2661311"/>
 <node id="5531189813" visible="true" version="1" changeset="57838818" timestamp="2018-04-05T15:16:47Z" user="rusefkuma" uid="7637564" lat="43.7161320" lon="7.2661032"/>
 <node id="5531189814" visible="true" version="1" changeset="57838818" timestamp="2018-04-05T15:16:47Z" user="rusefkuma" uid="7637564" lat="43.7161212" lon="7.2660987"/>
 <node id="5531189815" visible="true" version="1" changeset="57838818" timestamp="2018-04-05T15:16:47Z" user="rusefkuma" uid="7637564" lat="43.7161100" lon="7.2660980"/>
 <node id="5531189816" visible="true" version="1" changeset="57838818" timestamp="2018-04-05T15:16:47Z" user="rusefkuma" uid="7637564" lat="43.7160990" lon="7.2661010"/>
 <node id="5531189817" visible="true" version="1" changeset="57838818" timestamp="2018-04-05T15:16:47Z" user="rusefkuma" uid="7637564" lat="43.7160889" lon="7.2661075"/>
 <node id="5531189818" visible="true" version="1" changeset="57838818" timestamp="2018-04-05T15:16:47Z" user="rusefkuma" uid="7637564" lat="43.7160802" lon="7.2661173"/>
 <node id="5531189819" visible="true" version="1" changeset="57838818" timestamp="2018-04-05T15:16:47Z" user="rusefkuma" uid="7637564" lat="43.7160734" lon="7.2661296"/>
 <node id="5531189820" visible="true" version="1" changeset="57838818" timestamp="2018-04-05T15:16:47Z" user="rusefkuma" uid="7637564" lat="43.7160689" lon="7.2661438"/>
 <node id="5531190221" visible="true" version="1" changeset="57838818" timestamp="2018-04-05T15:16:47Z" user="rusefkuma" uid="7637564" lat="43.7160671" lon="7.2661591"/>
 <node id="5531190222" visible="true" version="1" changeset="57838818" timestamp="2018-04-05T15:16:47Z" user="rusefkuma" uid="7637564" lat="43.7160680" lon="7.2661746"/>
 <node id="5531190223" visible="true" version="1" changeset="57838818" timestamp="2018-04-05T15:16:47Z" user="rusefkuma" uid="7637564" lat="43.7160715" lon="7.2661893"/>
 <node id="5531190224" visible="true" version="1" changeset="57838818" timestamp="2018-04-05T15:16:47Z" user="rusefkuma" uid="7637564" lat="43.7161447" lon="7.2661146"/>
 <node id="5531190225" visible="true" version="1" changeset="57838818" timestamp="2018-04-05T15:16:47Z" user="rusefkuma" uid="7637564" lat="43.7174108" lon="7.2684208"/>
 <node id="5531190226" visible="true" version="1" changeset="57838818" timestamp="2018-04-05T15:16:47Z" user="rusefkuma" uid="7637564" lat="43.7174203" lon="7.2684272"/>
 <node id="5531190227" visible="true" version="1" changeset="57838818" timestamp="2018-04-05T15:16:47Z" user="rusefkuma" uid="7637564" lat="43.7174308" lon="7.2684289"/>
 <node id="5531190228" visible="true" version="1" changeset="57838818" timestamp="2018-04-05T15:16:47Z" user="rusefkuma" uid="7637564" lat="43.7174387" lon="7.2684270"/>
 <node id="5531190229" visible="true" version="1" changeset="57838818" timestamp="2018-04-05T15:16:47Z" user="rusefkuma" uid="7637564" lat="43.7174460" lon="7.2684223"/>
 <node id="5531190230" visible="true" version="1" changeset="57838818" timestamp="2018-04-05T15:16:47Z" user="rusefkuma" uid="7637564" lat="43.7174523" lon="7.2684153"/>
 <node id="5531190231" visible="true" version="1" changeset="57838818" timestamp="2018-04-05T15:16:47Z" user="rusefkuma" uid="7637564" lat="43.7174571" lon="7.2684063"/>
 <node id="5531190232" visible="true" version="1" changeset="57838818" timestamp="2018-04-05T15:16:47Z" user="rusefkuma" uid="7637564" lat="43.7174601" lon="7.2683960"/>
 <node id="5531190233" visible="true" version="1" changeset="57838818" timestamp="2018-04-05T15:16:47Z" user="rusefkuma" uid="7637564" lat="43.7174611" lon="7.2683849"/>
 <node id="5531190234" visible="true" version="1" changeset="57838818" timestamp="2018-04-05T15:16:48Z" user="rusefkuma" uid="7637564" lat="43.7174601" lon="7.2683739"/>
 <node id="5531190235" visible="true" version="1" changeset="57838818" timestamp="2018-04-05T15:16:48Z" user="rusefkuma" uid="7637564" lat="43.7174571" lon="7.2683635"/>
 <node id="5531190236" visible="true" version="1" changeset="57838818" timestamp="2018-04-05T15:16:48Z" user="rusefkuma" uid="7637564" lat="43.7174523" lon="7.2683546"/>
 <node id="5531190237" visible="true" version="1" changeset="57838818" timestamp="2018-04-05T15:16:48Z" user="rusefkuma" uid="7637564" lat="43.7174439" lon="7.2683458"/>
 <node id="5531190238" visible="true" version="1" changeset="57838818" timestamp="2018-04-05T15:16:48Z" user="rusefkuma" uid="7637564" lat="43.7174338" lon="7.2683413"/>
 <node id="5531190239" visible="true" version="1" changeset="57838818" timestamp="2018-04-05T15:16:48Z" user="rusefkuma" uid="7637564" lat="43.7174233" lon="7.2683416"/>
 <node id="5531190240" visible="true" version="1" changeset="57838818" timestamp="2018-04-05T15:16:48Z" user="rusefkuma" uid="7637564" lat="43.7174134" lon="7.2683467"/>
 <node id="5531190241" visible="true" version="1" changeset="57838818" timestamp="2018-04-05T15:16:48Z" user="rusefkuma" uid="7637564" lat="43.7174052" lon="7.2683560"/>
 <node id="5531190242" visible="true" version="1" changeset="57838818" timestamp="2018-04-05T15:16:48Z" user="rusefkuma" uid="7637564" lat="43.7173997" lon="7.2683685"/>
 <node id="5531190243" visible="true" version="1" changeset="57838818" timestamp="2018-04-05T15:16:48Z" user="rusefkuma" uid="7637564" lat="43.7173975" lon="7.2683828"/>
 <node id="5531190244" visible="true" version="1" changeset="57838818" timestamp="2018-04-05T15:16:48Z" user="rusefkuma" uid="7637564" lat="43.7173987" lon="7.2683973"/>
 <node id="5531190245" visible="true" version="1" changeset="57838818" timestamp="2018-04-05T15:16:48Z" user="rusefkuma" uid="7637564" lat="43.7174033" lon="7.2684104"/>
 <node id="5725489015" visible="true" version="1" changeset="60245949" timestamp="2018-06-28T11:28:41Z" user="MikoBert" uid="5209311" lat="43.7174345" lon="7.2688825"/>
 <node id="5725489016" visible="true" version="1" changeset="60245949" timestamp="2018-06-28T11:28:41Z" user="MikoBert" uid="5209311" lat="43.7177446" lon="7.2691829"/>
 <node id="5725489017" visible="true" version="1" changeset="60245949" timestamp="2018-06-28T11:28:41Z" user="MikoBert" uid="5209311" lat="43.7178881" lon="7.2690005"/>
 <node id="5725489018" visible="true" version="1" changeset="60245949" timestamp="2018-06-28T11:28:41Z" user="MikoBert" uid="5209311" lat="43.7178532" lon="7.2687699"/>
 <node id="5725489019" visible="true" version="1" changeset="60245949" timestamp="2018-06-28T11:28:41Z" user="MikoBert" uid="5209311" lat="43.7177243" lon="7.2683420"/>
 <node id="5725489020" visible="true" version="2" changeset="99995835" timestamp="2021-02-25T18:05:36Z" user="divulmappeur" uid="8490885" lat="43.7173819" lon="7.2679195"/>
 <node id="5725490221" visible="true" version="2" changeset="99995835" timestamp="2021-02-25T18:05:36Z" user="divulmappeur" uid="8490885" lat="43.7172890" lon="7.2679501"/>
 <node id="5725490223" visible="true" version="2" changeset="99995835" timestamp="2021-02-25T18:05:36Z" user="divulmappeur" uid="8490885" lat="43.7170949" lon="7.2682379"/>
 <node id="5725490224" visible="true" version="1" changeset="60245949" timestamp="2018-06-28T11:28:41Z" user="MikoBert" uid="5209311" lat="43.7169985" lon="7.2682973"/>
 <node id="5725490225" visible="true" version="1" changeset="60245949" timestamp="2018-06-28T11:28:41Z" user="MikoBert" uid="5209311" lat="43.7168663" lon="7.2682648"/>
 <node id="5725490226" visible="true" version="1" changeset="60245949" timestamp="2018-06-28T11:28:41Z" user="MikoBert" uid="5209311" lat="43.7174181" lon="7.2678556"/>
 <node id="5725490227" visible="true" version="1" changeset="60245949" timestamp="2018-06-28T11:28:41Z" user="MikoBert" uid="5209311" lat="43.7177748" lon="7.2682580"/>
 <node id="5725490228" visible="true" version="1" changeset="60245949" timestamp="2018-06-28T11:28:41Z" user="MikoBert" uid="5209311" lat="43.7179416" lon="7.2688373"/>
 <node id="5725490229" visible="true" version="1" changeset="60245949" timestamp="2018-06-28T11:28:41Z" user="MikoBert" uid="5209311" lat="43.7179493" lon="7.2690197"/>
 <node id="5725490230" visible="true" version="2" changeset="99995835" timestamp="2021-02-25T18:05:36Z" user="divulmappeur" uid="8490885" lat="43.7178049" lon="7.2692702"/>
 <node id="5725490244" visible="true" version="1" changeset="60245949" timestamp="2018-06-28T11:28:42Z" user="MikoBert" uid="5209311" lat="43.7174763" lon="7.2659727"/>
 <node id="5725490245" visible="true" version="1" changeset="60245949" timestamp="2018-06-28T11:28:42Z" user="MikoBert" uid="5209311" lat="43.7171579" lon="7.2657657"/>
 <node id="5725490246" visible="true" version="3" changeset="128962772" timestamp="2022-11-15T23:08:00Z" user="divulmappeur" uid="8490885" lat="43.7170924" lon="7.2663659"/>
 <node id="5725490251" visible="true" version="1" changeset="60245949" timestamp="2018-06-28T11:28:42Z" user="MikoBert" uid="5209311" lat="43.7176081" lon="7.2674158"/>
 <node id="5725490252" visible="true" version="1" changeset="60245949" timestamp="2018-06-28T11:28:42Z" user="MikoBert" uid="5209311" lat="43.7175383" lon="7.2676518"/>
 <node id="6984373969" visible="true" version="3" changeset="146365658" timestamp="2024-01-17T13:51:14Z" user="Snusmumriken" uid="76269" lat="43.7192893" lon="7.2655041">
  <tag k="bus" v="yes"/>
  <tag k="name" v="Les Lilas"/>
  <tag k="public_transport" v="stop_position"/>
 </node>
 <node id="6984373970" visible="true" version="3" changeset="146365658" timestamp="2024-01-17T13:51:14Z" user="Snusmumriken" uid="76269" lat="43.7180813" lon="7.2643926">
  <tag k="bus" v="yes"/>
  <tag k="name" v="Val Fleuri"/>
  <tag k="public_transport" v="stop_position"/>
 </node>
 <node id="6984373972" visible="true" version="3" changeset="146365658" timestamp="2024-01-17T13:51:14Z" user="Snusmumriken" uid="76269" lat="43.7168927" lon="7.2638521">
  <tag k="bus" v="yes"/>
  <tag k="name" v="Val Fleuri"/>
  <tag k="public_transport" v="stop_position"/>
 </node>
 <node id="7310643243" visible="true" version="4" changeset="165747540" timestamp="2025-05-03T08:06:48Z" user="Fabimaru" uid="324552" lat="43.7159751" lon="7.2655617">
  <tag k="amenity" v="bicycle_parking"/>
  <tag k="bicycle_parking" v="wall_loops"/>
  <tag k="capacity" v="12"/>
  <tag k="covered" v="no"/>
 </node>
 <node id="7310643244" visible="true" version="3" changeset="115436178" timestamp="2021-12-27T17:16:23Z" user="divulmappeur" uid="8490885" lat="43.7172980" lon="7.2655585">
  <tag k="access" v="permit"/>
  <tag k="amenity" v="bicycle_parking"/>
  <tag k="bicycle_parking" v="wall_loops"/>
  <tag k="capacity" v="12"/>
  <tag k="covered" v="no"/>
  <tag k="fee" v="no"/>
 </node>
 <node id="7502881372" visible="true" version="3" changeset="156004848" timestamp="2024-08-31T09:33:02Z" user="Fabimaru" uid="324552" lat="43.7183960" lon="7.2631345">
  <tag k="crossing" v="marked"/>
  <tag k="highway" v="crossing"/>
  <tag k="kerb" v="lowered"/>
  <tag k="tactile_paving" v="yes"/>
 </node>
 <node id="7738379041" visible="true" version="3" changeset="136502497" timestamp="2023-05-24T14:09:01Z" user="Snusmumriken" uid="76269" lat="43.7157832" lon="7.2653107">
  <tag k="bus" v="yes"/>
  <tag k="name" v="Valrose"/>
  <tag k="public_transport" v="stop_position"/>
 </node>
 <node id="7738379042" visible="true" version="3" changeset="166114840" timestamp="2025-05-11T15:44:50Z" user="EnderHero" uid="6378179" lat="43.7158289" lon="7.2653126">
  <tag k="barrier" v="gate"/>
 </node>
 <node id="7738379043" visible="true" version="7" changeset="156598774" timestamp="2024-09-14T07:22:24Z" user="Nzau" uid="15118949" lat="43.7157971" lon="7.2644321">
  <tag k="crossing" v="uncontrolled"/>
  <tag k="crossing:island" v="no"/>
  <tag k="crossing:markings" v="zebra"/>
  <tag k="highway" v="crossing"/>
  <tag k="kerb" v="lowered"/>
  <tag k="tactile_paving" v="yes"/>
 </node>
 <node id="7804989131" visible="true" version="4" changeset="155912181" timestamp="2024-08-29T06:52:10Z" user="Pyb" uid="150474" lat="43.7167264" lon="7.2655456">
  <tag k="crossing" v="marked"/>
  <tag k="crossing:island" v="no"/>
  <tag k="highway" v="crossing"/>
  <tag k="kerb" v="lowered"/>
  <tag k="tactile_paving" v="no"/>
 </node>
 <node id="7805104455" visible="true" version="1" changeset="89272654" timestamp="2020-08-11T23:47:01Z" user="divulmappeur" uid="8490885" lat="43.7179645" lon="7.2675053"/>
 <node id="7805104456" visible="true" version="2" changeset="99995835" timestamp="2021-02-25T18:05:36Z" user="divulmappeur" uid="8490885" lat="43.7180642" lon="7.2683679"/>
 <node id="7805104457" visible="true" version="2" changeset="99995835" timestamp="2021-02-25T18:05:36Z" user="divulmappeur" uid="8490885" lat="43.7181464" lon="7.2685323"/>
 <node id="7805104458" visible="true" version="1" changeset="89272654" timestamp="2020-08-11T23:47:01Z" user="divulmappeur" uid="8490885" lat="43.7182907" lon="7.2691384"/>
 <node id="7805104459" visible="true" version="1" changeset="89272654" timestamp="2020-08-11T23:47:01Z" user="divulmappeur" uid="8490885" lat="43.7179673" lon="7.2678584">
  <tag k="leisure" v="picnic_table"/>
 </node>
 <node id="7805104460" visible="true" version="1" changeset="89272654" timestamp="2020-08-11T23:47:01Z" user="divulmappeur" uid="8490885" lat="43.7179620" lon="7.2679056">
  <tag k="leisure" v="picnic_table"/>
 </node>
 <node id="7805104461" visible="true" version="1" changeset="89272654" timestamp="2020-08-11T23:47:01Z" user="divulmappeur" uid="8490885" lat="43.7179542" lon="7.2679455">
  <tag k="leisure" v="picnic_table"/>
 </node>
 <node id="7805104462" visible="true" version="1" changeset="89272654" timestamp="2020-08-11T23:47:01Z" user="divulmappeur" uid="8490885" lat="43.7179376" lon="7.2679758">
  <tag k="leisure" v="picnic_table"/>
 </node>
 <node id="7805104463" visible="true" version="1" changeset="89272654" timestamp="2020-08-11T23:47:01Z" user="divulmappeur" uid="8490885" lat="43.7179376" lon="7.2678645">
  <tag k="leisure" v="picnic_table"/>
 </node>
 <node id="7805104464" visible="true" version="1" changeset="89272654" timestamp="2020-08-11T23:47:01Z" user="divulmappeur" uid="8490885" lat="43.7179376" lon="7.2679056">
  <tag k="leisure" v="picnic_table"/>
 </node>
 <node id="7805104465" visible="true" version="1" changeset="89272654" timestamp="2020-08-11T23:47:01Z" user="divulmappeur" uid="8490885" lat="43.7178739" lon="7.2677876">
  <tag k="entrance" v="yes"/>
 </node>
 <node id="7805104466" visible="true" version="1" changeset="89272654" timestamp="2020-08-11T23:47:01Z" user="divulmappeur" uid="8490885" lat="43.7179001" lon="7.2677491"/>
 <node id="7805104467" visible="true" version="1" changeset="89272654" timestamp="2020-08-11T23:47:01Z" user="divulmappeur" uid="8490885" lat="43.7179150" lon="7.2677068"/>
 <node id="7805104468" visible="true" version="1" changeset="89272654" timestamp="2020-08-11T23:47:01Z" user="divulmappeur" uid="8490885" lat="43.7179229" lon="7.2676753"/>
 <node id="7805104469" visible="true" version="1" changeset="89272654" timestamp="2020-08-11T23:47:01Z" user="divulmappeur" uid="8490885" lat="43.7179283" lon="7.2676324"/>
 <node id="7805104470" visible="true" version="1" changeset="89272654" timestamp="2020-08-11T23:47:01Z" user="divulmappeur" uid="8490885" lat="43.7179255" lon="7.2675822"/>
 <node id="7805104471" visible="true" version="1" changeset="89272654" timestamp="2020-08-11T23:47:01Z" user="divulmappeur" uid="8490885" lat="43.7178040" lon="7.2676859"/>
 <node id="7805104472" visible="true" version="1" changeset="89272654" timestamp="2020-08-11T23:47:01Z" user="divulmappeur" uid="8490885" lat="43.7176961" lon="7.2676670"/>
 <node id="7805104474" visible="true" version="1" changeset="89272654" timestamp="2020-08-11T23:47:01Z" user="divulmappeur" uid="8490885" lat="43.7173617" lon="7.2668575"/>
 <node id="7805104477" visible="true" version="1" changeset="89272654" timestamp="2020-08-11T23:47:01Z" user="divulmappeur" uid="8490885" lat="43.7173310" lon="7.2669294"/>
 <node id="7805104478" visible="true" version="1" changeset="89272654" timestamp="2020-08-11T23:47:01Z" user="divulmappeur" uid="8490885" lat="43.7173250" lon="7.2669195"/>
 <node id="7805104479" visible="true" version="1" changeset="89272654" timestamp="2020-08-11T23:47:01Z" user="divulmappeur" uid="8490885" lat="43.7173214" lon="7.2669074"/>
 <node id="7805104480" visible="true" version="1" changeset="89272654" timestamp="2020-08-11T23:47:01Z" user="divulmappeur" uid="8490885" lat="43.7173688" lon="7.2669324"/>
 <node id="7805104481" visible="true" version="1" changeset="89272654" timestamp="2020-08-11T23:47:01Z" user="divulmappeur" uid="8490885" lat="43.7173700" lon="7.2668638"/>
 <node id="7805104482" visible="true" version="1" changeset="89272654" timestamp="2020-08-11T23:47:01Z" user="divulmappeur" uid="8490885" lat="43.7173765" lon="7.2668733"/>
 <node id="7805104483" visible="true" version="1" changeset="89272654" timestamp="2020-08-11T23:47:01Z" user="divulmappeur" uid="8490885" lat="43.7173806" lon="7.2668851"/>
 <node id="7805104484" visible="true" version="1" changeset="89272654" timestamp="2020-08-11T23:47:01Z" user="divulmappeur" uid="8490885" lat="43.7173820" lon="7.2668980"/>
 <node id="7805118185" visible="true" version="1" changeset="89272654" timestamp="2020-08-11T23:47:01Z" user="divulmappeur" uid="8490885" lat="43.7173804" lon="7.2669109"/>
 <node id="7805118186" visible="true" version="1" changeset="89272654" timestamp="2020-08-11T23:47:01Z" user="divulmappeur" uid="8490885" lat="43.7173596" lon="7.2669384"/>
 <node id="7805118187" visible="true" version="1" changeset="89272654" timestamp="2020-08-11T23:47:01Z" user="divulmappeur" uid="8490885" lat="43.7173495" lon="7.2669399"/>
 <node id="7805118188" visible="true" version="1" changeset="89272654" timestamp="2020-08-11T23:47:01Z" user="divulmappeur" uid="8490885" lat="43.7173396" lon="7.2669368"/>
 <node id="7805118189" visible="true" version="1" changeset="89272654" timestamp="2020-08-11T23:47:01Z" user="divulmappeur" uid="8490885" lat="43.7173206" lon="7.2668945"/>
 <node id="7805118190" visible="true" version="1" changeset="89272654" timestamp="2020-08-11T23:47:01Z" user="divulmappeur" uid="8490885" lat="43.7173227" lon="7.2668818"/>
 <node id="7805118191" visible="true" version="1" changeset="89272654" timestamp="2020-08-11T23:47:01Z" user="divulmappeur" uid="8490885" lat="43.7173275" lon="7.2668706"/>
 <node id="7805118192" visible="true" version="1" changeset="89272654" timestamp="2020-08-11T23:47:01Z" user="divulmappeur" uid="8490885" lat="43.7173345" lon="7.2668619"/>
 <node id="7805118193" visible="true" version="1" changeset="89272654" timestamp="2020-08-11T23:47:01Z" user="divulmappeur" uid="8490885" lat="43.7173430" lon="7.2668565"/>
 <node id="7805118195" visible="true" version="1" changeset="89272654" timestamp="2020-08-11T23:47:01Z" user="divulmappeur" uid="8490885" lat="43.7171656" lon="7.2663483"/>
 <node id="7805118196" visible="true" version="1" changeset="89272654" timestamp="2020-08-11T23:47:01Z" user="divulmappeur" uid="8490885" lat="43.7171196" lon="7.2663598"/>
 <node id="7805118197" visible="true" version="1" changeset="89272654" timestamp="2020-08-11T23:47:01Z" user="divulmappeur" uid="8490885" lat="43.7175270" lon="7.2663293"/>
 <node id="7805118198" visible="true" version="1" changeset="89272654" timestamp="2020-08-11T23:47:01Z" user="divulmappeur" uid="8490885" lat="43.7176723" lon="7.2664462"/>
 <node id="7805118199" visible="true" version="1" changeset="89272654" timestamp="2020-08-11T23:47:01Z" user="divulmappeur" uid="8490885" lat="43.7163693" lon="7.2666073"/>
 <node id="7805118200" visible="true" version="1" changeset="89272654" timestamp="2020-08-11T23:47:01Z" user="divulmappeur" uid="8490885" lat="43.7178060" lon="7.2672998">
  <tag k="barrier" v="gate"/>
 </node>
 <node id="7805118201" visible="true" version="2" changeset="99995835" timestamp="2021-02-25T18:05:36Z" user="divulmappeur" uid="8490885" lat="43.7176933" lon="7.2672302"/>
 <node id="7805118202" visible="true" version="1" changeset="89272654" timestamp="2020-08-11T23:47:01Z" user="divulmappeur" uid="8490885" lat="43.7181663" lon="7.2671836"/>
 <node id="7805118203" visible="true" version="1" changeset="89272654" timestamp="2020-08-11T23:47:01Z" user="divulmappeur" uid="8490885" lat="43.7181347" lon="7.2672509"/>
 <node id="7805118204" visible="true" version="1" changeset="89272654" timestamp="2020-08-11T23:47:01Z" user="divulmappeur" uid="8490885" lat="43.7181056" lon="7.2672964"/>
 <node id="7805118205" visible="true" version="1" changeset="89272654" timestamp="2020-08-11T23:47:01Z" user="divulmappeur" uid="8490885" lat="43.7180569" lon="7.2673759"/>
 <node id="7805118206" visible="true" version="1" changeset="89272654" timestamp="2020-08-11T23:47:01Z" user="divulmappeur" uid="8490885" lat="43.7180670" lon="7.2674447"/>
 <node id="7805118207" visible="true" version="1" changeset="89272654" timestamp="2020-08-11T23:47:01Z" user="divulmappeur" uid="8490885" lat="43.7180423" lon="7.2675191"/>
 <node id="7805118208" visible="true" version="1" changeset="89272654" timestamp="2020-08-11T23:47:01Z" user="divulmappeur" uid="8490885" lat="43.7179781" lon="7.2675524"/>
 <node id="7805118209" visible="true" version="1" changeset="89272654" timestamp="2020-08-11T23:47:01Z" user="divulmappeur" uid="8490885" lat="43.7181405" lon="7.2680097"/>
 <node id="7805118210" visible="true" version="1" changeset="89272654" timestamp="2020-08-11T23:47:01Z" user="divulmappeur" uid="8490885" lat="43.7183167" lon="7.2679835"/>
 <node id="7805118211" visible="true" version="1" changeset="89272654" timestamp="2020-08-11T23:47:01Z" user="divulmappeur" uid="8490885" lat="43.7182443" lon="7.2679724"/>
 <node id="7805118212" visible="true" version="1" changeset="89272654" timestamp="2020-08-11T23:47:01Z" user="divulmappeur" uid="8490885" lat="43.7173764" lon="7.2665725">
  <tag k="amenity" v="vending_machine"/>
  <tag k="vending" v="coffee"/>
 </node>
 <node id="7805118213" visible="true" version="1" changeset="89272654" timestamp="2020-08-11T23:47:01Z" user="divulmappeur" uid="8490885" lat="43.7173601" lon="7.2665658">
  <tag k="amenity" v="vending_machine"/>
  <tag k="vending" v="sweets;food;water;chewing_gums;drinks"/>
 </node>
 <node id="7805118214" visible="true" version="1" changeset="89272654" timestamp="2020-08-11T23:47:01Z" user="divulmappeur" uid="8490885" lat="43.7174948" lon="7.2667519"/>
 <node id="7805118215" visible="true" version="1" changeset="89272654" timestamp="2020-08-11T23:47:01Z" user="divulmappeur" uid="8490885" lat="43.7175980" lon="7.2668575"/>
 <node id="7805118216" visible="true" version="1" changeset="89272654" timestamp="2020-08-11T23:47:01Z" user="divulmappeur" uid="8490885" lat="43.7176765" lon="7.2669993"/>
 <node id="7805118217" visible="true" version="1" changeset="89272654" timestamp="2020-08-11T23:47:01Z" user="divulmappeur" uid="8490885" lat="43.7177260" lon="7.2671643"/>
 <node id="7805118219" visible="true" version="1" changeset="89272654" timestamp="2020-08-11T23:47:01Z" user="divulmappeur" uid="8490885" lat="43.7174081" lon="7.2669533"/>
 <node id="7805118220" visible="true" version="1" changeset="89272654" timestamp="2020-08-11T23:47:01Z" user="divulmappeur" uid="8490885" lat="43.7175871" lon="7.2672860"/>
 <node id="7805118221" visible="true" version="1" changeset="89272654" timestamp="2020-08-11T23:47:01Z" user="divulmappeur" uid="8490885" lat="43.7176504" lon="7.2672628"/>
 <node id="7805118222" visible="true" version="1" changeset="89272654" timestamp="2020-08-11T23:47:01Z" user="divulmappeur" uid="8490885" lat="43.7167400" lon="7.2666056"/>
 <node id="7805118223" visible="true" version="1" changeset="89272654" timestamp="2020-08-11T23:47:01Z" user="divulmappeur" uid="8490885" lat="43.7167543" lon="7.2666988"/>
 <node id="7805118224" visible="true" version="1" changeset="89272654" timestamp="2020-08-11T23:47:01Z" user="divulmappeur" uid="8490885" lat="43.7167604" lon="7.2666217"/>
 <node id="7805118225" visible="true" version="1" changeset="89272654" timestamp="2020-08-11T23:47:01Z" user="divulmappeur" uid="8490885" lat="43.7167718" lon="7.2666942"/>
 <node id="7805118226" visible="true" version="1" changeset="89272654" timestamp="2020-08-11T23:47:01Z" user="divulmappeur" uid="8490885" lat="43.7167318" lon="7.2665516"/>
 <node id="7805118227" visible="true" version="1" changeset="89272654" timestamp="2020-08-11T23:47:01Z" user="divulmappeur" uid="8490885" lat="43.7167209" lon="7.2664804"/>
 <node id="7805118228" visible="true" version="1" changeset="89272654" timestamp="2020-08-11T23:47:01Z" user="divulmappeur" uid="8490885" lat="43.7167376" lon="7.2664752"/>
 <node id="7805118229" visible="true" version="1" changeset="89272654" timestamp="2020-08-11T23:47:01Z" user="divulmappeur" uid="8490885" lat="43.7167488" lon="7.2665476"/>
 <node id="7805118230" visible="true" version="1" changeset="89272654" timestamp="2020-08-11T23:47:01Z" user="divulmappeur" uid="8490885" lat="43.7167531" lon="7.2665748"/>
 <node id="7805118231" visible="true" version="1" changeset="89272654" timestamp="2020-08-11T23:47:01Z" user="divulmappeur" uid="8490885" lat="43.7167440" lon="7.2666315"/>
 <node id="7805118232" visible="true" version="1" changeset="89272654" timestamp="2020-08-11T23:47:01Z" user="divulmappeur" uid="8490885" lat="43.7167367" lon="7.2665811">
  <tag k="artwork_type" v="statue"/>
  <tag k="tourism" v="artwork"/>
 </node>
 <node id="7805118233" visible="true" version="1" changeset="89272654" timestamp="2020-08-11T23:47:01Z" user="divulmappeur" uid="8490885" lat="43.7166510" lon="7.2666295"/>
 <node id="7805118234" visible="true" version="1" changeset="89272654" timestamp="2020-08-11T23:47:01Z" user="divulmappeur" uid="8490885" lat="43.7165350" lon="7.2664993"/>
 <node id="7805118235" visible="true" version="1" changeset="89272654" timestamp="2020-08-11T23:47:01Z" user="divulmappeur" uid="8490885" lat="43.7165677" lon="7.2664938"/>
 <node id="7805118236" visible="true" version="1" changeset="89272654" timestamp="2020-08-11T23:47:01Z" user="divulmappeur" uid="8490885" lat="43.7165963" lon="7.2665424"/>
 <node id="7805118237" visible="true" version="1" changeset="89272654" timestamp="2020-08-11T23:47:01Z" user="divulmappeur" uid="8490885" lat="43.7166094" lon="7.2666203"/>
 <node id="7805118238" visible="true" version="1" changeset="89272654" timestamp="2020-08-11T23:47:01Z" user="divulmappeur" uid="8490885" lat="43.7166154" lon="7.2666912"/>
 <node id="7805118239" visible="true" version="1" changeset="89272654" timestamp="2020-08-11T23:47:01Z" user="divulmappeur" uid="8490885" lat="43.7166139" lon="7.2667537"/>
 <node id="7805118240" visible="true" version="1" changeset="89272654" timestamp="2020-08-11T23:47:01Z" user="divulmappeur" uid="8490885" lat="43.7166048" lon="7.2668017"/>
 <node id="7805118241" visible="true" version="1" changeset="89272654" timestamp="2020-08-11T23:47:01Z" user="divulmappeur" uid="8490885" lat="43.7167379" lon="7.2669934"/>
 <node id="7805118242" visible="true" version="1" changeset="89272654" timestamp="2020-08-11T23:47:01Z" user="divulmappeur" uid="8490885" lat="43.7168173" lon="7.2671267"/>
 <node id="7805118243" visible="true" version="1" changeset="89272654" timestamp="2020-08-11T23:47:01Z" user="divulmappeur" uid="8490885" lat="43.7165017" lon="7.2667824"/>
 <node id="7805118244" visible="true" version="1" changeset="89272654" timestamp="2020-08-11T23:47:01Z" user="divulmappeur" uid="8490885" lat="43.7167670" lon="7.2670422"/>
 <node id="7805118245" visible="true" version="1" changeset="89272654" timestamp="2020-08-11T23:47:01Z" user="divulmappeur" uid="8490885" lat="43.7167339" lon="7.2670753"/>
 <node id="7805118246" visible="true" version="1" changeset="89272654" timestamp="2020-08-11T23:47:01Z" user="divulmappeur" uid="8490885" lat="43.7166764" lon="7.2670757"/>
 <node id="7805118247" visible="true" version="1" changeset="89272654" timestamp="2020-08-11T23:47:01Z" user="divulmappeur" uid="8490885" lat="43.7167067" lon="7.2670578"/>
 <node id="7805118248" visible="true" version="1" changeset="89272654" timestamp="2020-08-11T23:47:01Z" user="divulmappeur" uid="8490885" lat="43.7167405" lon="7.2671121"/>
 <node id="7805118249" visible="true" version="1" changeset="89272654" timestamp="2020-08-11T23:47:01Z" user="divulmappeur" uid="8490885" lat="43.7167299" lon="7.2671545"/>
 <node id="7805118250" visible="true" version="1" changeset="89272654" timestamp="2020-08-11T23:47:01Z" user="divulmappeur" uid="8490885" lat="43.7170447" lon="7.2682272">
  <tag k="crossing" v="marked"/>
  <tag k="highway" v="crossing"/>
 </node>
 <node id="7805118251" visible="true" version="1" changeset="89272654" timestamp="2020-08-11T23:47:01Z" user="divulmappeur" uid="8490885" lat="43.7169480" lon="7.2674441"/>
 <node id="7805118252" visible="true" version="1" changeset="89272654" timestamp="2020-08-11T23:47:01Z" user="divulmappeur" uid="8490885" lat="43.7166251" lon="7.2679928"/>
 <node id="7805118253" visible="true" version="1" changeset="89272654" timestamp="2020-08-11T23:47:01Z" user="divulmappeur" uid="8490885" lat="43.7159329" lon="7.2667600"/>
 <node id="7805118254" visible="true" version="1" changeset="89272654" timestamp="2020-08-11T23:47:01Z" user="divulmappeur" uid="8490885" lat="43.7159766" lon="7.2669560"/>
 <node id="7805118255" visible="true" version="1" changeset="89272654" timestamp="2020-08-11T23:47:01Z" user="divulmappeur" uid="8490885" lat="43.7171865" lon="7.2662881"/>
 <node id="7805118256" visible="true" version="1" changeset="89272654" timestamp="2020-08-11T23:47:01Z" user="divulmappeur" uid="8490885" lat="43.7171796" lon="7.2662604"/>
 <node id="7805118257" visible="true" version="1" changeset="89272654" timestamp="2020-08-11T23:47:01Z" user="divulmappeur" uid="8490885" lat="43.7172015" lon="7.2662323"/>
 <node id="7805118258" visible="true" version="1" changeset="89272654" timestamp="2020-08-11T23:47:01Z" user="divulmappeur" uid="8490885" lat="43.7172000" lon="7.2662178"/>
 <node id="7805118259" visible="true" version="1" changeset="89272654" timestamp="2020-08-11T23:47:01Z" user="divulmappeur" uid="8490885" lat="43.7171730" lon="7.2662368"/>
 <node id="7805118260" visible="true" version="1" changeset="89272654" timestamp="2020-08-11T23:47:01Z" user="divulmappeur" uid="8490885" lat="43.7171771" lon="7.2661496"/>
 <node id="7805118261" visible="true" version="1" changeset="89272654" timestamp="2020-08-11T23:47:01Z" user="divulmappeur" uid="8490885" lat="43.7171826" lon="7.2660480"/>
 <node id="7805118262" visible="true" version="1" changeset="89272654" timestamp="2020-08-11T23:47:01Z" user="divulmappeur" uid="8490885" lat="43.7172234" lon="7.2695536"/>
 <node id="7805118263" visible="true" version="1" changeset="89272654" timestamp="2020-08-11T23:47:01Z" user="divulmappeur" uid="8490885" lat="43.7174255" lon="7.2683018"/>
 <node id="7805118264" visible="true" version="1" changeset="89272654" timestamp="2020-08-11T23:47:01Z" user="divulmappeur" uid="8490885" lat="43.7174210" lon="7.2684641"/>
 <node id="7805118265" visible="true" version="1" changeset="89272654" timestamp="2020-08-11T23:47:01Z" user="divulmappeur" uid="8490885" lat="43.7174409" lon="7.2684636"/>
 <node id="7805118266" visible="true" version="1" changeset="89272654" timestamp="2020-08-11T23:47:01Z" user="divulmappeur" uid="8490885" lat="43.7174595" lon="7.2684540"/>
 <node id="7805118267" visible="true" version="1" changeset="89272654" timestamp="2020-08-11T23:47:01Z" user="divulmappeur" uid="8490885" lat="43.7173908" lon="7.2683220"/>
 <node id="7805118268" visible="true" version="1" changeset="89272654" timestamp="2020-08-11T23:47:01Z" user="divulmappeur" uid="8490885" lat="43.7173787" lon="7.2683424"/>
 <node id="7805118269" visible="true" version="1" changeset="89272654" timestamp="2020-08-11T23:47:01Z" user="divulmappeur" uid="8490885" lat="43.7173720" lon="7.2683670"/>
 <node id="7805118270" visible="true" version="1" changeset="89272654" timestamp="2020-08-11T23:47:01Z" user="divulmappeur" uid="8490885" lat="43.7173712" lon="7.2683934"/>
 <node id="7805118271" visible="true" version="1" changeset="89272654" timestamp="2020-08-11T23:47:01Z" user="divulmappeur" uid="8490885" lat="43.7173766" lon="7.2684187"/>
 <node id="7805118272" visible="true" version="1" changeset="89272654" timestamp="2020-08-11T23:47:01Z" user="divulmappeur" uid="8490885" lat="43.7173875" lon="7.2684403"/>
 <node id="7805118273" visible="true" version="1" changeset="89272654" timestamp="2020-08-11T23:47:01Z" user="divulmappeur" uid="8490885" lat="43.7174028" lon="7.2684560"/>
 <node id="7805118274" visible="true" version="1" changeset="89272654" timestamp="2020-08-11T23:47:01Z" user="divulmappeur" uid="8490885" lat="43.7174748" lon="7.2684364"/>
 <node id="7805118275" visible="true" version="1" changeset="89272654" timestamp="2020-08-11T23:47:01Z" user="divulmappeur" uid="8490885" lat="43.7174889" lon="7.2683858"/>
 <node id="7805118276" visible="true" version="1" changeset="89272654" timestamp="2020-08-11T23:47:01Z" user="divulmappeur" uid="8490885" lat="43.7174862" lon="7.2683586"/>
 <node id="7805118277" visible="true" version="1" changeset="89272654" timestamp="2020-08-11T23:47:01Z" user="divulmappeur" uid="8490885" lat="43.7174771" lon="7.2683341"/>
 <node id="7805118278" visible="true" version="1" changeset="89272654" timestamp="2020-08-11T23:47:01Z" user="divulmappeur" uid="8490885" lat="43.7174626" lon="7.2683152"/>
 <node id="7805118279" visible="true" version="1" changeset="89272654" timestamp="2020-08-11T23:47:01Z" user="divulmappeur" uid="8490885" lat="43.7174444" lon="7.2683041"/>
 <node id="7805118280" visible="true" version="1" changeset="89272654" timestamp="2020-08-11T23:47:01Z" user="divulmappeur" uid="8490885" lat="43.7174069" lon="7.2683080"/>
 <node id="7805118281" visible="true" version="1" changeset="89272654" timestamp="2020-08-11T23:47:01Z" user="divulmappeur" uid="8490885" lat="43.7172824" lon="7.2680979"/>
 <node id="7805118282" visible="true" version="1" changeset="89272654" timestamp="2020-08-11T23:47:01Z" user="divulmappeur" uid="8490885" lat="43.7165726" lon="7.2681863"/>
 <node id="7805118283" visible="true" version="1" changeset="89272654" timestamp="2020-08-11T23:47:01Z" user="divulmappeur" uid="8490885" lat="43.7163133" lon="7.2683484"/>
 <node id="7805118284" visible="true" version="1" changeset="89272654" timestamp="2020-08-11T23:47:01Z" user="divulmappeur" uid="8490885" lat="43.7164215" lon="7.2684641"/>
 <node id="7805118285" visible="true" version="1" changeset="89272654" timestamp="2020-08-11T23:47:01Z" user="divulmappeur" uid="8490885" lat="43.7171376" lon="7.2688887"/>
 <node id="7805118286" visible="true" version="1" changeset="89272654" timestamp="2020-08-11T23:47:01Z" user="divulmappeur" uid="8490885" lat="43.7165711" lon="7.2691674"/>
 <node id="7805118287" visible="true" version="1" changeset="89272654" timestamp="2020-08-11T23:47:01Z" user="divulmappeur" uid="8490885" lat="43.7166884" lon="7.2691072"/>
 <node id="7805118288" visible="true" version="1" changeset="89272654" timestamp="2020-08-11T23:47:01Z" user="divulmappeur" uid="8490885" lat="43.7166326" lon="7.2691032">
  <tag k="highway" v="crossing"/>
 </node>
 <node id="7805118289" visible="true" version="1" changeset="89272654" timestamp="2020-08-11T23:47:01Z" user="divulmappeur" uid="8490885" lat="43.7175713" lon="7.2685790"/>
 <node id="7805118290" visible="true" version="1" changeset="89272654" timestamp="2020-08-11T23:47:01Z" user="divulmappeur" uid="8490885" lat="43.7178192" lon="7.2684695"/>
 <node id="7805118291" visible="true" version="1" changeset="89272654" timestamp="2020-08-11T23:47:01Z" user="divulmappeur" uid="8490885" lat="43.7172872" lon="7.2684909"/>
 <node id="7805118292" visible="true" version="1" changeset="89272654" timestamp="2020-08-11T23:47:01Z" user="divulmappeur" uid="8490885" lat="43.7172675" lon="7.2685131"/>
 <node id="7858540585" visible="true" version="1" changeset="90144019" timestamp="2020-08-30T12:29:44Z" user="divulmappeur" uid="8490885" lat="43.7137849" lon="7.2673852"/>
 <node id="7858540586" visible="true" version="1" changeset="90144019" timestamp="2020-08-30T12:29:44Z" user="divulmappeur" uid="8490885" lat="43.7139358" lon="7.2677893"/>
 <node id="7858540587" visible="true" version="1" changeset="90144019" timestamp="2020-08-30T12:29:44Z" user="divulmappeur" uid="8490885" lat="43.7141294" lon="7.2675876"/>
 <node id="7858540588" visible="true" version="1" changeset="90144019" timestamp="2020-08-30T12:29:44Z" user="divulmappeur" uid="8490885" lat="43.7143715" lon="7.2674657"/>
 <node id="7858540589" visible="true" version="1" changeset="90144019" timestamp="2020-08-30T12:29:44Z" user="divulmappeur" uid="8490885" lat="43.7149728" lon="7.2688673"/>
 <node id="7858540592" visible="true" version="1" changeset="90144019" timestamp="2020-08-30T12:29:44Z" user="divulmappeur" uid="8490885" lat="43.7143374" lon="7.2674829"/>
 <node id="7886936782" visible="true" version="1" changeset="90582698" timestamp="2020-09-08T11:03:15Z" user="Hervé TUC" uid="922338" lat="43.7182162" lon="7.2647915"/>
 <node id="7886936784" visible="true" version="1" changeset="90582698" timestamp="2020-09-08T11:03:15Z" user="Hervé TUC" uid="922338" lat="43.7183697" lon="7.2648530"/>
 <node id="7886973685" visible="true" version="1" changeset="90582698" timestamp="2020-09-08T11:03:15Z" user="Hervé TUC" uid="922338" lat="43.7184044" lon="7.2649070"/>
 <node id="7886973687" visible="true" version="1" changeset="90582698" timestamp="2020-09-08T11:03:15Z" user="Hervé TUC" uid="922338" lat="43.7183624" lon="7.2648676"/>
 <node id="7886973688" visible="true" version="1" changeset="90582698" timestamp="2020-09-08T11:03:15Z" user="Hervé TUC" uid="922338" lat="43.7182049" lon="7.2647809"/>
 <node id="7886973689" visible="true" version="1" changeset="90582698" timestamp="2020-09-08T11:03:15Z" user="Hervé TUC" uid="922338" lat="43.7184065" lon="7.2649029"/>
 <node id="7886979753" visible="true" version="1" changeset="90582950" timestamp="2020-09-08T11:06:58Z" user="Hervé TUC" uid="922338" lat="43.7185671" lon="7.2648567"/>
 <node id="7886979754" visible="true" version="1" changeset="90582950" timestamp="2020-09-08T11:06:58Z" user="Hervé TUC" uid="922338" lat="43.7185405" lon="7.2649442"/>
 <node id="7886979755" visible="true" version="1" changeset="90582950" timestamp="2020-09-08T11:06:58Z" user="Hervé TUC" uid="922338" lat="43.7185502" lon="7.2649978"/>
 <node id="7886979756" visible="true" version="1" changeset="90582950" timestamp="2020-09-08T11:06:58Z" user="Hervé TUC" uid="922338" lat="43.7185900" lon="7.2650447"/>
 <node id="7886979757" visible="true" version="1" changeset="90582950" timestamp="2020-09-08T11:06:58Z" user="Hervé TUC" uid="922338" lat="43.7186345" lon="7.2651131"/>
 <node id="7886979758" visible="true" version="1" changeset="90582950" timestamp="2020-09-08T11:06:58Z" user="Hervé TUC" uid="922338" lat="43.7186675" lon="7.2651628"/>
 <node id="7886979759" visible="true" version="1" changeset="90582950" timestamp="2020-09-08T11:06:58Z" user="Hervé TUC" uid="922338" lat="43.7186908" lon="7.2652258"/>
 <node id="7886979760" visible="true" version="1" changeset="90582950" timestamp="2020-09-08T11:06:58Z" user="Hervé TUC" uid="922338" lat="43.7190358" lon="7.2649053"/>
 <node id="7886979761" visible="true" version="1" changeset="90582950" timestamp="2020-09-08T11:06:58Z" user="Hervé TUC" uid="922338" lat="43.7190397" lon="7.2647189"/>
 <node id="7886979762" visible="true" version="2" changeset="95499339" timestamp="2020-12-08T16:25:57Z" user="divulmappeur" uid="8490885" lat="43.7179498" lon="7.2645415"/>
 <node id="8206074918" visible="true" version="1" changeset="95499339" timestamp="2020-12-08T16:25:57Z" user="divulmappeur" uid="8490885" lat="43.7169377" lon="7.2638713"/>
 <node id="8206074919" visible="true" version="2" changeset="115436504" timestamp="2021-12-27T17:23:12Z" user="divulmappeur" uid="8490885" lat="43.7182395" lon="7.2653771">
  <tag k="historic" v="memorial"/>
  <tag k="inscription" v="Hommage à ceux qui vivent dans la nuit pour que la France continue à être le pays de la liberté et de la Lumière"/>
  <tag k="material" v="stone"/>
  <tag k="memorial" v="war_memorial"/>
  <tag k="name" v="Cité des Aveugles de Guerre"/>
 </node>
 <node id="8206074932" visible="true" version="2" changeset="119756973" timestamp="2022-04-15T16:03:58Z" user="Patchi" uid="591881" lat="43.7193958" lon="7.2681678"/>
 <node id="8206074939" visible="true" version="1" changeset="95499339" timestamp="2020-12-08T16:25:57Z" user="divulmappeur" uid="8490885" lat="43.7192752" lon="7.2680229"/>
 <node id="8206074940" visible="true" version="1" changeset="95499339" timestamp="2020-12-08T16:25:57Z" user="divulmappeur" uid="8490885" lat="43.7191953" lon="7.2681244"/>
 <node id="8206074941" visible="true" version="1" changeset="95499339" timestamp="2020-12-08T16:25:57Z" user="divulmappeur" uid="8490885" lat="43.7163419" lon="7.2645149"/>
 <node id="8206074942" visible="true" version="2" changeset="119756973" timestamp="2022-04-15T16:03:58Z" user="Patchi" uid="591881" lat="43.7158980" lon="7.2651502"/>
 <node id="8206074944" visible="true" version="1" changeset="95499339" timestamp="2020-12-08T16:25:57Z" user="divulmappeur" uid="8490885" lat="43.7162292" lon="7.2645139"/>
 <node id="8206074945" visible="true" version="2" changeset="166114840" timestamp="2025-05-11T15:44:50Z" user="EnderHero" uid="6378179" lat="43.7158998" lon="7.2650432">
  <tag k="barrier" v="gate"/>
 </node>
 <node id="8206074946" visible="true" version="2" changeset="119756973" timestamp="2022-04-15T16:03:58Z" user="Patchi" uid="591881" lat="43.7158937" lon="7.2653122"/>
 <node id="8206074947" visible="true" version="2" changeset="119756973" timestamp="2022-04-15T16:03:58Z" user="Patchi" uid="591881" lat="43.7158935" lon="7.2652463"/>
 <node id="8206074948" visible="true" version="2" changeset="119756973" timestamp="2022-04-15T16:03:58Z" user="Patchi" uid="591881" lat="43.7162577" lon="7.2652438"/>
 <node id="8206074949" visible="true" version="2" changeset="119756973" timestamp="2022-04-15T16:03:58Z" user="Patchi" uid="591881" lat="43.7162585" lon="7.2654739"/>
 <node id="8206074952" visible="true" version="2" changeset="119756973" timestamp="2022-04-15T16:03:58Z" user="Patchi" uid="591881" lat="43.7158943" lon="7.2654764"/>
 <node id="8206074953" visible="true" version="1" changeset="95499339" timestamp="2020-12-08T16:25:57Z" user="divulmappeur" uid="8490885" lat="43.7172081" lon="7.2656322">
  <tag k="entrance" v="yes"/>
 </node>
 <node id="8206074954" visible="true" version="2" changeset="119756973" timestamp="2022-04-15T16:03:58Z" user="Patchi" uid="591881" lat="43.7171897" lon="7.2657082"/>
 <node id="8206074955" visible="true" version="1" changeset="95499339" timestamp="2020-12-08T16:25:57Z" user="divulmappeur" uid="8490885" lat="43.7173026" lon="7.2652954"/>
 <node id="8206074956" visible="true" version="1" changeset="95499339" timestamp="2020-12-08T16:25:57Z" user="divulmappeur" uid="8490885" lat="43.7174142" lon="7.2653598"/>
 <node id="8206074957" visible="true" version="1" changeset="95499339" timestamp="2020-12-08T16:25:57Z" user="divulmappeur" uid="8490885" lat="43.7175879" lon="7.2648000"/>
 <node id="8206074960" visible="true" version="1" changeset="95499339" timestamp="2020-12-08T16:25:57Z" user="divulmappeur" uid="8490885" lat="43.7177807" lon="7.2658254"/>
 <node id="8206074961" visible="true" version="1" changeset="95499339" timestamp="2020-12-08T16:25:57Z" user="divulmappeur" uid="8490885" lat="43.7180954" lon="7.2654213"/>
 <node id="8206074962" visible="true" version="4" changeset="155978756" timestamp="2024-08-30T15:03:29Z" user="Pyb" uid="150474" lat="43.7177971" lon="7.2659453">
  <tag k="crossing" v="marked"/>
  <tag k="crossing:island" v="no"/>
  <tag k="highway" v="crossing"/>
  <tag k="kerb" v="lowered"/>
  <tag k="tactile_paving" v="yes"/>
 </node>
 <node id="8234104129" visible="true" version="2" changeset="153385733" timestamp="2024-06-30T20:56:28Z" user="Pyb" uid="150474" lat="43.7190550" lon="7.2676423">
  <tag k="amenity" v="public_bookcase"/>
  <tag k="capacity" v="20"/>
  <tag k="public_bookcase:type" v="reading_box"/>
  <tag k="wikimedia_commons" v="File:Rue Valrose prolongée - Boîte à livres 001.jpg"/>
 </node>
 <node id="8241453735" visible="true" version="1" changeset="96090746" timestamp="2020-12-18T21:14:03Z" user="divulmappeur" uid="8490885" lat="43.7192807" lon="7.2649139"/>
 <node id="8241453736" visible="true" version="1" changeset="96090746" timestamp="2020-12-18T21:14:03Z" user="divulmappeur" uid="8490885" lat="43.7191263" lon="7.2647561"/>
 <node id="8241453737" visible="true" version="1" changeset="96090746" timestamp="2020-12-18T21:14:03Z" user="divulmappeur" uid="8490885" lat="43.7190477" lon="7.2650784"/>
 <node id="8241453738" visible="true" version="1" changeset="96090746" timestamp="2020-12-18T21:14:03Z" user="divulmappeur" uid="8490885" lat="43.7191077" lon="7.2651373"/>
 <node id="8458656410" visible="true" version="1" changeset="99995835" timestamp="2021-02-25T18:05:36Z" user="divulmappeur" uid="8490885" lat="43.7160425" lon="7.2671385"/>
 <node id="8458656411" visible="true" version="1" changeset="99995835" timestamp="2021-02-25T18:05:36Z" user="divulmappeur" uid="8490885" lat="43.7188279" lon="7.2677937"/>
 <node id="8458656412" visible="true" version="1" changeset="99995835" timestamp="2021-02-25T18:05:36Z" user="divulmappeur" uid="8490885" lat="43.7187369" lon="7.2677018"/>
 <node id="8458656413" visible="true" version="1" changeset="99995835" timestamp="2021-02-25T18:05:36Z" user="divulmappeur" uid="8490885" lat="43.7187232" lon="7.2676608"/>
 <node id="8458656414" visible="true" version="1" changeset="99995835" timestamp="2021-02-25T18:05:36Z" user="divulmappeur" uid="8490885" lat="43.7188286" lon="7.2679426"/>
 <node id="8458656415" visible="true" version="1" changeset="99995835" timestamp="2021-02-25T18:05:36Z" user="divulmappeur" uid="8490885" lat="43.7187073" lon="7.2678217"/>
 <node id="8458656416" visible="true" version="1" changeset="99995835" timestamp="2021-02-25T18:05:36Z" user="divulmappeur" uid="8490885" lat="43.7159211" lon="7.2659001"/>
 <node id="8458683217" visible="true" version="1" changeset="99995835" timestamp="2021-02-25T18:05:36Z" user="divulmappeur" uid="8490885" lat="43.7158414" lon="7.2662477"/>
 <node id="8458683218" visible="true" version="1" changeset="99995835" timestamp="2021-02-25T18:05:36Z" user="divulmappeur" uid="8490885" lat="43.7162871" lon="7.2657643"/>
 <node id="8458683219" visible="true" version="1" changeset="99995835" timestamp="2021-02-25T18:05:36Z" user="divulmappeur" uid="8490885" lat="43.7161675" lon="7.2673292"/>
 <node id="8458683220" visible="true" version="1" changeset="99995835" timestamp="2021-02-25T18:05:36Z" user="divulmappeur" uid="8490885" lat="43.7160533" lon="7.2671005"/>
 <node id="8458683221" visible="true" version="1" changeset="99995835" timestamp="2021-02-25T18:05:36Z" user="divulmappeur" uid="8490885" lat="43.7160127" lon="7.2669436"/>
 <node id="8458683222" visible="true" version="1" changeset="99995835" timestamp="2021-02-25T18:05:36Z" user="divulmappeur" uid="8490885" lat="43.7173927" lon="7.2700184"/>
 <node id="8458683223" visible="true" version="1" changeset="99995835" timestamp="2021-02-25T18:05:36Z" user="divulmappeur" uid="8490885" lat="43.7177627" lon="7.2692664"/>
 <node id="8458683224" visible="true" version="1" changeset="99995835" timestamp="2021-02-25T18:05:36Z" user="divulmappeur" uid="8490885" lat="43.7174537" lon="7.2690456"/>
 <node id="8458683225" visible="true" version="1" changeset="99995835" timestamp="2021-02-25T18:05:36Z" user="divulmappeur" uid="8490885" lat="43.7159417" lon="7.2667138"/>
 <node id="8458683226" visible="true" version="1" changeset="99995835" timestamp="2021-02-25T18:05:36Z" user="divulmappeur" uid="8490885" lat="43.7159497" lon="7.2668351"/>
 <node id="8458683227" visible="true" version="1" changeset="99995835" timestamp="2021-02-25T18:05:36Z" user="divulmappeur" uid="8490885" lat="43.7180426" lon="7.2682077"/>
 <node id="8458683228" visible="true" version="1" changeset="99995835" timestamp="2021-02-25T18:05:36Z" user="divulmappeur" uid="8490885" lat="43.7181035" lon="7.2684648"/>
 <node id="8458683229" visible="true" version="1" changeset="99995835" timestamp="2021-02-25T18:05:36Z" user="divulmappeur" uid="8490885" lat="43.7171630" lon="7.2672266"/>
 <node id="8458683230" visible="true" version="1" changeset="99995835" timestamp="2021-02-25T18:05:36Z" user="divulmappeur" uid="8490885" lat="43.7179000" lon="7.2687705"/>
 <node id="8458683231" visible="true" version="1" changeset="99995835" timestamp="2021-02-25T18:05:36Z" user="divulmappeur" uid="8490885" lat="43.7175599" lon="7.2691229"/>
 <node id="8458683232" visible="true" version="1" changeset="99995835" timestamp="2021-02-25T18:05:36Z" user="divulmappeur" uid="8490885" lat="43.7167907" lon="7.2681037"/>
 <node id="8458683233" visible="true" version="1" changeset="99995835" timestamp="2021-02-25T18:05:36Z" user="divulmappeur" uid="8490885" lat="43.7170168" lon="7.2681876"/>
 <node id="8458683234" visible="true" version="1" changeset="99995835" timestamp="2021-02-25T18:05:36Z" user="divulmappeur" uid="8490885" lat="43.7173175" lon="7.2677851"/>
 <node id="8458683235" visible="true" version="1" changeset="99995835" timestamp="2021-02-25T18:05:36Z" user="divulmappeur" uid="8490885" lat="43.7172446" lon="7.2699747"/>
 <node id="8458683236" visible="true" version="1" changeset="99995835" timestamp="2021-02-25T18:05:36Z" user="divulmappeur" uid="8490885" lat="43.7190129" lon="7.2677859"/>
 <node id="8458683237" visible="true" version="1" changeset="99995835" timestamp="2021-02-25T18:05:36Z" user="divulmappeur" uid="8490885" lat="43.7180574" lon="7.2670723"/>
 <node id="8458683238" visible="true" version="1" changeset="99995835" timestamp="2021-02-25T18:05:36Z" user="divulmappeur" uid="8490885" lat="43.7180131" lon="7.2670913"/>
 <node id="8458683239" visible="true" version="1" changeset="99995835" timestamp="2021-02-25T18:05:36Z" user="divulmappeur" uid="8490885" lat="43.7176815" lon="7.2691923"/>
 <node id="8458683240" visible="true" version="1" changeset="99995835" timestamp="2021-02-25T18:05:36Z" user="divulmappeur" uid="8490885" lat="43.7169853" lon="7.2687181"/>
 <node id="8483850214" visible="true" version="1" changeset="100373094" timestamp="2021-03-03T20:11:59Z" user="FvGordon" uid="161619" lat="43.7172537" lon="7.2688156"/>
 <node id="8783826769" visible="true" version="1" changeset="105586933" timestamp="2021-05-30T22:50:31Z" user="divulmappeur" uid="8490885" lat="43.7157464" lon="7.2657370">
  <tag k="name" v="Valrose"/>
  <tag k="place" v="quarter"/>
 </node>
 <node id="9288127259" visible="true" version="1" changeset="114294455" timestamp="2021-11-27T13:26:24Z" user="divulmappeur" uid="8490885" lat="43.7191572" lon="7.2701747"/>
 <node id="9288127260" visible="true" version="1" changeset="114294455" timestamp="2021-11-27T13:26:24Z" user="divulmappeur" uid="8490885" lat="43.7192727" lon="7.2702493"/>
 <node id="9288127261" visible="true" version="1" changeset="114294455" timestamp="2021-11-27T13:26:24Z" user="divulmappeur" uid="8490885" lat="43.7193221" lon="7.2703197"/>
 <node id="9288127262" visible="true" version="1" changeset="114294455" timestamp="2021-11-27T13:26:24Z" user="divulmappeur" uid="8490885" lat="43.7193544" lon="7.2707419"/>
 <node id="9288127263" visible="true" version="1" changeset="114294455" timestamp="2021-11-27T13:26:24Z" user="divulmappeur" uid="8490885" lat="43.7193313" lon="7.2708336"/>
 <node id="9288127264" visible="true" version="1" changeset="114294455" timestamp="2021-11-27T13:26:24Z" user="divulmappeur" uid="8490885" lat="43.7192866" lon="7.2709104"/>
 <node id="9288127265" visible="true" version="1" changeset="114294455" timestamp="2021-11-27T13:26:24Z" user="divulmappeur" uid="8490885" lat="43.7189969" lon="7.2709871"/>
 <node id="9288127266" visible="true" version="1" changeset="114294455" timestamp="2021-11-27T13:26:24Z" user="divulmappeur" uid="8490885" lat="43.7189090" lon="7.2709850"/>
 <node id="9288127267" visible="true" version="1" changeset="114294455" timestamp="2021-11-27T13:26:24Z" user="divulmappeur" uid="8490885" lat="43.7176974" lon="7.2701474"/>
 <node id="9288127268" visible="true" version="1" changeset="114294455" timestamp="2021-11-27T13:26:24Z" user="divulmappeur" uid="8490885" lat="43.7177321" lon="7.2701916"/>
 <node id="9288127269" visible="true" version="1" changeset="114294455" timestamp="2021-11-27T13:26:24Z" user="divulmappeur" uid="8490885" lat="43.7177348" lon="7.2703801"/>
 <node id="9288127270" visible="true" version="1" changeset="114294455" timestamp="2021-11-27T13:26:24Z" user="divulmappeur" uid="8490885" lat="43.7173787" lon="7.2701072">
  <tag k="access" v="private"/>
  <tag k="barrier" v="gate"/>
 </node>
 <node id="9288127271" visible="true" version="1" changeset="114294455" timestamp="2021-11-27T13:26:24Z" user="divulmappeur" uid="8490885" lat="43.7194984" lon="7.2683360"/>
 <node id="9288127272" visible="true" version="1" changeset="114294455" timestamp="2021-11-27T13:26:24Z" user="divulmappeur" uid="8490885" lat="43.7195142" lon="7.2683998"/>
 <node id="9288127273" visible="true" version="1" changeset="114294455" timestamp="2021-11-27T13:26:24Z" user="divulmappeur" uid="8490885" lat="43.7195147" lon="7.2684549"/>
 <node id="9288127274" visible="true" version="1" changeset="114294455" timestamp="2021-11-27T13:26:24Z" user="divulmappeur" uid="8490885" lat="43.7194849" lon="7.2684808"/>
 <node id="9288127275" visible="true" version="1" changeset="114294455" timestamp="2021-11-27T13:26:24Z" user="divulmappeur" uid="8490885" lat="43.7194477" lon="7.2684730"/>
 <node id="9288127276" visible="true" version="1" changeset="114294455" timestamp="2021-11-27T13:26:24Z" user="divulmappeur" uid="8490885" lat="43.7190020" lon="7.2679669"/>
 <node id="9288127277" visible="true" version="1" changeset="114294455" timestamp="2021-11-27T13:26:24Z" user="divulmappeur" uid="8490885" lat="43.7189569" lon="7.2679528"/>
 <node id="9288127278" visible="true" version="1" changeset="114294455" timestamp="2021-11-27T13:26:24Z" user="divulmappeur" uid="8490885" lat="43.7189153" lon="7.2679871"/>
 <node id="9288127279" visible="true" version="1" changeset="114294455" timestamp="2021-11-27T13:26:24Z" user="divulmappeur" uid="8490885" lat="43.7189007" lon="7.2680369"/>
 <node id="9288127280" visible="true" version="1" changeset="114294455" timestamp="2021-11-27T13:26:24Z" user="divulmappeur" uid="8490885" lat="43.7189085" lon="7.2680992"/>
 <node id="9288127281" visible="true" version="1" changeset="114294455" timestamp="2021-11-27T13:26:24Z" user="divulmappeur" uid="8490885" lat="43.7191810" lon="7.2684481"/>
 <node id="9288127282" visible="true" version="1" changeset="114294455" timestamp="2021-11-27T13:26:24Z" user="divulmappeur" uid="8490885" lat="43.7192406" lon="7.2686148"/>
 <node id="9288127283" visible="true" version="1" changeset="114294455" timestamp="2021-11-27T13:26:24Z" user="divulmappeur" uid="8490885" lat="43.7192395" lon="7.2689123"/>
 <node id="9288127284" visible="true" version="1" changeset="114294455" timestamp="2021-11-27T13:26:24Z" user="divulmappeur" uid="8490885" lat="43.7191888" lon="7.2690260"/>
 <node id="9288127285" visible="true" version="1" changeset="114294455" timestamp="2021-11-27T13:26:24Z" user="divulmappeur" uid="8490885" lat="43.7192560" lon="7.2687238"/>
 <node id="9288127286" visible="true" version="1" changeset="114294455" timestamp="2021-11-27T13:26:24Z" user="divulmappeur" uid="8490885" lat="43.7192164" lon="7.2685252"/>
 <node id="9288127287" visible="true" version="1" changeset="114294455" timestamp="2021-11-27T13:26:24Z" user="divulmappeur" uid="8490885" lat="43.7194297" lon="7.2682233">
  <tag k="access" v="private"/>
  <tag k="barrier" v="gate"/>
 </node>
 <node id="9288127294" visible="true" version="1" changeset="114294455" timestamp="2021-11-27T13:26:24Z" user="divulmappeur" uid="8490885" lat="43.7193531" lon="7.2668118"/>
 <node id="9288127295" visible="true" version="1" changeset="114294455" timestamp="2021-11-27T13:26:24Z" user="divulmappeur" uid="8490885" lat="43.7204162" lon="7.2683939"/>
 <node id="9370653627" visible="true" version="3" changeset="143254565" timestamp="2023-10-28T10:51:09Z" user="merylstreet" uid="1159672" lat="43.7172907" lon="7.2656035">
  <tag k="addr:city" v="Nice"/>
  <tag k="addr:housenumber" v="65"/>
  <tag k="addr:street" v="Avenue Valrose"/>
  <tag k="amenity" v="fast_food"/>
  <tag k="check_date" v="2023-10-28"/>
  <tag k="name" v="Snack Valrose"/>
  <tag k="start_date" v="2022"/>
 </node>
 <node id="9370672745" visible="true" version="1" changeset="115436646" timestamp="2021-12-27T17:25:34Z" user="divulmappeur" uid="8490885" lat="43.7188724" lon="7.2660383"/>
 <node id="9370672746" visible="true" version="1" changeset="115436646" timestamp="2021-12-27T17:25:34Z" user="divulmappeur" uid="8490885" lat="43.7191756" lon="7.2665510"/>
 <node id="9370672747" visible="true" version="1" changeset="115436646" timestamp="2021-12-27T17:25:34Z" user="divulmappeur" uid="8490885" lat="43.7184176" lon="7.2666046"/>
 <node id="9370672748" visible="true" version="1" changeset="115436646" timestamp="2021-12-27T17:25:34Z" user="divulmappeur" uid="8490885" lat="43.7185801" lon="7.2668704">
  <tag k="addr:housenumber" v="85"/>
  <tag k="addr:street" v="Avenue Valrose"/>
  <tag k="name" v="Les Valroses"/>
 </node>
 <node id="9380420763" visible="true" version="1" changeset="115585304" timestamp="2021-12-30T22:37:02Z" user="divulmappeur" uid="8490885" lat="43.7208826" lon="7.2699879"/>
 <node id="9380420764" visible="true" version="1" changeset="115585304" timestamp="2021-12-30T22:37:02Z" user="divulmappeur" uid="8490885" lat="43.7209569" lon="7.2701237"/>
 <node id="9380420765" visible="true" version="1" changeset="115585304" timestamp="2021-12-30T22:37:02Z" user="divulmappeur" uid="8490885" lat="43.7213322" lon="7.2703923"/>
 <node id="9380420766" visible="true" version="1" changeset="115585304" timestamp="2021-12-30T22:37:02Z" user="divulmappeur" uid="8490885" lat="43.7210164" lon="7.2712323"/>
 <node id="9380420767" visible="true" version="1" changeset="115585304" timestamp="2021-12-30T22:37:02Z" user="divulmappeur" uid="8490885" lat="43.7207318" lon="7.2712272"/>
 <node id="9380420768" visible="true" version="1" changeset="115585304" timestamp="2021-12-30T22:37:02Z" user="divulmappeur" uid="8490885" lat="43.7205287" lon="7.2718477"/>
 <node id="9380420769" visible="true" version="1" changeset="115585304" timestamp="2021-12-30T22:37:02Z" user="divulmappeur" uid="8490885" lat="43.7202568" lon="7.2717072"/>
 <node id="9380420770" visible="true" version="1" changeset="115585304" timestamp="2021-12-30T22:37:02Z" user="divulmappeur" uid="8490885" lat="43.7197458" lon="7.2715840"/>
 <node id="9380420771" visible="true" version="1" changeset="115585304" timestamp="2021-12-30T22:37:02Z" user="divulmappeur" uid="8490885" lat="43.7192661" lon="7.2715904"/>
 <node id="9380420772" visible="true" version="1" changeset="115585304" timestamp="2021-12-30T22:37:02Z" user="divulmappeur" uid="8490885" lat="43.7183998" lon="7.2712524"/>
 <node id="9380420773" visible="true" version="1" changeset="115585304" timestamp="2021-12-30T22:37:02Z" user="divulmappeur" uid="8490885" lat="43.7183839" lon="7.2711612"/>
 <node id="9380420774" visible="true" version="1" changeset="115585304" timestamp="2021-12-30T22:37:02Z" user="divulmappeur" uid="8490885" lat="43.7183235" lon="7.2711264"/>
 <node id="9380420775" visible="true" version="1" changeset="115585304" timestamp="2021-12-30T22:37:02Z" user="divulmappeur" uid="8490885" lat="43.7182755" lon="7.2711900"/>
 <node id="9380420776" visible="true" version="1" changeset="115585304" timestamp="2021-12-30T22:37:02Z" user="divulmappeur" uid="8490885" lat="43.7182995" lon="7.2712878"/>
 <node id="9380420777" visible="true" version="1" changeset="115585304" timestamp="2021-12-30T22:37:02Z" user="divulmappeur" uid="8490885" lat="43.7182941" lon="7.2714319"/>
 <node id="9380420778" visible="true" version="1" changeset="115585304" timestamp="2021-12-30T22:37:02Z" user="divulmappeur" uid="8490885" lat="43.7177637" lon="7.2712868"/>
 <node id="9380420779" visible="true" version="1" changeset="115585304" timestamp="2021-12-30T22:37:02Z" user="divulmappeur" uid="8490885" lat="43.7177898" lon="7.2709882"/>
 <node id="9380420781" visible="true" version="1" changeset="115585304" timestamp="2021-12-30T22:37:02Z" user="divulmappeur" uid="8490885" lat="43.7199345" lon="7.2690719"/>
 <node id="9380420782" visible="true" version="1" changeset="115585304" timestamp="2021-12-30T22:37:02Z" user="divulmappeur" uid="8490885" lat="43.7202459" lon="7.2694191"/>
 <node id="9380420785" visible="true" version="1" changeset="115585304" timestamp="2021-12-30T22:37:02Z" user="divulmappeur" uid="8490885" lat="43.7212802" lon="7.2707908"/>
 <node id="9380420788" visible="true" version="1" changeset="115585304" timestamp="2021-12-30T22:37:02Z" user="divulmappeur" uid="8490885" lat="43.7184013" lon="7.2711989"/>
 <node id="9380420789" visible="true" version="1" changeset="115585304" timestamp="2021-12-30T22:37:02Z" user="divulmappeur" uid="8490885" lat="43.7183595" lon="7.2711380"/>
 <node id="9380420790" visible="true" version="1" changeset="115585304" timestamp="2021-12-30T22:37:02Z" user="divulmappeur" uid="8490885" lat="43.7182942" lon="7.2711469"/>
 <node id="9380420791" visible="true" version="1" changeset="115585304" timestamp="2021-12-30T22:37:02Z" user="divulmappeur" uid="8490885" lat="43.7182790" lon="7.2712468"/>
 <node id="9380420792" visible="true" version="1" changeset="115585304" timestamp="2021-12-30T22:37:02Z" user="divulmappeur" uid="8490885" lat="43.7178206" lon="7.2709198"/>
 <node id="9380420793" visible="true" version="1" changeset="115585304" timestamp="2021-12-30T22:37:02Z" user="divulmappeur" uid="8490885" lat="43.7201047" lon="7.2692920"/>
 <node id="9380420794" visible="true" version="1" changeset="115585304" timestamp="2021-12-30T22:37:02Z" user="divulmappeur" uid="8490885" lat="43.7203708" lon="7.2695719"/>
 <node id="9380438318" visible="true" version="1" changeset="115585304" timestamp="2021-12-30T22:37:02Z" user="divulmappeur" uid="8490885" lat="43.7206766" lon="7.2697525"/>
 <node id="9380438319" visible="true" version="1" changeset="115585304" timestamp="2021-12-30T22:37:02Z" user="divulmappeur" uid="8490885" lat="43.7204574" lon="7.2695786"/>
 <node id="9380438320" visible="true" version="1" changeset="115585304" timestamp="2021-12-30T22:37:02Z" user="divulmappeur" uid="8490885" lat="43.7203246" lon="7.2694443"/>
 <node id="9380438321" visible="true" version="1" changeset="115585304" timestamp="2021-12-30T22:37:02Z" user="divulmappeur" uid="8490885" lat="43.7202290" lon="7.2693297"/>
 <node id="9380438322" visible="true" version="1" changeset="115585304" timestamp="2021-12-30T22:37:02Z" user="divulmappeur" uid="8490885" lat="43.7201191" lon="7.2692429"/>
 <node id="9380438323" visible="true" version="1" changeset="115585304" timestamp="2021-12-30T22:37:02Z" user="divulmappeur" uid="8490885" lat="43.7198936" lon="7.2689150"/>
 <node id="9380438324" visible="true" version="1" changeset="115585304" timestamp="2021-12-30T22:37:02Z" user="divulmappeur" uid="8490885" lat="43.7197937" lon="7.2687057"/>
 <node id="9380438325" visible="true" version="1" changeset="115585304" timestamp="2021-12-30T22:37:02Z" user="divulmappeur" uid="8490885" lat="43.7194640" lon="7.2681508"/>
 <node id="9380438326" visible="true" version="1" changeset="115585304" timestamp="2021-12-30T22:37:02Z" user="divulmappeur" uid="8490885" lat="43.7194426" lon="7.2680422"/>
 <node id="9380438327" visible="true" version="1" changeset="115585304" timestamp="2021-12-30T22:37:02Z" user="divulmappeur" uid="8490885" lat="43.7186619" lon="7.2672266"/>
 <node id="9380438328" visible="true" version="1" changeset="115585304" timestamp="2021-12-30T22:37:02Z" user="divulmappeur" uid="8490885" lat="43.7193470" lon="7.2663221"/>
 <node id="9380438329" visible="true" version="1" changeset="115585304" timestamp="2021-12-30T22:37:02Z" user="divulmappeur" uid="8490885" lat="43.7195070" lon="7.2665908"/>
 <node id="9380438330" visible="true" version="1" changeset="115585304" timestamp="2021-12-30T22:37:02Z" user="divulmappeur" uid="8490885" lat="43.7205575" lon="7.2681495"/>
 <node id="9380438331" visible="true" version="1" changeset="115585304" timestamp="2021-12-30T22:37:02Z" user="divulmappeur" uid="8490885" lat="43.7208513" lon="7.2685852"/>
 <node id="9382563172" visible="true" version="1" changeset="115620708" timestamp="2021-12-31T19:35:39Z" user="divulmappeur" uid="8490885" lat="43.7193573" lon="7.2682736"/>
 <node id="9411404699" visible="true" version="1" changeset="116044417" timestamp="2022-01-11T23:13:20Z" user="divulmappeur" uid="8490885" lat="43.7210900" lon="7.2708147"/>
 <node id="9632952356" visible="true" version="1" changeset="119255849" timestamp="2022-04-03T08:15:58Z" user="Patchi" uid="591881" lat="43.7162777" lon="7.2632879"/>
 <node id="9632952357" visible="true" version="1" changeset="119255849" timestamp="2022-04-03T08:15:58Z" user="Patchi" uid="591881" lat="43.7164309" lon="7.2634260"/>
 <node id="9632952358" visible="true" version="1" changeset="119255849" timestamp="2022-04-03T08:15:58Z" user="Patchi" uid="591881" lat="43.7165036" lon="7.2635836"/>
 <node id="9632952359" visible="true" version="1" changeset="119255849" timestamp="2022-04-03T08:15:58Z" user="Patchi" uid="591881" lat="43.7178291" lon="7.2641985"/>
 <node id="9632952360" visible="true" version="1" changeset="119255849" timestamp="2022-04-03T08:15:58Z" user="Patchi" uid="591881" lat="43.7172320" lon="7.2639880"/>
 <node id="9632952361" visible="true" version="1" changeset="119255849" timestamp="2022-04-03T08:15:58Z" user="Patchi" uid="591881" lat="43.7174656" lon="7.2640590"/>
 <node id="9632952362" visible="true" version="1" changeset="119255849" timestamp="2022-04-03T08:15:58Z" user="Patchi" uid="591881" lat="43.7192452" lon="7.2654420"/>
 <node id="9632952363" visible="true" version="1" changeset="119255849" timestamp="2022-04-03T08:15:58Z" user="Patchi" uid="591881" lat="43.7191507" lon="7.2654410">
  <tag k="amenity" v="waste_basket"/>
  <tag k="waste" v="trash"/>
 </node>
 <node id="9632952364" visible="true" version="2" changeset="156052659" timestamp="2024-09-01T12:49:16Z" user="Pyb" uid="150474" lat="43.7191638" lon="7.2654568">
  <tag k="amenity" v="bench"/>
  <tag k="backrest" v="no"/>
 </node>
 <node id="9632952365" visible="true" version="1" changeset="119255849" timestamp="2022-04-03T08:15:58Z" user="Patchi" uid="591881" lat="43.7191786" lon="7.2654584"/>
 <node id="9632952366" visible="true" version="1" changeset="119255849" timestamp="2022-04-03T08:15:58Z" user="Patchi" uid="591881" lat="43.7191717" lon="7.2654710"/>
 <node id="9632952367" visible="true" version="1" changeset="119255849" timestamp="2022-04-03T08:15:58Z" user="Patchi" uid="591881" lat="43.7191524" lon="7.2654509"/>
 <node id="9668449915" visible="true" version="2" changeset="136502497" timestamp="2023-05-24T14:09:01Z" user="Snusmumriken" uid="76269" lat="43.7192486" lon="7.2679207">
  <tag k="bus" v="yes"/>
  <tag k="name" v="Résidence Universitaire Montebello"/>
  <tag k="public_transport" v="stop_position"/>
 </node>
 <node id="9668449916" visible="true" version="4" changeset="155978786" timestamp="2024-08-30T15:04:14Z" user="Pyb" uid="150474" lat="43.7177452" lon="7.2661156">
  <tag k="bench" v="no"/>
  <tag k="bin" v="no"/>
  <tag k="bus" v="yes"/>
  <tag k="departures_board" v="timetable"/>
  <tag k="highway" v="bus_stop"/>
  <tag k="lit" v="yes"/>
  <tag k="name" v="Stade de Valrose"/>
  <tag k="public_transport" v="platform"/>
  <tag k="shelter" v="no"/>
  <tag k="tactile_paving" v="no"/>
  <tag k="wheelchair" v="no"/>
 </node>
 <node id="9668459017" visible="true" version="1" changeset="119756973" timestamp="2022-04-15T16:03:58Z" user="Patchi" uid="591881" lat="43.7178814" lon="7.2661223"/>
 <node id="9668459018" visible="true" version="1" changeset="119756973" timestamp="2022-04-15T16:03:58Z" user="Patchi" uid="591881" lat="43.7178228" lon="7.2660512"/>
 <node id="9668459019" visible="true" version="1" changeset="119756973" timestamp="2022-04-15T16:03:58Z" user="Patchi" uid="591881" lat="43.7181751" lon="7.2667164"/>
 <node id="9668459020" visible="true" version="1" changeset="119756973" timestamp="2022-04-15T16:03:58Z" user="Patchi" uid="591881" lat="43.7181426" lon="7.2666547"/>
 <node id="9668459021" visible="true" version="1" changeset="119756973" timestamp="2022-04-15T16:03:58Z" user="Patchi" uid="591881" lat="43.7180067" lon="7.2663949"/>
 <node id="9668459022" visible="true" version="1" changeset="119756973" timestamp="2022-04-15T16:03:58Z" user="Patchi" uid="591881" lat="43.7180261" lon="7.2664341"/>
 <node id="9668459023" visible="true" version="1" changeset="119756973" timestamp="2022-04-15T16:03:58Z" user="Patchi" uid="591881" lat="43.7176963" lon="7.2659473"/>
 <node id="9668459024" visible="true" version="1" changeset="119756973" timestamp="2022-04-15T16:03:58Z" user="Patchi" uid="591881" lat="43.7170449" lon="7.2656549"/>
 <node id="9668459025" visible="true" version="1" changeset="119756973" timestamp="2022-04-15T16:03:58Z" user="Patchi" uid="591881" lat="43.7168976" lon="7.2656214"/>
 <node id="9668459031" visible="true" version="1" changeset="119756973" timestamp="2022-04-15T16:03:58Z" user="Patchi" uid="591881" lat="43.7158275" lon="7.2655343"/>
 <node id="9668459032" visible="true" version="4" changeset="156015870" timestamp="2024-08-31T13:46:24Z" user="Pyb" uid="150474" lat="43.7158287" lon="7.2651772">
  <tag k="bench" v="no"/>
  <tag k="bin" v="no"/>
  <tag k="bus" v="yes"/>
  <tag k="departures_board" v="timetable"/>
  <tag k="highway" v="bus_stop"/>
  <tag k="lit" v="no"/>
  <tag k="name" v="Valrose"/>
  <tag k="public_transport" v="platform"/>
  <tag k="shelter" v="no"/>
  <tag k="tactile_paving" v="yes"/>
  <tag k="wheelchair" v="yes"/>
 </node>
 <node id="9668459033" visible="true" version="2" changeset="136502497" timestamp="2023-05-24T14:09:01Z" user="Snusmumriken" uid="76269" lat="43.7157847" lon="7.2652180">
  <tag k="bus" v="yes"/>
  <tag k="name" v="Valrose"/>
  <tag k="public_transport" v="stop_position"/>
 </node>
 <node id="9668459034" visible="true" version="3" changeset="156015870" timestamp="2024-08-31T13:46:31Z" user="Pyb" uid="150474" lat="43.7157420" lon="7.2653443">
  <tag k="bench" v="no"/>
  <tag k="bin" v="no"/>
  <tag k="bus" v="yes"/>
  <tag k="departures_board" v="timetable"/>
  <tag k="highway" v="platform"/>
  <tag k="lit" v="no"/>
  <tag k="name" v="Valrose"/>
  <tag k="public_transport" v="platform"/>
  <tag k="shelter" v="no"/>
  <tag k="tactile_paving" v="yes"/>
  <tag k="wheelchair" v="yes"/>
 </node>
 <node id="9668459036" visible="true" version="2" changeset="136502497" timestamp="2023-05-24T14:09:01Z" user="Snusmumriken" uid="76269" lat="43.7158086" lon="7.2634220">
  <tag k="bus" v="yes"/>
  <tag k="name" v="Vallot"/>
  <tag k="public_transport" v="stop_position"/>
 </node>
 <node id="9668459037" visible="true" version="1" changeset="119756973" timestamp="2022-04-15T16:03:58Z" user="Patchi" uid="591881" lat="43.7155294" lon="7.2656838"/>
 <node id="9681376528" visible="true" version="1" changeset="119975915" timestamp="2022-04-20T23:42:05Z" user="Olyon" uid="1443767" lat="43.6946770" lon="7.2544135"/>
 <node id="9681376529" visible="true" version="2" changeset="132591537" timestamp="2023-02-15T16:56:54Z" user="Snusmumriken" uid="76269" lat="43.6949017" lon="7.2550267"/>
 <node id="9681376530" visible="true" version="2" changeset="132591537" timestamp="2023-02-15T16:56:54Z" user="Snusmumriken" uid="76269" lat="43.6949664" lon="7.2552394"/>
 <node id="9681376531" visible="true" version="1" changeset="119975915" timestamp="2022-04-20T23:42:05Z" user="Olyon" uid="1443767" lat="43.6949727" lon="7.2553632"/>
 <node id="9681376532" visible="true" version="1" changeset="119975915" timestamp="2022-04-20T23:42:05Z" user="Olyon" uid="1443767" lat="43.6950963" lon="7.2553303"/>
 <node id="9681376533" visible="true" version="1" changeset="119975915" timestamp="2022-04-20T23:42:05Z" user="Olyon" uid="1443767" lat="43.6959458" lon="7.2550075"/>
 <node id="9681376534" visible="true" version="1" changeset="119975915" timestamp="2022-04-20T23:42:05Z" user="Olyon" uid="1443767" lat="43.6960622" lon="7.2549761"/>
 <node id="9681376535" visible="true" version="1" changeset="119975915" timestamp="2022-04-20T23:42:05Z" user="Olyon" uid="1443767" lat="43.6961619" lon="7.2549763"/>
 <node id="9681376536" visible="true" version="1" changeset="119975915" timestamp="2022-04-20T23:42:05Z" user="Olyon" uid="1443767" lat="43.6967269" lon="7.2551447"/>
 <node id="9681376537" visible="true" version="1" changeset="119975915" timestamp="2022-04-20T23:42:05Z" user="Olyon" uid="1443767" lat="43.6965125" lon="7.2525443"/>
 <node id="9681376538" visible="true" version="1" changeset="119975915" timestamp="2022-04-20T23:42:05Z" user="Olyon" uid="1443767" lat="43.6964615" lon="7.2520284"/>
 <node id="9681376539" visible="true" version="1" changeset="119975915" timestamp="2022-04-20T23:42:05Z" user="Olyon" uid="1443767" lat="43.6964701" lon="7.2520263"/>
 <node id="9681376540" visible="true" version="1" changeset="119975915" timestamp="2022-04-20T23:42:05Z" user="Olyon" uid="1443767" lat="43.6964437" lon="7.2517506"/>
 <node id="9681376541" visible="true" version="1" changeset="119975915" timestamp="2022-04-20T23:42:05Z" user="Olyon" uid="1443767" lat="43.6963339" lon="7.2514830"/>
 <node id="9681376542" visible="true" version="1" changeset="119975915" timestamp="2022-04-20T23:42:05Z" user="Olyon" uid="1443767" lat="43.6963144" lon="7.2512446"/>
 <node id="9681376543" visible="true" version="1" changeset="119975915" timestamp="2022-04-20T23:42:05Z" user="Olyon" uid="1443767" lat="43.6963291" lon="7.2512311"/>
 <node id="9681376544" visible="true" version="1" changeset="119975915" timestamp="2022-04-20T23:42:05Z" user="Olyon" uid="1443767" lat="43.6963375" lon="7.2511047"/>
 <node id="9681376545" visible="true" version="1" changeset="119975915" timestamp="2022-04-20T23:42:05Z" user="Olyon" uid="1443767" lat="43.6962099" lon="7.2510129"/>
 <node id="9681376546" visible="true" version="1" changeset="119975915" timestamp="2022-04-20T23:42:05Z" user="Olyon" uid="1443767" lat="43.6962039" lon="7.2509645"/>
 <node id="9681376547" visible="true" version="1" changeset="119975915" timestamp="2022-04-20T23:42:05Z" user="Olyon" uid="1443767" lat="43.6961748" lon="7.2509316"/>
 <node id="9681376548" visible="true" version="1" changeset="119975915" timestamp="2022-04-20T23:42:05Z" user="Olyon" uid="1443767" lat="43.6961495" lon="7.2509303"/>
 <node id="9681376549" visible="true" version="1" changeset="119975915" timestamp="2022-04-20T23:42:05Z" user="Olyon" uid="1443767" lat="43.6961105" lon="7.2509465"/>
 <node id="9681376550" visible="true" version="1" changeset="119975915" timestamp="2022-04-20T23:42:05Z" user="Olyon" uid="1443767" lat="43.6959280" lon="7.2509035"/>
 <node id="9681376551" visible="true" version="1" changeset="119975915" timestamp="2022-04-20T23:42:05Z" user="Olyon" uid="1443767" lat="43.6956818" lon="7.2507939"/>
 <node id="9681376552" visible="true" version="1" changeset="119975915" timestamp="2022-04-20T23:42:05Z" user="Olyon" uid="1443767" lat="43.6955270" lon="7.2506859"/>
 <node id="9681376553" visible="true" version="1" changeset="119975915" timestamp="2022-04-20T23:42:05Z" user="Olyon" uid="1443767" lat="43.6955673" lon="7.2505940"/>
 <node id="9681376554" visible="true" version="1" changeset="119975915" timestamp="2022-04-20T23:42:05Z" user="Olyon" uid="1443767" lat="43.6955694" lon="7.2504902"/>
 <node id="9681376555" visible="true" version="1" changeset="119975915" timestamp="2022-04-20T23:42:05Z" user="Olyon" uid="1443767" lat="43.6955558" lon="7.2504351"/>
 <node id="9681376556" visible="true" version="1" changeset="119975915" timestamp="2022-04-20T23:42:05Z" user="Olyon" uid="1443767" lat="43.6955361" lon="7.2503961"/>
 <node id="9681376557" visible="true" version="1" changeset="119975915" timestamp="2022-04-20T23:42:05Z" user="Olyon" uid="1443767" lat="43.6955112" lon="7.2503631"/>
 <node id="9681376558" visible="true" version="1" changeset="119975915" timestamp="2022-04-20T23:42:05Z" user="Olyon" uid="1443767" lat="43.6954767" lon="7.2503359"/>
 <node id="9681376559" visible="true" version="1" changeset="119975915" timestamp="2022-04-20T23:42:05Z" user="Olyon" uid="1443767" lat="43.6953909" lon="7.2503106"/>
 <node id="9681376560" visible="true" version="1" changeset="119975915" timestamp="2022-04-20T23:42:05Z" user="Olyon" uid="1443767" lat="43.6947275" lon="7.2501875"/>
 <node id="9681376561" visible="true" version="1" changeset="119975915" timestamp="2022-04-20T23:42:05Z" user="Olyon" uid="1443767" lat="43.6946889" lon="7.2501544"/>
 <node id="9681376562" visible="true" version="1" changeset="119975915" timestamp="2022-04-20T23:42:05Z" user="Olyon" uid="1443767" lat="43.6946547" lon="7.2500812"/>
 <node id="9681376563" visible="true" version="1" changeset="119975915" timestamp="2022-04-20T23:42:05Z" user="Olyon" uid="1443767" lat="43.6945572" lon="7.2499885"/>
 <node id="9681376564" visible="true" version="1" changeset="119975915" timestamp="2022-04-20T23:42:05Z" user="Olyon" uid="1443767" lat="43.6942017" lon="7.2498421"/>
 <node id="9681376565" visible="true" version="1" changeset="119975915" timestamp="2022-04-20T23:42:05Z" user="Olyon" uid="1443767" lat="43.6942914" lon="7.2493417"/>
 <node id="9681376566" visible="true" version="1" changeset="119975915" timestamp="2022-04-20T23:42:05Z" user="Olyon" uid="1443767" lat="43.6942549" lon="7.2493258"/>
 <node id="9681376567" visible="true" version="1" changeset="119975915" timestamp="2022-04-20T23:42:05Z" user="Olyon" uid="1443767" lat="43.6941745" lon="7.2485773"/>
 <node id="9681376568" visible="true" version="1" changeset="119975915" timestamp="2022-04-20T23:42:05Z" user="Olyon" uid="1443767" lat="43.6942379" lon="7.2485773"/>
 <node id="9681376569" visible="true" version="1" changeset="119975915" timestamp="2022-04-20T23:42:05Z" user="Olyon" uid="1443767" lat="43.6942398" lon="7.2485926"/>
 <node id="9681376570" visible="true" version="1" changeset="119975915" timestamp="2022-04-20T23:42:05Z" user="Olyon" uid="1443767" lat="43.6942895" lon="7.2485805"/>
 <node id="9681376571" visible="true" version="1" changeset="119975915" timestamp="2022-04-20T23:42:05Z" user="Olyon" uid="1443767" lat="43.6943396" lon="7.2486237"/>
 <node id="9681376572" visible="true" version="1" changeset="119975915" timestamp="2022-04-20T23:42:05Z" user="Olyon" uid="1443767" lat="43.6946179" lon="7.2485647"/>
 <node id="9681376573" visible="true" version="1" changeset="119975915" timestamp="2022-04-20T23:42:05Z" user="Olyon" uid="1443767" lat="43.6946261" lon="7.2485306"/>
 <node id="9681376574" visible="true" version="1" changeset="119975915" timestamp="2022-04-20T23:42:05Z" user="Olyon" uid="1443767" lat="43.6947090" lon="7.2485195"/>
 <node id="9681376575" visible="true" version="1" changeset="119975915" timestamp="2022-04-20T23:42:05Z" user="Olyon" uid="1443767" lat="43.6949756" lon="7.2487016"/>
 <node id="9681376576" visible="true" version="1" changeset="119975915" timestamp="2022-04-20T23:42:05Z" user="Olyon" uid="1443767" lat="43.6949862" lon="7.2487149"/>
 <node id="9681376577" visible="true" version="1" changeset="119975915" timestamp="2022-04-20T23:42:05Z" user="Olyon" uid="1443767" lat="43.6948803" lon="7.2490990"/>
 <node id="9681376578" visible="true" version="1" changeset="119975915" timestamp="2022-04-20T23:42:05Z" user="Olyon" uid="1443767" lat="43.6948933" lon="7.2490918"/>
 <node id="9681376579" visible="true" version="1" changeset="119975915" timestamp="2022-04-20T23:42:05Z" user="Olyon" uid="1443767" lat="43.6958523" lon="7.2491980"/>
 <node id="9681376580" visible="true" version="1" changeset="119975915" timestamp="2022-04-20T23:42:05Z" user="Olyon" uid="1443767" lat="43.6960088" lon="7.2491555"/>
 <node id="9681376581" visible="true" version="1" changeset="119975915" timestamp="2022-04-20T23:42:05Z" user="Olyon" uid="1443767" lat="43.6960113" lon="7.2490895"/>
 <node id="9681376582" visible="true" version="1" changeset="119975915" timestamp="2022-04-20T23:42:05Z" user="Olyon" uid="1443767" lat="43.6959521" lon="7.2490873"/>
 <node id="9681376583" visible="true" version="1" changeset="119975915" timestamp="2022-04-20T23:42:05Z" user="Olyon" uid="1443767" lat="43.6959418" lon="7.2490699"/>
 <node id="9681376584" visible="true" version="1" changeset="119975915" timestamp="2022-04-20T23:42:05Z" user="Olyon" uid="1443767" lat="43.6959850" lon="7.2489417"/>
 <node id="9681376585" visible="true" version="1" changeset="119975915" timestamp="2022-04-20T23:42:05Z" user="Olyon" uid="1443767" lat="43.6960128" lon="7.2489450"/>
 <node id="9681376586" visible="true" version="1" changeset="119975915" timestamp="2022-04-20T23:42:05Z" user="Olyon" uid="1443767" lat="43.6960149" lon="7.2490114"/>
 <node id="9681376587" visible="true" version="1" changeset="119975915" timestamp="2022-04-20T23:42:05Z" user="Olyon" uid="1443767" lat="43.6960380" lon="7.2490107"/>
 <node id="9681376588" visible="true" version="1" changeset="119975915" timestamp="2022-04-20T23:42:05Z" user="Olyon" uid="1443767" lat="43.6960407" lon="7.2490242"/>
 <node id="9681376589" visible="true" version="1" changeset="119975915" timestamp="2022-04-20T23:42:05Z" user="Olyon" uid="1443767" lat="43.6961294" lon="7.2490165"/>
 <node id="9681376590" visible="true" version="1" changeset="119975915" timestamp="2022-04-20T23:42:05Z" user="Olyon" uid="1443767" lat="43.6961290" lon="7.2490038"/>
 <node id="9681376591" visible="true" version="1" changeset="119975915" timestamp="2022-04-20T23:42:05Z" user="Olyon" uid="1443767" lat="43.6961531" lon="7.2490048"/>
 <node id="9681376592" visible="true" version="1" changeset="119975915" timestamp="2022-04-20T23:42:05Z" user="Olyon" uid="1443767" lat="43.6963802" lon="7.2491180"/>
 <node id="9681376593" visible="true" version="1" changeset="119975915" timestamp="2022-04-20T23:42:05Z" user="Olyon" uid="1443767" lat="43.6963578" lon="7.2494028"/>
 <node id="9681376594" visible="true" version="1" changeset="119975915" timestamp="2022-04-20T23:42:05Z" user="Olyon" uid="1443767" lat="43.6964887" lon="7.2496762"/>
 <node id="9681376595" visible="true" version="1" changeset="119975915" timestamp="2022-04-20T23:42:05Z" user="Olyon" uid="1443767" lat="43.6965685" lon="7.2496945"/>
 <node id="9681376596" visible="true" version="1" changeset="119975915" timestamp="2022-04-20T23:42:05Z" user="Olyon" uid="1443767" lat="43.6967223" lon="7.2499382"/>
 <node id="9681376597" visible="true" version="1" changeset="119975915" timestamp="2022-04-20T23:42:05Z" user="Olyon" uid="1443767" lat="43.6967464" lon="7.2499179"/>
 <node id="9681376598" visible="true" version="1" changeset="119975915" timestamp="2022-04-20T23:42:05Z" user="Olyon" uid="1443767" lat="43.6967713" lon="7.2502042"/>
 <node id="9681376599" visible="true" version="1" changeset="119975915" timestamp="2022-04-20T23:42:05Z" user="Olyon" uid="1443767" lat="43.6967432" lon="7.2502067"/>
 <node id="9681376600" visible="true" version="1" changeset="119975915" timestamp="2022-04-20T23:42:05Z" user="Olyon" uid="1443767" lat="43.6967828" lon="7.2504870"/>
 <node id="9681376601" visible="true" version="1" changeset="119975915" timestamp="2022-04-20T23:42:05Z" user="Olyon" uid="1443767" lat="43.6966473" lon="7.2504498"/>
 <node id="9681376602" visible="true" version="1" changeset="119975915" timestamp="2022-04-20T23:42:05Z" user="Olyon" uid="1443767" lat="43.6966190" lon="7.2506659"/>
 <node id="9681376603" visible="true" version="1" changeset="119975915" timestamp="2022-04-20T23:42:05Z" user="Olyon" uid="1443767" lat="43.6967727" lon="7.2507375"/>
 <node id="9681376604" visible="true" version="1" changeset="119975915" timestamp="2022-04-20T23:42:05Z" user="Olyon" uid="1443767" lat="43.6968009" lon="7.2507078"/>
 <node id="9681376605" visible="true" version="1" changeset="119975915" timestamp="2022-04-20T23:42:05Z" user="Olyon" uid="1443767" lat="43.6967994" lon="7.2507469"/>
 <node id="9681376606" visible="true" version="1" changeset="119975915" timestamp="2022-04-20T23:42:05Z" user="Olyon" uid="1443767" lat="43.6967835" lon="7.2507453"/>
 <node id="9681376607" visible="true" version="1" changeset="119975915" timestamp="2022-04-20T23:42:05Z" user="Olyon" uid="1443767" lat="43.6967830" lon="7.2507535"/>
 <node id="9681376608" visible="true" version="1" changeset="119975915" timestamp="2022-04-20T23:42:05Z" user="Olyon" uid="1443767" lat="43.6967637" lon="7.2507521"/>
 <node id="9681376609" visible="true" version="1" changeset="119975915" timestamp="2022-04-20T23:42:05Z" user="Olyon" uid="1443767" lat="43.6967630" lon="7.2507388"/>
 <node id="9681376610" visible="true" version="1" changeset="119975915" timestamp="2022-04-20T23:42:05Z" user="Olyon" uid="1443767" lat="43.6967219" lon="7.2507348"/>
 <node id="9681376611" visible="true" version="1" changeset="119975915" timestamp="2022-04-20T23:42:05Z" user="Olyon" uid="1443767" lat="43.6967071" lon="7.2508257"/>
 <node id="9681376612" visible="true" version="1" changeset="119975915" timestamp="2022-04-20T23:42:05Z" user="Olyon" uid="1443767" lat="43.6967344" lon="7.2510297"/>
 <node id="9681376613" visible="true" version="1" changeset="119975915" timestamp="2022-04-20T23:42:05Z" user="Olyon" uid="1443767" lat="43.6966920" lon="7.2511560"/>
 <node id="9681376614" visible="true" version="1" changeset="119975915" timestamp="2022-04-20T23:42:05Z" user="Olyon" uid="1443767" lat="43.6967193" lon="7.2513869"/>
 <node id="9681376615" visible="true" version="1" changeset="119975915" timestamp="2022-04-20T23:42:05Z" user="Olyon" uid="1443767" lat="43.6966863" lon="7.2516904"/>
 <node id="9681376616" visible="true" version="1" changeset="119975915" timestamp="2022-04-20T23:42:05Z" user="Olyon" uid="1443767" lat="43.6967048" lon="7.2518564"/>
 <node id="9681377217" visible="true" version="1" changeset="119975915" timestamp="2022-04-20T23:42:05Z" user="Olyon" uid="1443767" lat="43.6967130" lon="7.2518550"/>
 <node id="9681377218" visible="true" version="1" changeset="119975915" timestamp="2022-04-20T23:42:05Z" user="Olyon" uid="1443767" lat="43.6967945" lon="7.2525705"/>
 <node id="9681377219" visible="true" version="1" changeset="119975915" timestamp="2022-04-20T23:42:05Z" user="Olyon" uid="1443767" lat="43.6971979" lon="7.2524437"/>
 <node id="9681377220" visible="true" version="1" changeset="119975915" timestamp="2022-04-20T23:42:05Z" user="Olyon" uid="1443767" lat="43.6971947" lon="7.2524152"/>
 <node id="9681377221" visible="true" version="1" changeset="119975915" timestamp="2022-04-20T23:42:05Z" user="Olyon" uid="1443767" lat="43.6974157" lon="7.2523249"/>
 <node id="9681377222" visible="true" version="1" changeset="119975915" timestamp="2022-04-20T23:42:05Z" user="Olyon" uid="1443767" lat="43.6974156" lon="7.2523760"/>
 <node id="9681377223" visible="true" version="1" changeset="119975915" timestamp="2022-04-20T23:42:05Z" user="Olyon" uid="1443767" lat="43.6978487" lon="7.2522401"/>
 <node id="9681377224" visible="true" version="1" changeset="119975915" timestamp="2022-04-20T23:42:05Z" user="Olyon" uid="1443767" lat="43.6978694" lon="7.2522591"/>
 <node id="9681377225" visible="true" version="1" changeset="119975915" timestamp="2022-04-20T23:42:05Z" user="Olyon" uid="1443767" lat="43.6977794" lon="7.2532837"/>
 <node id="9681377226" visible="true" version="1" changeset="119975915" timestamp="2022-04-20T23:42:05Z" user="Olyon" uid="1443767" lat="43.6978756" lon="7.2532961"/>
 <node id="9681377227" visible="true" version="1" changeset="119975915" timestamp="2022-04-20T23:42:05Z" user="Olyon" uid="1443767" lat="43.6978715" lon="7.2533418"/>
 <node id="9681377228" visible="true" version="1" changeset="119975915" timestamp="2022-04-20T23:42:05Z" user="Olyon" uid="1443767" lat="43.6979252" lon="7.2533533"/>
 <node id="9681377229" visible="true" version="1" changeset="119975915" timestamp="2022-04-20T23:42:05Z" user="Olyon" uid="1443767" lat="43.6979021" lon="7.2536068"/>
 <node id="9681377230" visible="true" version="1" changeset="119975915" timestamp="2022-04-20T23:42:05Z" user="Olyon" uid="1443767" lat="43.6978488" lon="7.2536018"/>
 <node id="9681377231" visible="true" version="1" changeset="119975915" timestamp="2022-04-20T23:42:05Z" user="Olyon" uid="1443767" lat="43.6978025" lon="7.2541085"/>
 <node id="9681377232" visible="true" version="1" changeset="119975915" timestamp="2022-04-20T23:42:05Z" user="Olyon" uid="1443767" lat="43.6978548" lon="7.2541192"/>
 <node id="9681377233" visible="true" version="1" changeset="119975915" timestamp="2022-04-20T23:42:05Z" user="Olyon" uid="1443767" lat="43.6977540" lon="7.2552519"/>
 <node id="9681377234" visible="true" version="1" changeset="119975915" timestamp="2022-04-20T23:42:05Z" user="Olyon" uid="1443767" lat="43.6977697" lon="7.2552902"/>
 <node id="9681377235" visible="true" version="1" changeset="119975915" timestamp="2022-04-20T23:42:05Z" user="Olyon" uid="1443767" lat="43.6980629" lon="7.2553827"/>
 <node id="9681377236" visible="true" version="1" changeset="119975915" timestamp="2022-04-20T23:42:05Z" user="Olyon" uid="1443767" lat="43.6980608" lon="7.2553979"/>
 <node id="9681377237" visible="true" version="1" changeset="119975915" timestamp="2022-04-20T23:42:05Z" user="Olyon" uid="1443767" lat="43.6982392" lon="7.2554488"/>
 <node id="9681377238" visible="true" version="1" changeset="119975915" timestamp="2022-04-20T23:42:05Z" user="Olyon" uid="1443767" lat="43.6987143" lon="7.2555091"/>
 <node id="9681377239" visible="true" version="1" changeset="119975915" timestamp="2022-04-20T23:42:05Z" user="Olyon" uid="1443767" lat="43.6987524" lon="7.2541810"/>
 <node id="9681377240" visible="true" version="1" changeset="119975915" timestamp="2022-04-20T23:42:05Z" user="Olyon" uid="1443767" lat="43.6988470" lon="7.2536522"/>
 <node id="9681377241" visible="true" version="1" changeset="119975915" timestamp="2022-04-20T23:42:05Z" user="Olyon" uid="1443767" lat="43.6989180" lon="7.2534554"/>
 <node id="9681377242" visible="true" version="1" changeset="119975915" timestamp="2022-04-20T23:42:05Z" user="Olyon" uid="1443767" lat="43.6989463" lon="7.2533269"/>
 <node id="9681377243" visible="true" version="1" changeset="119975915" timestamp="2022-04-20T23:42:05Z" user="Olyon" uid="1443767" lat="43.6989585" lon="7.2533320"/>
 <node id="9681377244" visible="true" version="1" changeset="119975915" timestamp="2022-04-20T23:42:05Z" user="Olyon" uid="1443767" lat="43.6989876" lon="7.2532010"/>
 <node id="9681377245" visible="true" version="1" changeset="119975915" timestamp="2022-04-20T23:42:05Z" user="Olyon" uid="1443767" lat="43.6991130" lon="7.2532591"/>
 <node id="9681377246" visible="true" version="1" changeset="119975915" timestamp="2022-04-20T23:42:05Z" user="Olyon" uid="1443767" lat="43.6991137" lon="7.2533188"/>
 <node id="9681377247" visible="true" version="1" changeset="119975915" timestamp="2022-04-20T23:42:05Z" user="Olyon" uid="1443767" lat="43.6992847" lon="7.2533128"/>
 <node id="9681377248" visible="true" version="1" changeset="119975915" timestamp="2022-04-20T23:42:05Z" user="Olyon" uid="1443767" lat="43.6992848" lon="7.2533388"/>
 <node id="9681377249" visible="true" version="1" changeset="119975915" timestamp="2022-04-20T23:42:05Z" user="Olyon" uid="1443767" lat="43.6996383" lon="7.2533262"/>
 <node id="9681377250" visible="true" version="1" changeset="119975915" timestamp="2022-04-20T23:42:05Z" user="Olyon" uid="1443767" lat="43.6996356" lon="7.2529859"/>
 <node id="9681377251" visible="true" version="1" changeset="119975915" timestamp="2022-04-20T23:42:05Z" user="Olyon" uid="1443767" lat="43.7001451" lon="7.2528513"/>
 <node id="9681377252" visible="true" version="1" changeset="119975915" timestamp="2022-04-20T23:42:05Z" user="Olyon" uid="1443767" lat="43.7001486" lon="7.2528697"/>
 <node id="9681377253" visible="true" version="1" changeset="119975915" timestamp="2022-04-20T23:42:05Z" user="Olyon" uid="1443767" lat="43.7002948" lon="7.2528327"/>
 <node id="9681377254" visible="true" version="1" changeset="119975915" timestamp="2022-04-20T23:42:05Z" user="Olyon" uid="1443767" lat="43.7003197" lon="7.2528420"/>
 <node id="9681377255" visible="true" version="1" changeset="119975915" timestamp="2022-04-20T23:42:05Z" user="Olyon" uid="1443767" lat="43.7005331" lon="7.2534216"/>
 <node id="9681377256" visible="true" version="1" changeset="119975915" timestamp="2022-04-20T23:42:05Z" user="Olyon" uid="1443767" lat="43.7005967" lon="7.2536262"/>
 <node id="9681377257" visible="true" version="1" changeset="119975915" timestamp="2022-04-20T23:42:05Z" user="Olyon" uid="1443767" lat="43.7006182" lon="7.2536460"/>
 <node id="9681377258" visible="true" version="1" changeset="119975915" timestamp="2022-04-20T23:42:05Z" user="Olyon" uid="1443767" lat="43.7007851" lon="7.2541019"/>
 <node id="9681377259" visible="true" version="1" changeset="119975915" timestamp="2022-04-20T23:42:05Z" user="Olyon" uid="1443767" lat="43.7009931" lon="7.2541263"/>
 <node id="9681377260" visible="true" version="1" changeset="119975915" timestamp="2022-04-20T23:42:05Z" user="Olyon" uid="1443767" lat="43.7012254" lon="7.2540992"/>
 <node id="9681377261" visible="true" version="1" changeset="119975915" timestamp="2022-04-20T23:42:05Z" user="Olyon" uid="1443767" lat="43.7012983" lon="7.2543117"/>
 <node id="9681377262" visible="true" version="1" changeset="119975915" timestamp="2022-04-20T23:42:05Z" user="Olyon" uid="1443767" lat="43.7015962" lon="7.2550308"/>
 <node id="9681377263" visible="true" version="1" changeset="119975915" timestamp="2022-04-20T23:42:05Z" user="Olyon" uid="1443767" lat="43.7015716" lon="7.2553601"/>
 <node id="9681377264" visible="true" version="1" changeset="119975915" timestamp="2022-04-20T23:42:05Z" user="Olyon" uid="1443767" lat="43.7016241" lon="7.2553852"/>
 <node id="9681377265" visible="true" version="1" changeset="119975915" timestamp="2022-04-20T23:42:05Z" user="Olyon" uid="1443767" lat="43.7016214" lon="7.2554022"/>
 <node id="9681377266" visible="true" version="1" changeset="119975915" timestamp="2022-04-20T23:42:05Z" user="Olyon" uid="1443767" lat="43.7017989" lon="7.2555002"/>
 <node id="9681377267" visible="true" version="1" changeset="119975915" timestamp="2022-04-20T23:42:05Z" user="Olyon" uid="1443767" lat="43.7018256" lon="7.2554935"/>
 <node id="9681377268" visible="true" version="1" changeset="119975915" timestamp="2022-04-20T23:42:05Z" user="Olyon" uid="1443767" lat="43.7018836" lon="7.2554467"/>
 <node id="9681377269" visible="true" version="1" changeset="119975915" timestamp="2022-04-20T23:42:05Z" user="Olyon" uid="1443767" lat="43.7020017" lon="7.2557099"/>
 <node id="9681377270" visible="true" version="1" changeset="119975915" timestamp="2022-04-20T23:42:05Z" user="Olyon" uid="1443767" lat="43.7021473" lon="7.2561617"/>
 <node id="9681377271" visible="true" version="1" changeset="119975915" timestamp="2022-04-20T23:42:05Z" user="Olyon" uid="1443767" lat="43.7025981" lon="7.2561566"/>
 <node id="9681377272" visible="true" version="1" changeset="119975915" timestamp="2022-04-20T23:42:05Z" user="Olyon" uid="1443767" lat="43.7026013" lon="7.2544959"/>
 <node id="9681377273" visible="true" version="1" changeset="119975915" timestamp="2022-04-20T23:42:05Z" user="Olyon" uid="1443767" lat="43.7026091" lon="7.2542068"/>
 <node id="9681377274" visible="true" version="1" changeset="119975915" timestamp="2022-04-20T23:42:05Z" user="Olyon" uid="1443767" lat="43.7025724" lon="7.2539527"/>
 <node id="9681377275" visible="true" version="1" changeset="119975915" timestamp="2022-04-20T23:42:05Z" user="Olyon" uid="1443767" lat="43.7023387" lon="7.2539441"/>
 <node id="9681377276" visible="true" version="1" changeset="119975915" timestamp="2022-04-20T23:42:05Z" user="Olyon" uid="1443767" lat="43.7023192" lon="7.2539140"/>
 <node id="9681377277" visible="true" version="1" changeset="119975915" timestamp="2022-04-20T23:42:05Z" user="Olyon" uid="1443767" lat="43.7023393" lon="7.2531046"/>
 <node id="9681377278" visible="true" version="1" changeset="119975915" timestamp="2022-04-20T23:42:05Z" user="Olyon" uid="1443767" lat="43.7026313" lon="7.2531137"/>
 <node id="9681377279" visible="true" version="1" changeset="119975915" timestamp="2022-04-20T23:42:05Z" user="Olyon" uid="1443767" lat="43.7028143" lon="7.2532850"/>
 <node id="9681377280" visible="true" version="1" changeset="119975915" timestamp="2022-04-20T23:42:05Z" user="Olyon" uid="1443767" lat="43.7028413" lon="7.2532722"/>
 <node id="9681377281" visible="true" version="1" changeset="119975915" timestamp="2022-04-20T23:42:05Z" user="Olyon" uid="1443767" lat="43.7028621" lon="7.2532368"/>
 <node id="9681377282" visible="true" version="1" changeset="119975915" timestamp="2022-04-20T23:42:05Z" user="Olyon" uid="1443767" lat="43.7029585" lon="7.2532285"/>
 <node id="9681377283" visible="true" version="1" changeset="119975915" timestamp="2022-04-20T23:42:05Z" user="Olyon" uid="1443767" lat="43.7030759" lon="7.2532031"/>
 <node id="9681377284" visible="true" version="1" changeset="119975915" timestamp="2022-04-20T23:42:05Z" user="Olyon" uid="1443767" lat="43.7033188" lon="7.2530872"/>
 <node id="9681377285" visible="true" version="1" changeset="119975915" timestamp="2022-04-20T23:42:05Z" user="Olyon" uid="1443767" lat="43.7033856" lon="7.2530765"/>
 <node id="9681377286" visible="true" version="1" changeset="119975915" timestamp="2022-04-20T23:42:05Z" user="Olyon" uid="1443767" lat="43.7033754" lon="7.2530014"/>
 <node id="9681377287" visible="true" version="1" changeset="119975915" timestamp="2022-04-20T23:42:05Z" user="Olyon" uid="1443767" lat="43.7034465" lon="7.2527727"/>
 <node id="9681377288" visible="true" version="1" changeset="119975915" timestamp="2022-04-20T23:42:05Z" user="Olyon" uid="1443767" lat="43.7035202" lon="7.2525729"/>
 <node id="9681377289" visible="true" version="1" changeset="119975915" timestamp="2022-04-20T23:42:05Z" user="Olyon" uid="1443767" lat="43.7036892" lon="7.2525886"/>
 <node id="9681377290" visible="true" version="1" changeset="119975915" timestamp="2022-04-20T23:42:05Z" user="Olyon" uid="1443767" lat="43.7036913" lon="7.2524843"/>
 <node id="9681377291" visible="true" version="1" changeset="119975915" timestamp="2022-04-20T23:42:05Z" user="Olyon" uid="1443767" lat="43.7036795" lon="7.2524607"/>
 <node id="9681377292" visible="true" version="1" changeset="119975915" timestamp="2022-04-20T23:42:05Z" user="Olyon" uid="1443767" lat="43.7036730" lon="7.2523388"/>
 <node id="9681377293" visible="true" version="1" changeset="119975915" timestamp="2022-04-20T23:42:05Z" user="Olyon" uid="1443767" lat="43.7036904" lon="7.2521377"/>
 <node id="9681377294" visible="true" version="1" changeset="119975915" timestamp="2022-04-20T23:42:05Z" user="Olyon" uid="1443767" lat="43.7037582" lon="7.2518185"/>
 <node id="9681377295" visible="true" version="1" changeset="119975915" timestamp="2022-04-20T23:42:05Z" user="Olyon" uid="1443767" lat="43.7037759" lon="7.2516478"/>
 <node id="9681377296" visible="true" version="1" changeset="119975915" timestamp="2022-04-20T23:42:05Z" user="Olyon" uid="1443767" lat="43.7038039" lon="7.2516092"/>
 <node id="9681377297" visible="true" version="1" changeset="119975915" timestamp="2022-04-20T23:42:05Z" user="Olyon" uid="1443767" lat="43.7038277" lon="7.2516047"/>
 <node id="9681377298" visible="true" version="1" changeset="119975915" timestamp="2022-04-20T23:42:05Z" user="Olyon" uid="1443767" lat="43.7045952" lon="7.2516872"/>
 <node id="9681377299" visible="true" version="1" changeset="119975915" timestamp="2022-04-20T23:42:05Z" user="Olyon" uid="1443767" lat="43.7045964" lon="7.2516613"/>
 <node id="9681377300" visible="true" version="1" changeset="119975915" timestamp="2022-04-20T23:42:05Z" user="Olyon" uid="1443767" lat="43.7050607" lon="7.2517152"/>
 <node id="9681377301" visible="true" version="1" changeset="119975915" timestamp="2022-04-20T23:42:05Z" user="Olyon" uid="1443767" lat="43.7050838" lon="7.2518298"/>
 <node id="9681377302" visible="true" version="1" changeset="119975915" timestamp="2022-04-20T23:42:05Z" user="Olyon" uid="1443767" lat="43.7051137" lon="7.2518925"/>
 <node id="9681377303" visible="true" version="1" changeset="119975915" timestamp="2022-04-20T23:42:05Z" user="Olyon" uid="1443767" lat="43.7051765" lon="7.2519743"/>
 <node id="9681377304" visible="true" version="1" changeset="119975915" timestamp="2022-04-20T23:42:05Z" user="Olyon" uid="1443767" lat="43.7052325" lon="7.2520131"/>
 <node id="9681377305" visible="true" version="1" changeset="119975915" timestamp="2022-04-20T23:42:05Z" user="Olyon" uid="1443767" lat="43.7051397" lon="7.2525922"/>
 <node id="9681377306" visible="true" version="1" changeset="119975915" timestamp="2022-04-20T23:42:05Z" user="Olyon" uid="1443767" lat="43.7051350" lon="7.2527051"/>
 <node id="9681377307" visible="true" version="1" changeset="119975915" timestamp="2022-04-20T23:42:05Z" user="Olyon" uid="1443767" lat="43.7050608" lon="7.2531136"/>
 <node id="9681377308" visible="true" version="1" changeset="119975915" timestamp="2022-04-20T23:42:05Z" user="Olyon" uid="1443767" lat="43.7056868" lon="7.2531811"/>
 <node id="9681377309" visible="true" version="1" changeset="119975915" timestamp="2022-04-20T23:42:05Z" user="Olyon" uid="1443767" lat="43.7056335" lon="7.2534955"/>
 <node id="9681377310" visible="true" version="1" changeset="119975915" timestamp="2022-04-20T23:42:05Z" user="Olyon" uid="1443767" lat="43.7055156" lon="7.2534828"/>
 <node id="9681377311" visible="true" version="1" changeset="119975915" timestamp="2022-04-20T23:42:05Z" user="Olyon" uid="1443767" lat="43.7055007" lon="7.2538364"/>
 <node id="9681377312" visible="true" version="1" changeset="119975915" timestamp="2022-04-20T23:42:05Z" user="Olyon" uid="1443767" lat="43.7055330" lon="7.2538628"/>
 <node id="9681377313" visible="true" version="1" changeset="119975915" timestamp="2022-04-20T23:42:05Z" user="Olyon" uid="1443767" lat="43.7055394" lon="7.2538955"/>
 <node id="9681377314" visible="true" version="1" changeset="119975915" timestamp="2022-04-20T23:42:05Z" user="Olyon" uid="1443767" lat="43.7056487" lon="7.2539602"/>
 <node id="9681377315" visible="true" version="1" changeset="119975915" timestamp="2022-04-20T23:42:05Z" user="Olyon" uid="1443767" lat="43.7057303" lon="7.2539980"/>
 <node id="9681377316" visible="true" version="1" changeset="119975915" timestamp="2022-04-20T23:42:05Z" user="Olyon" uid="1443767" lat="43.7058329" lon="7.2540249"/>
 <node id="9681377317" visible="true" version="1" changeset="119975915" timestamp="2022-04-20T23:42:05Z" user="Olyon" uid="1443767" lat="43.7060105" lon="7.2540938"/>
 <node id="9681377318" visible="true" version="1" changeset="119975915" timestamp="2022-04-20T23:42:05Z" user="Olyon" uid="1443767" lat="43.7060038" lon="7.2542552"/>
 <node id="9681377319" visible="true" version="1" changeset="119975915" timestamp="2022-04-20T23:42:05Z" user="Olyon" uid="1443767" lat="43.7059723" lon="7.2545367"/>
 <node id="9681377320" visible="true" version="1" changeset="119975915" timestamp="2022-04-20T23:42:05Z" user="Olyon" uid="1443767" lat="43.7058537" lon="7.2546164"/>
 <node id="9681377321" visible="true" version="1" changeset="119975915" timestamp="2022-04-20T23:42:05Z" user="Olyon" uid="1443767" lat="43.7055276" lon="7.2545892"/>
 <node id="9681377322" visible="true" version="1" changeset="119975915" timestamp="2022-04-20T23:42:05Z" user="Olyon" uid="1443767" lat="43.7054303" lon="7.2545913"/>
 <node id="9681377323" visible="true" version="1" changeset="119975915" timestamp="2022-04-20T23:42:05Z" user="Olyon" uid="1443767" lat="43.7053983" lon="7.2546262"/>
 <node id="9681377324" visible="true" version="1" changeset="119975915" timestamp="2022-04-20T23:42:05Z" user="Olyon" uid="1443767" lat="43.7053530" lon="7.2546305"/>
 <node id="9681377325" visible="true" version="1" changeset="119975915" timestamp="2022-04-20T23:42:05Z" user="Olyon" uid="1443767" lat="43.7049165" lon="7.2544368"/>
 <node id="9681377326" visible="true" version="1" changeset="119975915" timestamp="2022-04-20T23:42:05Z" user="Olyon" uid="1443767" lat="43.7048223" lon="7.2544108"/>
 <node id="9681377327" visible="true" version="1" changeset="119975915" timestamp="2022-04-20T23:42:05Z" user="Olyon" uid="1443767" lat="43.7047605" lon="7.2543665"/>
 <node id="9681377328" visible="true" version="1" changeset="119975915" timestamp="2022-04-20T23:42:05Z" user="Olyon" uid="1443767" lat="43.7047571" lon="7.2544477"/>
 <node id="9681377329" visible="true" version="1" changeset="119975915" timestamp="2022-04-20T23:42:05Z" user="Olyon" uid="1443767" lat="43.7044674" lon="7.2543740"/>
 <node id="9681377330" visible="true" version="1" changeset="119975915" timestamp="2022-04-20T23:42:05Z" user="Olyon" uid="1443767" lat="43.7044686" lon="7.2543640"/>
 <node id="9681377331" visible="true" version="1" changeset="119975915" timestamp="2022-04-20T23:42:05Z" user="Olyon" uid="1443767" lat="43.7043068" lon="7.2543031"/>
 <node id="9681377332" visible="true" version="1" changeset="119975915" timestamp="2022-04-20T23:42:05Z" user="Olyon" uid="1443767" lat="43.7042929" lon="7.2543309"/>
 <node id="9681377333" visible="true" version="1" changeset="119975915" timestamp="2022-04-20T23:42:05Z" user="Olyon" uid="1443767" lat="43.7031374" lon="7.2540394"/>
 <node id="9681377334" visible="true" version="1" changeset="119975915" timestamp="2022-04-20T23:42:05Z" user="Olyon" uid="1443767" lat="43.7030887" lon="7.2544303"/>
 <node id="9681377335" visible="true" version="1" changeset="119975915" timestamp="2022-04-20T23:42:05Z" user="Olyon" uid="1443767" lat="43.7030419" lon="7.2545105"/>
 <node id="9681377336" visible="true" version="1" changeset="119975915" timestamp="2022-04-20T23:42:05Z" user="Olyon" uid="1443767" lat="43.7029960" lon="7.2548974"/>
 <node id="9681377337" visible="true" version="1" changeset="119975915" timestamp="2022-04-20T23:42:05Z" user="Olyon" uid="1443767" lat="43.7030825" lon="7.2549115"/>
 <node id="9681377338" visible="true" version="1" changeset="119975915" timestamp="2022-04-20T23:42:05Z" user="Olyon" uid="1443767" lat="43.7030923" lon="7.2560367"/>
 <node id="9681377339" visible="true" version="1" changeset="119975915" timestamp="2022-04-20T23:42:05Z" user="Olyon" uid="1443767" lat="43.7027645" lon="7.2562984"/>
 <node id="9681377340" visible="true" version="1" changeset="119975915" timestamp="2022-04-20T23:42:05Z" user="Olyon" uid="1443767" lat="43.7019299" lon="7.2563198"/>
 <node id="9681377341" visible="true" version="1" changeset="119975915" timestamp="2022-04-20T23:42:05Z" user="Olyon" uid="1443767" lat="43.7018491" lon="7.2565019"/>
 <node id="9681377342" visible="true" version="1" changeset="119975915" timestamp="2022-04-20T23:42:05Z" user="Olyon" uid="1443767" lat="43.7030582" lon="7.2593970"/>
 <node id="9681377343" visible="true" version="1" changeset="119975915" timestamp="2022-04-20T23:42:05Z" user="Olyon" uid="1443767" lat="43.7038180" lon="7.2611343"/>
 <node id="9681377344" visible="true" version="1" changeset="119975915" timestamp="2022-04-20T23:42:05Z" user="Olyon" uid="1443767" lat="43.7042254" lon="7.2607987"/>
 <node id="9681377345" visible="true" version="1" changeset="119975915" timestamp="2022-04-20T23:42:05Z" user="Olyon" uid="1443767" lat="43.7046114" lon="7.2604662"/>
 <node id="9681377346" visible="true" version="1" changeset="119975915" timestamp="2022-04-20T23:42:05Z" user="Olyon" uid="1443767" lat="43.7054980" lon="7.2624906"/>
 <node id="9681377347" visible="true" version="1" changeset="119975915" timestamp="2022-04-20T23:42:05Z" user="Olyon" uid="1443767" lat="43.7048345" lon="7.2630477"/>
 <node id="9681377348" visible="true" version="1" changeset="119975915" timestamp="2022-04-20T23:42:05Z" user="Olyon" uid="1443767" lat="43.7048514" lon="7.2630858"/>
 <node id="9681377349" visible="true" version="1" changeset="119975915" timestamp="2022-04-20T23:42:05Z" user="Olyon" uid="1443767" lat="43.7048075" lon="7.2631920"/>
 <node id="9681377350" visible="true" version="1" changeset="119975915" timestamp="2022-04-20T23:42:05Z" user="Olyon" uid="1443767" lat="43.7047749" lon="7.2632155"/>
 <node id="9681377351" visible="true" version="1" changeset="119975915" timestamp="2022-04-20T23:42:05Z" user="Olyon" uid="1443767" lat="43.7053548" lon="7.2645121"/>
 <node id="9681377352" visible="true" version="1" changeset="119975915" timestamp="2022-04-20T23:42:05Z" user="Olyon" uid="1443767" lat="43.7054090" lon="7.2645851"/>
 <node id="9681377353" visible="true" version="1" changeset="119975915" timestamp="2022-04-20T23:42:05Z" user="Olyon" uid="1443767" lat="43.7054692" lon="7.2646350"/>
 <node id="9681377354" visible="true" version="1" changeset="119975915" timestamp="2022-04-20T23:42:05Z" user="Olyon" uid="1443767" lat="43.7055427" lon="7.2646580"/>
 <node id="9681377355" visible="true" version="1" changeset="119975915" timestamp="2022-04-20T23:42:05Z" user="Olyon" uid="1443767" lat="43.7056065" lon="7.2646490"/>
 <node id="9681377356" visible="true" version="1" changeset="119975915" timestamp="2022-04-20T23:42:05Z" user="Olyon" uid="1443767" lat="43.7063725" lon="7.2641780"/>
 <node id="9681377357" visible="true" version="1" changeset="119975915" timestamp="2022-04-20T23:42:05Z" user="Olyon" uid="1443767" lat="43.7063910" lon="7.2641345"/>
 <node id="9681377358" visible="true" version="1" changeset="119975915" timestamp="2022-04-20T23:42:05Z" user="Olyon" uid="1443767" lat="43.7065084" lon="7.2640264"/>
 <node id="9681377359" visible="true" version="1" changeset="119975915" timestamp="2022-04-20T23:42:05Z" user="Olyon" uid="1443767" lat="43.7064636" lon="7.2634267"/>
 <node id="9681377360" visible="true" version="1" changeset="119975915" timestamp="2022-04-20T23:42:05Z" user="Olyon" uid="1443767" lat="43.7064829" lon="7.2633660"/>
 <node id="9681377361" visible="true" version="1" changeset="119975915" timestamp="2022-04-20T23:42:05Z" user="Olyon" uid="1443767" lat="43.7082586" lon="7.2617027"/>
 <node id="9681377362" visible="true" version="1" changeset="119975915" timestamp="2022-04-20T23:42:05Z" user="Olyon" uid="1443767" lat="43.7083383" lon="7.2616492"/>
 <node id="9681377363" visible="true" version="1" changeset="119975915" timestamp="2022-04-20T23:42:05Z" user="Olyon" uid="1443767" lat="43.7085179" lon="7.2615770"/>
 <node id="9681377364" visible="true" version="1" changeset="119975915" timestamp="2022-04-20T23:42:05Z" user="Olyon" uid="1443767" lat="43.7085403" lon="7.2615220"/>
 <node id="9681377365" visible="true" version="1" changeset="119975915" timestamp="2022-04-20T23:42:05Z" user="Olyon" uid="1443767" lat="43.7087422" lon="7.2614660"/>
 <node id="9681377366" visible="true" version="1" changeset="119975915" timestamp="2022-04-20T23:42:05Z" user="Olyon" uid="1443767" lat="43.7087540" lon="7.2614697"/>
 <node id="9681377367" visible="true" version="1" changeset="119975915" timestamp="2022-04-20T23:42:05Z" user="Olyon" uid="1443767" lat="43.7089866" lon="7.2618375"/>
 <node id="9681377368" visible="true" version="1" changeset="119975915" timestamp="2022-04-20T23:42:05Z" user="Olyon" uid="1443767" lat="43.7092745" lon="7.2616552"/>
 <node id="9681377369" visible="true" version="1" changeset="119975915" timestamp="2022-04-20T23:42:05Z" user="Olyon" uid="1443767" lat="43.7092910" lon="7.2617046"/>
 <node id="9681377370" visible="true" version="1" changeset="119975915" timestamp="2022-04-20T23:42:05Z" user="Olyon" uid="1443767" lat="43.7094737" lon="7.2615888"/>
 <node id="9681377371" visible="true" version="1" changeset="119975915" timestamp="2022-04-20T23:42:05Z" user="Olyon" uid="1443767" lat="43.7094573" lon="7.2615393"/>
 <node id="9681377372" visible="true" version="1" changeset="119975915" timestamp="2022-04-20T23:42:05Z" user="Olyon" uid="1443767" lat="43.7096469" lon="7.2614192"/>
 <node id="9681377373" visible="true" version="1" changeset="119975915" timestamp="2022-04-20T23:42:05Z" user="Olyon" uid="1443767" lat="43.7097161" lon="7.2616244"/>
 <node id="9681377374" visible="true" version="1" changeset="119975915" timestamp="2022-04-20T23:42:05Z" user="Olyon" uid="1443767" lat="43.7098480" lon="7.2617436"/>
 <node id="9681377375" visible="true" version="1" changeset="119975915" timestamp="2022-04-20T23:42:05Z" user="Olyon" uid="1443767" lat="43.7098772" lon="7.2616763"/>
 <node id="9681377376" visible="true" version="1" changeset="119975915" timestamp="2022-04-20T23:42:05Z" user="Olyon" uid="1443767" lat="43.7099182" lon="7.2616205"/>
 <node id="9681377377" visible="true" version="1" changeset="119975915" timestamp="2022-04-20T23:42:05Z" user="Olyon" uid="1443767" lat="43.7097966" lon="7.2614655"/>
 <node id="9681377378" visible="true" version="1" changeset="119975915" timestamp="2022-04-20T23:42:05Z" user="Olyon" uid="1443767" lat="43.7096497" lon="7.2610294"/>
 <node id="9681377379" visible="true" version="1" changeset="119975915" timestamp="2022-04-20T23:42:05Z" user="Olyon" uid="1443767" lat="43.7098484" lon="7.2609027"/>
 <node id="9681377380" visible="true" version="1" changeset="119975915" timestamp="2022-04-20T23:42:05Z" user="Olyon" uid="1443767" lat="43.7100339" lon="7.2609185"/>
 <node id="9681377381" visible="true" version="1" changeset="119975915" timestamp="2022-04-20T23:42:05Z" user="Olyon" uid="1443767" lat="43.7102095" lon="7.2611891"/>
 <node id="9681377382" visible="true" version="1" changeset="119975915" timestamp="2022-04-20T23:42:05Z" user="Olyon" uid="1443767" lat="43.7103829" lon="7.2611959"/>
 <node id="9681377383" visible="true" version="1" changeset="119975915" timestamp="2022-04-20T23:42:05Z" user="Olyon" uid="1443767" lat="43.7105109" lon="7.2615341"/>
 <node id="9681377384" visible="true" version="1" changeset="119975915" timestamp="2022-04-20T23:42:05Z" user="Olyon" uid="1443767" lat="43.7104953" lon="7.2615450"/>
 <node id="9681377385" visible="true" version="1" changeset="119975915" timestamp="2022-04-20T23:42:05Z" user="Olyon" uid="1443767" lat="43.7105092" lon="7.2615820"/>
 <node id="9681377386" visible="true" version="1" changeset="119975915" timestamp="2022-04-20T23:42:05Z" user="Olyon" uid="1443767" lat="43.7105239" lon="7.2615709"/>
 <node id="9681377387" visible="true" version="1" changeset="119975915" timestamp="2022-04-20T23:42:05Z" user="Olyon" uid="1443767" lat="43.7105493" lon="7.2616321"/>
 <node id="9681377388" visible="true" version="1" changeset="119975915" timestamp="2022-04-20T23:42:05Z" user="Olyon" uid="1443767" lat="43.7105688" lon="7.2618429"/>
 <node id="9681377389" visible="true" version="1" changeset="119975915" timestamp="2022-04-20T23:42:05Z" user="Olyon" uid="1443767" lat="43.7104390" lon="7.2620581"/>
 <node id="9681377390" visible="true" version="1" changeset="119975915" timestamp="2022-04-20T23:42:05Z" user="Olyon" uid="1443767" lat="43.7104240" lon="7.2621236"/>
 <node id="9681377391" visible="true" version="1" changeset="119975915" timestamp="2022-04-20T23:42:05Z" user="Olyon" uid="1443767" lat="43.7103758" lon="7.2622434"/>
 <node id="9681377392" visible="true" version="1" changeset="119975915" timestamp="2022-04-20T23:42:05Z" user="Olyon" uid="1443767" lat="43.7102679" lon="7.2623397"/>
 <node id="9681377393" visible="true" version="1" changeset="119975915" timestamp="2022-04-20T23:42:05Z" user="Olyon" uid="1443767" lat="43.7101830" lon="7.2623878"/>
 <node id="9681377395" visible="true" version="1" changeset="119975915" timestamp="2022-04-20T23:42:05Z" user="Olyon" uid="1443767" lat="43.7100139" lon="7.2623708"/>
 <node id="9681377396" visible="true" version="1" changeset="119975915" timestamp="2022-04-20T23:42:05Z" user="Olyon" uid="1443767" lat="43.7099219" lon="7.2623111"/>
 <node id="9681377397" visible="true" version="1" changeset="119975915" timestamp="2022-04-20T23:42:05Z" user="Olyon" uid="1443767" lat="43.7098676" lon="7.2623103"/>
 <node id="9681377398" visible="true" version="1" changeset="119975915" timestamp="2022-04-20T23:42:05Z" user="Olyon" uid="1443767" lat="43.7091808" lon="7.2627430"/>
 <node id="9681377399" visible="true" version="1" changeset="119975915" timestamp="2022-04-20T23:42:05Z" user="Olyon" uid="1443767" lat="43.7092948" lon="7.2630863"/>
 <node id="9681377400" visible="true" version="1" changeset="119975915" timestamp="2022-04-20T23:42:05Z" user="Olyon" uid="1443767" lat="43.7094994" lon="7.2641165"/>
 <node id="9681377401" visible="true" version="1" changeset="119975915" timestamp="2022-04-20T23:42:05Z" user="Olyon" uid="1443767" lat="43.7090557" lon="7.2643609"/>
 <node id="9681377402" visible="true" version="1" changeset="119975915" timestamp="2022-04-20T23:42:05Z" user="Olyon" uid="1443767" lat="43.7080776" lon="7.2649983"/>
 <node id="9681377404" visible="true" version="1" changeset="119975915" timestamp="2022-04-20T23:42:05Z" user="Olyon" uid="1443767" lat="43.7075463" lon="7.2657283"/>
 <node id="9681377405" visible="true" version="1" changeset="119975915" timestamp="2022-04-20T23:42:05Z" user="Olyon" uid="1443767" lat="43.7074498" lon="7.2659148"/>
 <node id="9681377406" visible="true" version="1" changeset="119975915" timestamp="2022-04-20T23:42:05Z" user="Olyon" uid="1443767" lat="43.7070774" lon="7.2664326"/>
 <node id="9681377407" visible="true" version="1" changeset="119975915" timestamp="2022-04-20T23:42:05Z" user="Olyon" uid="1443767" lat="43.7070309" lon="7.2664257"/>
 <node id="9681377408" visible="true" version="1" changeset="119975915" timestamp="2022-04-20T23:42:05Z" user="Olyon" uid="1443767" lat="43.7062906" lon="7.2646247"/>
 <node id="9681377409" visible="true" version="1" changeset="119975915" timestamp="2022-04-20T23:42:05Z" user="Olyon" uid="1443767" lat="43.7061357" lon="7.2646733"/>
 <node id="9681377410" visible="true" version="1" changeset="119975915" timestamp="2022-04-20T23:42:05Z" user="Olyon" uid="1443767" lat="43.7059241" lon="7.2648088"/>
 <node id="9681377411" visible="true" version="1" changeset="119975915" timestamp="2022-04-20T23:42:05Z" user="Olyon" uid="1443767" lat="43.7059316" lon="7.2648424"/>
 <node id="9681377412" visible="true" version="1" changeset="119975915" timestamp="2022-04-20T23:42:05Z" user="Olyon" uid="1443767" lat="43.7063739" lon="7.2658133"/>
 <node id="9681377413" visible="true" version="1" changeset="119975915" timestamp="2022-04-20T23:42:05Z" user="Olyon" uid="1443767" lat="43.7063833" lon="7.2658307"/>
 <node id="9681377414" visible="true" version="1" changeset="119975915" timestamp="2022-04-20T23:42:05Z" user="Olyon" uid="1443767" lat="43.7063919" lon="7.2658266"/>
 <node id="9681377415" visible="true" version="1" changeset="119975915" timestamp="2022-04-20T23:42:05Z" user="Olyon" uid="1443767" lat="43.7067846" lon="7.2667238"/>
 <node id="9681377416" visible="true" version="1" changeset="119975915" timestamp="2022-04-20T23:42:05Z" user="Olyon" uid="1443767" lat="43.7068163" lon="7.2667033"/>
 <node id="9681377417" visible="true" version="1" changeset="119975915" timestamp="2022-04-20T23:42:05Z" user="Olyon" uid="1443767" lat="43.7068704" lon="7.2668322"/>
 <node id="9681377418" visible="true" version="1" changeset="119975915" timestamp="2022-04-20T23:42:05Z" user="Olyon" uid="1443767" lat="43.7068435" lon="7.2668501"/>
 <node id="9681377419" visible="true" version="1" changeset="119975915" timestamp="2022-04-20T23:42:05Z" user="Olyon" uid="1443767" lat="43.7071687" lon="7.2676121"/>
 <node id="9681377420" visible="true" version="1" changeset="119975915" timestamp="2022-04-20T23:42:05Z" user="Olyon" uid="1443767" lat="43.7071547" lon="7.2676222"/>
 <node id="9681377421" visible="true" version="1" changeset="119975915" timestamp="2022-04-20T23:42:05Z" user="Olyon" uid="1443767" lat="43.7073558" lon="7.2681859"/>
 <node id="9681377422" visible="true" version="1" changeset="119975915" timestamp="2022-04-20T23:42:05Z" user="Olyon" uid="1443767" lat="43.7073420" lon="7.2681956"/>
 <node id="9681377423" visible="true" version="1" changeset="119975915" timestamp="2022-04-20T23:42:05Z" user="Olyon" uid="1443767" lat="43.7073968" lon="7.2683623"/>
 <node id="9681377424" visible="true" version="1" changeset="119975915" timestamp="2022-04-20T23:42:05Z" user="Olyon" uid="1443767" lat="43.7074108" lon="7.2683545"/>
 <node id="9681377425" visible="true" version="1" changeset="119975915" timestamp="2022-04-20T23:42:05Z" user="Olyon" uid="1443767" lat="43.7074379" lon="7.2684380"/>
 <node id="9681377426" visible="true" version="1" changeset="119975915" timestamp="2022-04-20T23:42:05Z" user="Olyon" uid="1443767" lat="43.7074243" lon="7.2684465"/>
 <node id="9681377427" visible="true" version="1" changeset="119975915" timestamp="2022-04-20T23:42:05Z" user="Olyon" uid="1443767" lat="43.7075164" lon="7.2687302"/>
 <node id="9681377428" visible="true" version="1" changeset="119975915" timestamp="2022-04-20T23:42:05Z" user="Olyon" uid="1443767" lat="43.7075203" lon="7.2687378"/>
 <node id="9681377429" visible="true" version="1" changeset="119975915" timestamp="2022-04-20T23:42:05Z" user="Olyon" uid="1443767" lat="43.7075488" lon="7.2687209"/>
 <node id="9681377430" visible="true" version="1" changeset="119975915" timestamp="2022-04-20T23:42:05Z" user="Olyon" uid="1443767" lat="43.7078487" lon="7.2696191"/>
 <node id="9681377432" visible="true" version="1" changeset="119975915" timestamp="2022-04-20T23:42:05Z" user="Olyon" uid="1443767" lat="43.7079723" lon="7.2701720"/>
 <node id="9681377433" visible="true" version="1" changeset="119975915" timestamp="2022-04-20T23:42:05Z" user="Olyon" uid="1443767" lat="43.7079265" lon="7.2702879"/>
 <node id="9681377434" visible="true" version="1" changeset="119975915" timestamp="2022-04-20T23:42:05Z" user="Olyon" uid="1443767" lat="43.7078619" lon="7.2705939"/>
 <node id="9681377436" visible="true" version="1" changeset="119975915" timestamp="2022-04-20T23:42:05Z" user="Olyon" uid="1443767" lat="43.7079934" lon="7.2714346"/>
 <node id="9681377437" visible="true" version="1" changeset="119975915" timestamp="2022-04-20T23:42:05Z" user="Olyon" uid="1443767" lat="43.7080023" lon="7.2714476"/>
 <node id="9681377438" visible="true" version="1" changeset="119975915" timestamp="2022-04-20T23:42:05Z" user="Olyon" uid="1443767" lat="43.7079735" lon="7.2715004"/>
 <node id="9681377439" visible="true" version="1" changeset="119975915" timestamp="2022-04-20T23:42:05Z" user="Olyon" uid="1443767" lat="43.7080563" lon="7.2716450"/>
 <node id="9681377440" visible="true" version="1" changeset="119975915" timestamp="2022-04-20T23:42:05Z" user="Olyon" uid="1443767" lat="43.7081305" lon="7.2717504"/>
 <node id="9681377441" visible="true" version="1" changeset="119975915" timestamp="2022-04-20T23:42:05Z" user="Olyon" uid="1443767" lat="43.7081967" lon="7.2718044"/>
 <node id="9681377442" visible="true" version="1" changeset="119975915" timestamp="2022-04-20T23:42:05Z" user="Olyon" uid="1443767" lat="43.7083490" lon="7.2718508"/>
 <node id="9681377443" visible="true" version="1" changeset="119975915" timestamp="2022-04-20T23:42:05Z" user="Olyon" uid="1443767" lat="43.7083895" lon="7.2718504"/>
 <node id="9681377444" visible="true" version="1" changeset="119975915" timestamp="2022-04-20T23:42:05Z" user="Olyon" uid="1443767" lat="43.7084538" lon="7.2718322"/>
 <node id="9681377445" visible="true" version="1" changeset="119975915" timestamp="2022-04-20T23:42:05Z" user="Olyon" uid="1443767" lat="43.7085100" lon="7.2718019"/>
 <node id="9681377446" visible="true" version="1" changeset="119975915" timestamp="2022-04-20T23:42:05Z" user="Olyon" uid="1443767" lat="43.7085576" lon="7.2717632"/>
 <node id="9681377447" visible="true" version="1" changeset="119975915" timestamp="2022-04-20T23:42:05Z" user="Olyon" uid="1443767" lat="43.7087076" lon="7.2714975"/>
 <node id="9681377448" visible="true" version="1" changeset="119975915" timestamp="2022-04-20T23:42:05Z" user="Olyon" uid="1443767" lat="43.7088226" lon="7.2711447"/>
 <node id="9681377449" visible="true" version="1" changeset="119975915" timestamp="2022-04-20T23:42:05Z" user="Olyon" uid="1443767" lat="43.7087185" lon="7.2708249"/>
 <node id="9681377450" visible="true" version="1" changeset="119975915" timestamp="2022-04-20T23:42:05Z" user="Olyon" uid="1443767" lat="43.7087324" lon="7.2706530"/>
 <node id="9681377451" visible="true" version="1" changeset="119975915" timestamp="2022-04-20T23:42:05Z" user="Olyon" uid="1443767" lat="43.7087184" lon="7.2704817"/>
 <node id="9681377452" visible="true" version="1" changeset="119975915" timestamp="2022-04-20T23:42:05Z" user="Olyon" uid="1443767" lat="43.7088851" lon="7.2701883"/>
 <node id="9681377453" visible="true" version="1" changeset="119975915" timestamp="2022-04-20T23:42:05Z" user="Olyon" uid="1443767" lat="43.7091264" lon="7.2702718"/>
 <node id="9681377454" visible="true" version="1" changeset="119975915" timestamp="2022-04-20T23:42:05Z" user="Olyon" uid="1443767" lat="43.7093030" lon="7.2703536"/>
 <node id="9681377455" visible="true" version="1" changeset="119975915" timestamp="2022-04-20T23:42:05Z" user="Olyon" uid="1443767" lat="43.7093572" lon="7.2706236"/>
 <node id="9681377456" visible="true" version="1" changeset="119975915" timestamp="2022-04-20T23:42:05Z" user="Olyon" uid="1443767" lat="43.7095398" lon="7.2706850"/>
 <node id="9681377457" visible="true" version="1" changeset="119975915" timestamp="2022-04-20T23:42:05Z" user="Olyon" uid="1443767" lat="43.7105858" lon="7.2712145"/>
 <node id="9681377458" visible="true" version="1" changeset="119975915" timestamp="2022-04-20T23:42:05Z" user="Olyon" uid="1443767" lat="43.7106915" lon="7.2709008"/>
 <node id="9681377459" visible="true" version="1" changeset="119975915" timestamp="2022-04-20T23:42:05Z" user="Olyon" uid="1443767" lat="43.7108241" lon="7.2707037"/>
 <node id="9681377460" visible="true" version="1" changeset="119975915" timestamp="2022-04-20T23:42:05Z" user="Olyon" uid="1443767" lat="43.7108912" lon="7.2706280"/>
 <node id="9681377461" visible="true" version="1" changeset="119975915" timestamp="2022-04-20T23:42:05Z" user="Olyon" uid="1443767" lat="43.7109562" lon="7.2705741"/>
 <node id="9681377462" visible="true" version="1" changeset="119975915" timestamp="2022-04-20T23:42:05Z" user="Olyon" uid="1443767" lat="43.7110795" lon="7.2705048"/>
 <node id="9681377463" visible="true" version="1" changeset="119975915" timestamp="2022-04-20T23:42:05Z" user="Olyon" uid="1443767" lat="43.7111528" lon="7.2704782"/>
 <node id="9681377464" visible="true" version="1" changeset="119975915" timestamp="2022-04-20T23:42:05Z" user="Olyon" uid="1443767" lat="43.7112958" lon="7.2704552"/>
 <node id="9681377465" visible="true" version="1" changeset="119975915" timestamp="2022-04-20T23:42:05Z" user="Olyon" uid="1443767" lat="43.7114045" lon="7.2704636"/>
 <node id="9681377466" visible="true" version="1" changeset="119975915" timestamp="2022-04-20T23:42:05Z" user="Olyon" uid="1443767" lat="43.7115167" lon="7.2704873"/>
 <node id="9681377467" visible="true" version="1" changeset="119975915" timestamp="2022-04-20T23:42:05Z" user="Olyon" uid="1443767" lat="43.7116401" lon="7.2705460"/>
 <node id="9681377468" visible="true" version="1" changeset="119975915" timestamp="2022-04-20T23:42:05Z" user="Olyon" uid="1443767" lat="43.7117380" lon="7.2706199"/>
 <node id="9681377469" visible="true" version="1" changeset="119975915" timestamp="2022-04-20T23:42:05Z" user="Olyon" uid="1443767" lat="43.7118018" lon="7.2706804"/>
 <node id="9681377470" visible="true" version="1" changeset="119975915" timestamp="2022-04-20T23:42:05Z" user="Olyon" uid="1443767" lat="43.7119144" lon="7.2708137"/>
 <node id="9681377471" visible="true" version="1" changeset="119975915" timestamp="2022-04-20T23:42:05Z" user="Olyon" uid="1443767" lat="43.7121058" lon="7.2711618"/>
 <node id="9681377472" visible="true" version="1" changeset="119975915" timestamp="2022-04-20T23:42:05Z" user="Olyon" uid="1443767" lat="43.7121395" lon="7.2711995"/>
 <node id="9681377473" visible="true" version="1" changeset="119975915" timestamp="2022-04-20T23:42:05Z" user="Olyon" uid="1443767" lat="43.7121997" lon="7.2712456"/>
 <node id="9681377474" visible="true" version="1" changeset="119975915" timestamp="2022-04-20T23:42:05Z" user="Olyon" uid="1443767" lat="43.7122470" lon="7.2712707"/>
 <node id="9681377475" visible="true" version="1" changeset="119975915" timestamp="2022-04-20T23:42:05Z" user="Olyon" uid="1443767" lat="43.7123900" lon="7.2712952"/>
 <node id="9681377476" visible="true" version="1" changeset="119975915" timestamp="2022-04-20T23:42:05Z" user="Olyon" uid="1443767" lat="43.7124734" lon="7.2712712"/>
 <node id="9681377477" visible="true" version="1" changeset="119975915" timestamp="2022-04-20T23:42:05Z" user="Olyon" uid="1443767" lat="43.7125695" lon="7.2712047"/>
 <node id="9681377478" visible="true" version="1" changeset="119975915" timestamp="2022-04-20T23:42:05Z" user="Olyon" uid="1443767" lat="43.7126750" lon="7.2710721"/>
 <node id="9681377479" visible="true" version="1" changeset="119975915" timestamp="2022-04-20T23:42:05Z" user="Olyon" uid="1443767" lat="43.7127478" lon="7.2709063"/>
 <node id="9681377480" visible="true" version="1" changeset="119975915" timestamp="2022-04-20T23:42:05Z" user="Olyon" uid="1443767" lat="43.7127782" lon="7.2707847"/>
 <node id="9681377481" visible="true" version="1" changeset="119975915" timestamp="2022-04-20T23:42:05Z" user="Olyon" uid="1443767" lat="43.7127995" lon="7.2706389"/>
 <node id="9681377482" visible="true" version="3" changeset="140731391" timestamp="2023-09-02T18:24:14Z" user="AmiFritz" uid="172867" lat="43.7128063" lon="7.2704984"/>
 <node id="9681377483" visible="true" version="1" changeset="119975915" timestamp="2022-04-20T23:42:05Z" user="Olyon" uid="1443767" lat="43.7127996" lon="7.2703491"/>
 <node id="9681377484" visible="true" version="1" changeset="119975915" timestamp="2022-04-20T23:42:05Z" user="Olyon" uid="1443767" lat="43.7127566" lon="7.2699802"/>
 <node id="9681377485" visible="true" version="1" changeset="119975915" timestamp="2022-04-20T23:42:05Z" user="Olyon" uid="1443767" lat="43.7127661" lon="7.2698583"/>
 <node id="9681377486" visible="true" version="1" changeset="119975915" timestamp="2022-04-20T23:42:05Z" user="Olyon" uid="1443767" lat="43.7127979" lon="7.2697163"/>
 <node id="9681377487" visible="true" version="1" changeset="119975915" timestamp="2022-04-20T23:42:05Z" user="Olyon" uid="1443767" lat="43.7128543" lon="7.2695983"/>
 <node id="9681377488" visible="true" version="1" changeset="119975915" timestamp="2022-04-20T23:42:05Z" user="Olyon" uid="1443767" lat="43.7129354" lon="7.2694880"/>
 <node id="9681377489" visible="true" version="1" changeset="119975915" timestamp="2022-04-20T23:42:05Z" user="Olyon" uid="1443767" lat="43.7130170" lon="7.2694225"/>
 <node id="9681377490" visible="true" version="1" changeset="119975915" timestamp="2022-04-20T23:42:05Z" user="Olyon" uid="1443767" lat="43.7130789" lon="7.2693950"/>
 <node id="9681377491" visible="true" version="1" changeset="119975915" timestamp="2022-04-20T23:42:05Z" user="Olyon" uid="1443767" lat="43.7131057" lon="7.2693924"/>
 <node id="9681377492" visible="true" version="2" changeset="140728072" timestamp="2023-09-02T16:48:54Z" user="AmiFritz" uid="172867" lat="43.7131993" lon="7.2694046">
  <tag k="addr:housenumber" v="92"/>
 </node>
 <node id="9681377493" visible="true" version="1" changeset="119975915" timestamp="2022-04-20T23:42:05Z" user="Olyon" uid="1443767" lat="43.7132587" lon="7.2694350"/>
 <node id="9681377494" visible="true" version="1" changeset="119975915" timestamp="2022-04-20T23:42:05Z" user="Olyon" uid="1443767" lat="43.7132974" lon="7.2694672"/>
 <node id="9681377495" visible="true" version="1" changeset="119975915" timestamp="2022-04-20T23:42:05Z" user="Olyon" uid="1443767" lat="43.7134484" lon="7.2696909"/>
 <node id="9681377496" visible="true" version="1" changeset="119975915" timestamp="2022-04-20T23:42:05Z" user="Olyon" uid="1443767" lat="43.7137317" lon="7.2700682"/>
 <node id="9681377497" visible="true" version="1" changeset="119975915" timestamp="2022-04-20T23:42:05Z" user="Olyon" uid="1443767" lat="43.7139974" lon="7.2702281"/>
 <node id="9681377498" visible="true" version="1" changeset="119975915" timestamp="2022-04-20T23:42:05Z" user="Olyon" uid="1443767" lat="43.7141546" lon="7.2702704"/>
 <node id="9681377499" visible="true" version="1" changeset="119975915" timestamp="2022-04-20T23:42:05Z" user="Olyon" uid="1443767" lat="43.7147502" lon="7.2702984"/>
 <node id="9681377500" visible="true" version="1" changeset="119975915" timestamp="2022-04-20T23:42:05Z" user="Olyon" uid="1443767" lat="43.7148316" lon="7.2703259"/>
 <node id="9681377501" visible="true" version="1" changeset="119975915" timestamp="2022-04-20T23:42:05Z" user="Olyon" uid="1443767" lat="43.7149073" lon="7.2703751"/>
 <node id="9681377502" visible="true" version="1" changeset="119975915" timestamp="2022-04-20T23:42:05Z" user="Olyon" uid="1443767" lat="43.7149757" lon="7.2704514"/>
 <node id="9681377503" visible="true" version="1" changeset="119975915" timestamp="2022-04-20T23:42:05Z" user="Olyon" uid="1443767" lat="43.7150094" lon="7.2705173"/>
 <node id="9681377504" visible="true" version="1" changeset="119975915" timestamp="2022-04-20T23:42:05Z" user="Olyon" uid="1443767" lat="43.7151518" lon="7.2710312"/>
 <node id="9681377505" visible="true" version="1" changeset="119975915" timestamp="2022-04-20T23:42:05Z" user="Olyon" uid="1443767" lat="43.7151919" lon="7.2711259"/>
 <node id="9681377506" visible="true" version="1" changeset="119975915" timestamp="2022-04-20T23:42:05Z" user="Olyon" uid="1443767" lat="43.7152770" lon="7.2712850"/>
 <node id="9681377507" visible="true" version="1" changeset="119975915" timestamp="2022-04-20T23:42:05Z" user="Olyon" uid="1443767" lat="43.7153728" lon="7.2714094"/>
 <node id="9681377508" visible="true" version="1" changeset="119975915" timestamp="2022-04-20T23:42:05Z" user="Olyon" uid="1443767" lat="43.7154569" lon="7.2714934"/>
 <node id="9681377509" visible="true" version="1" changeset="119975915" timestamp="2022-04-20T23:42:05Z" user="Olyon" uid="1443767" lat="43.7155732" lon="7.2715733"/>
 <node id="9681377510" visible="true" version="1" changeset="119975915" timestamp="2022-04-20T23:42:05Z" user="Olyon" uid="1443767" lat="43.7156988" lon="7.2716289"/>
 <node id="9681377511" visible="true" version="1" changeset="119975915" timestamp="2022-04-20T23:42:05Z" user="Olyon" uid="1443767" lat="43.7158098" lon="7.2716597"/>
 <node id="9681377512" visible="true" version="1" changeset="119975915" timestamp="2022-04-20T23:42:05Z" user="Olyon" uid="1443767" lat="43.7159340" lon="7.2716314"/>
 <node id="9681377513" visible="true" version="1" changeset="119975915" timestamp="2022-04-20T23:42:05Z" user="Olyon" uid="1443767" lat="43.7160087" lon="7.2715886"/>
 <node id="9681377514" visible="true" version="1" changeset="119975915" timestamp="2022-04-20T23:42:05Z" user="Olyon" uid="1443767" lat="43.7160895" lon="7.2715184"/>
 <node id="9681377515" visible="true" version="1" changeset="119975915" timestamp="2022-04-20T23:42:05Z" user="Olyon" uid="1443767" lat="43.7161329" lon="7.2714598"/>
 <node id="9681377516" visible="true" version="1" changeset="119975915" timestamp="2022-04-20T23:42:05Z" user="Olyon" uid="1443767" lat="43.7161960" lon="7.2713300"/>
 <node id="9681377517" visible="true" version="1" changeset="119975915" timestamp="2022-04-20T23:42:05Z" user="Olyon" uid="1443767" lat="43.7162175" lon="7.2712573"/>
 <node id="9681377518" visible="true" version="1" changeset="119975915" timestamp="2022-04-20T23:42:05Z" user="Olyon" uid="1443767" lat="43.7162367" lon="7.2711289"/>
 <node id="9681377519" visible="true" version="1" changeset="119975915" timestamp="2022-04-20T23:42:05Z" user="Olyon" uid="1443767" lat="43.7162938" lon="7.2703870"/>
 <node id="9681377520" visible="true" version="1" changeset="119975915" timestamp="2022-04-20T23:42:05Z" user="Olyon" uid="1443767" lat="43.7163121" lon="7.2702941"/>
 <node id="9681377521" visible="true" version="1" changeset="119975915" timestamp="2022-04-20T23:42:05Z" user="Olyon" uid="1443767" lat="43.7163367" lon="7.2702282"/>
 <node id="9681377522" visible="true" version="1" changeset="119975915" timestamp="2022-04-20T23:42:05Z" user="Olyon" uid="1443767" lat="43.7163877" lon="7.2701446"/>
 <node id="9681377523" visible="true" version="1" changeset="119975915" timestamp="2022-04-20T23:42:05Z" user="Olyon" uid="1443767" lat="43.7164325" lon="7.2701015"/>
 <node id="9681377524" visible="true" version="1" changeset="119975915" timestamp="2022-04-20T23:42:05Z" user="Olyon" uid="1443767" lat="43.7165120" lon="7.2700629"/>
 <node id="9681377525" visible="true" version="1" changeset="119975915" timestamp="2022-04-20T23:42:05Z" user="Olyon" uid="1443767" lat="43.7165927" lon="7.2700452"/>
 <node id="9681377526" visible="true" version="1" changeset="119975915" timestamp="2022-04-20T23:42:05Z" user="Olyon" uid="1443767" lat="43.7171128" lon="7.2701284"/>
 <node id="9681377527" visible="true" version="1" changeset="119975915" timestamp="2022-04-20T23:42:05Z" user="Olyon" uid="1443767" lat="43.7171679" lon="7.2694752"/>
 <node id="9681377528" visible="true" version="1" changeset="119975915" timestamp="2022-04-20T23:42:05Z" user="Olyon" uid="1443767" lat="43.7166528" lon="7.2693721"/>
 <node id="9681377529" visible="true" version="1" changeset="119975915" timestamp="2022-04-20T23:42:05Z" user="Olyon" uid="1443767" lat="43.7160885" lon="7.2692196"/>
 <node id="9681377530" visible="true" version="1" changeset="119975915" timestamp="2022-04-20T23:42:05Z" user="Olyon" uid="1443767" lat="43.7158849" lon="7.2691924"/>
 <node id="9681377531" visible="true" version="1" changeset="119975915" timestamp="2022-04-20T23:42:05Z" user="Olyon" uid="1443767" lat="43.7157604" lon="7.2691468"/>
 <node id="9681377532" visible="true" version="1" changeset="119975915" timestamp="2022-04-20T23:42:05Z" user="Olyon" uid="1443767" lat="43.7156249" lon="7.2690515"/>
 <node id="9681377533" visible="true" version="1" changeset="119975915" timestamp="2022-04-20T23:42:05Z" user="Olyon" uid="1443767" lat="43.7155194" lon="7.2689509"/>
 <node id="9681377534" visible="true" version="1" changeset="119975915" timestamp="2022-04-20T23:42:05Z" user="Olyon" uid="1443767" lat="43.7153928" lon="7.2687583"/>
 <node id="9681377535" visible="true" version="1" changeset="119975915" timestamp="2022-04-20T23:42:05Z" user="Olyon" uid="1443767" lat="43.7154240" lon="7.2687102"/>
 <node id="9681377536" visible="true" version="1" changeset="119975915" timestamp="2022-04-20T23:42:05Z" user="Olyon" uid="1443767" lat="43.7154621" lon="7.2686943"/>
 <node id="9681377537" visible="true" version="1" changeset="119975915" timestamp="2022-04-20T23:42:05Z" user="Olyon" uid="1443767" lat="43.7158382" lon="7.2686308"/>
 <node id="9681377538" visible="true" version="1" changeset="119975915" timestamp="2022-04-20T23:42:05Z" user="Olyon" uid="1443767" lat="43.7153730" lon="7.2669180"/>
 <node id="9681377539" visible="true" version="1" changeset="119975915" timestamp="2022-04-20T23:42:05Z" user="Olyon" uid="1443767" lat="43.7150838" lon="7.2668739"/>
 <node id="9681377540" visible="true" version="1" changeset="119975915" timestamp="2022-04-20T23:42:05Z" user="Olyon" uid="1443767" lat="43.7149072" lon="7.2668247"/>
 <node id="9681377541" visible="true" version="1" changeset="119975915" timestamp="2022-04-20T23:42:05Z" user="Olyon" uid="1443767" lat="43.7147609" lon="7.2668737"/>
 <node id="9681377542" visible="true" version="1" changeset="119975915" timestamp="2022-04-20T23:42:05Z" user="Olyon" uid="1443767" lat="43.7147678" lon="7.2664084"/>
 <node id="9681377543" visible="true" version="1" changeset="119975915" timestamp="2022-04-20T23:42:05Z" user="Olyon" uid="1443767" lat="43.7147446" lon="7.2664050"/>
 <node id="9681377544" visible="true" version="1" changeset="119975915" timestamp="2022-04-20T23:42:05Z" user="Olyon" uid="1443767" lat="43.7147456" lon="7.2663219"/>
 <node id="9681377545" visible="true" version="1" changeset="119975915" timestamp="2022-04-20T23:42:05Z" user="Olyon" uid="1443767" lat="43.7147676" lon="7.2658115"/>
 <node id="9681377546" visible="true" version="1" changeset="119975915" timestamp="2022-04-20T23:42:05Z" user="Olyon" uid="1443767" lat="43.7147976" lon="7.2655204"/>
 <node id="9681377547" visible="true" version="1" changeset="119975915" timestamp="2022-04-20T23:42:05Z" user="Olyon" uid="1443767" lat="43.7156206" lon="7.2657480"/>
 <node id="9681377548" visible="true" version="1" changeset="119975915" timestamp="2022-04-20T23:42:05Z" user="Olyon" uid="1443767" lat="43.7156720" lon="7.2657701"/>
 <node id="9681377549" visible="true" version="1" changeset="119975915" timestamp="2022-04-20T23:42:05Z" user="Olyon" uid="1443767" lat="43.7157352" lon="7.2658376"/>
 <node id="9681377550" visible="true" version="1" changeset="119975915" timestamp="2022-04-20T23:42:05Z" user="Olyon" uid="1443767" lat="43.7158021" lon="7.2658321"/>
 <node id="9681377551" visible="true" version="1" changeset="119975915" timestamp="2022-04-20T23:42:05Z" user="Olyon" uid="1443767" lat="43.7158355" lon="7.2657803"/>
 <node id="9681377552" visible="true" version="1" changeset="119975915" timestamp="2022-04-20T23:42:05Z" user="Olyon" uid="1443767" lat="43.7161628" lon="7.2657198"/>
 <node id="9681377553" visible="true" version="1" changeset="119975915" timestamp="2022-04-20T23:42:05Z" user="Olyon" uid="1443767" lat="43.7166443" lon="7.2657075"/>
 <node id="9681377554" visible="true" version="1" changeset="119975915" timestamp="2022-04-20T23:42:05Z" user="Olyon" uid="1443767" lat="43.7168255" lon="7.2656876"/>
 <node id="9681377555" visible="true" version="1" changeset="119975915" timestamp="2022-04-20T23:42:05Z" user="Olyon" uid="1443767" lat="43.7169549" lon="7.2656972"/>
 <node id="9681377556" visible="true" version="1" changeset="119975915" timestamp="2022-04-20T23:42:05Z" user="Olyon" uid="1443767" lat="43.7170771" lon="7.2657301"/>
 <node id="9681377557" visible="true" version="1" changeset="119975915" timestamp="2022-04-20T23:42:05Z" user="Olyon" uid="1443767" lat="43.7173863" lon="7.2658662"/>
 <node id="9681377558" visible="true" version="1" changeset="119975915" timestamp="2022-04-20T23:42:05Z" user="Olyon" uid="1443767" lat="43.7177129" lon="7.2660313"/>
 <node id="9681377559" visible="true" version="1" changeset="119975915" timestamp="2022-04-20T23:42:05Z" user="Olyon" uid="1443767" lat="43.7177846" lon="7.2660868"/>
 <node id="9681377560" visible="true" version="1" changeset="119975915" timestamp="2022-04-20T23:42:05Z" user="Olyon" uid="1443767" lat="43.7179221" lon="7.2662376"/>
 <node id="9681377561" visible="true" version="1" changeset="119975915" timestamp="2022-04-20T23:42:05Z" user="Olyon" uid="1443767" lat="43.7179546" lon="7.2662909"/>
 <node id="9681377562" visible="true" version="1" changeset="119975915" timestamp="2022-04-20T23:42:05Z" user="Olyon" uid="1443767" lat="43.7179823" lon="7.2663470"/>
 <node id="9681377563" visible="true" version="1" changeset="119975915" timestamp="2022-04-20T23:42:05Z" user="Olyon" uid="1443767" lat="43.7180319" lon="7.2664890"/>
 <node id="9681377564" visible="true" version="1" changeset="119975915" timestamp="2022-04-20T23:42:05Z" user="Olyon" uid="1443767" lat="43.7180808" lon="7.2665847"/>
 <node id="9681377565" visible="true" version="1" changeset="119975915" timestamp="2022-04-20T23:42:05Z" user="Olyon" uid="1443767" lat="43.7181974" lon="7.2667428"/>
 <node id="9681377566" visible="true" version="1" changeset="119975915" timestamp="2022-04-20T23:42:05Z" user="Olyon" uid="1443767" lat="43.7181853" lon="7.2667611"/>
 <node id="9681377567" visible="true" version="1" changeset="119975915" timestamp="2022-04-20T23:42:05Z" user="Olyon" uid="1443767" lat="43.7184524" lon="7.2670941"/>
 <node id="9681377568" visible="true" version="1" changeset="119975915" timestamp="2022-04-20T23:42:05Z" user="Olyon" uid="1443767" lat="43.7188093" lon="7.2674938"/>
 <node id="9681377569" visible="true" version="1" changeset="119975915" timestamp="2022-04-20T23:42:05Z" user="Olyon" uid="1443767" lat="43.7191858" lon="7.2678902"/>
 <node id="9681377570" visible="true" version="1" changeset="119975915" timestamp="2022-04-20T23:42:05Z" user="Olyon" uid="1443767" lat="43.7192621" lon="7.2679867"/>
 <node id="9681377571" visible="true" version="1" changeset="119975915" timestamp="2022-04-20T23:42:05Z" user="Olyon" uid="1443767" lat="43.7194131" lon="7.2682276"/>
 <node id="9681377572" visible="true" version="1" changeset="119975915" timestamp="2022-04-20T23:42:05Z" user="Olyon" uid="1443767" lat="43.7193978" lon="7.2682456"/>
 <node id="9681377573" visible="true" version="1" changeset="119975915" timestamp="2022-04-20T23:42:05Z" user="Olyon" uid="1443767" lat="43.7195482" lon="7.2684858"/>
 <node id="9681377574" visible="true" version="1" changeset="119975915" timestamp="2022-04-20T23:42:05Z" user="Olyon" uid="1443767" lat="43.7191570" lon="7.2691726"/>
 <node id="9681377575" visible="true" version="1" changeset="119975915" timestamp="2022-04-20T23:42:05Z" user="Olyon" uid="1443767" lat="43.7191501" lon="7.2691662"/>
 <node id="9681377576" visible="true" version="1" changeset="119975915" timestamp="2022-04-20T23:42:05Z" user="Olyon" uid="1443767" lat="43.7190850" lon="7.2692903"/>
 <node id="9681377577" visible="true" version="1" changeset="119975915" timestamp="2022-04-20T23:42:05Z" user="Olyon" uid="1443767" lat="43.7189930" lon="7.2692048"/>
 <node id="9681377578" visible="true" version="1" changeset="119975915" timestamp="2022-04-20T23:42:05Z" user="Olyon" uid="1443767" lat="43.7188628" lon="7.2693864"/>
 <node id="9681377579" visible="true" version="1" changeset="119975915" timestamp="2022-04-20T23:42:05Z" user="Olyon" uid="1443767" lat="43.7188735" lon="7.2694025"/>
 <node id="9681377580" visible="true" version="1" changeset="119975915" timestamp="2022-04-20T23:42:05Z" user="Olyon" uid="1443767" lat="43.7186297" lon="7.2697225"/>
 <node id="9681377581" visible="true" version="1" changeset="119975915" timestamp="2022-04-20T23:42:05Z" user="Olyon" uid="1443767" lat="43.7187353" lon="7.2697820"/>
 <node id="9681377582" visible="true" version="1" changeset="119975915" timestamp="2022-04-20T23:42:05Z" user="Olyon" uid="1443767" lat="43.7187889" lon="7.2698528"/>
 <node id="9681377583" visible="true" version="1" changeset="119975915" timestamp="2022-04-20T23:42:05Z" user="Olyon" uid="1443767" lat="43.7187849" lon="7.2699148"/>
 <node id="9681377584" visible="true" version="1" changeset="119975915" timestamp="2022-04-20T23:42:05Z" user="Olyon" uid="1443767" lat="43.7187525" lon="7.2700733"/>
 <node id="9681377585" visible="true" version="1" changeset="119975915" timestamp="2022-04-20T23:42:05Z" user="Olyon" uid="1443767" lat="43.7186324" lon="7.2700581"/>
 <node id="9681377586" visible="true" version="1" changeset="119975915" timestamp="2022-04-20T23:42:05Z" user="Olyon" uid="1443767" lat="43.7185430" lon="7.2700244"/>
 <node id="9681377587" visible="true" version="1" changeset="119975915" timestamp="2022-04-20T23:42:05Z" user="Olyon" uid="1443767" lat="43.7184845" lon="7.2699562"/>
 <node id="9681377588" visible="true" version="1" changeset="119975915" timestamp="2022-04-20T23:42:05Z" user="Olyon" uid="1443767" lat="43.7183538" lon="7.2698443"/>
 <node id="9681377589" visible="true" version="1" changeset="119975915" timestamp="2022-04-20T23:42:05Z" user="Olyon" uid="1443767" lat="43.7181759" lon="7.2696352"/>
 <node id="9681377590" visible="true" version="1" changeset="119975915" timestamp="2022-04-20T23:42:05Z" user="Olyon" uid="1443767" lat="43.7179214" lon="7.2695029"/>
 <node id="9681377591" visible="true" version="1" changeset="119975915" timestamp="2022-04-20T23:42:05Z" user="Olyon" uid="1443767" lat="43.7178892" lon="7.2697297"/>
 <node id="9681377592" visible="true" version="1" changeset="119975915" timestamp="2022-04-20T23:42:05Z" user="Olyon" uid="1443767" lat="43.7178603" lon="7.2698679"/>
 <node id="9681377593" visible="true" version="1" changeset="119975915" timestamp="2022-04-20T23:42:05Z" user="Olyon" uid="1443767" lat="43.7178409" lon="7.2700352"/>
 <node id="9681377594" visible="true" version="1" changeset="119975915" timestamp="2022-04-20T23:42:05Z" user="Olyon" uid="1443767" lat="43.7178082" lon="7.2705431"/>
 <node id="9681377595" visible="true" version="1" changeset="119975915" timestamp="2022-04-20T23:42:05Z" user="Olyon" uid="1443767" lat="43.7178066" lon="7.2706263"/>
 <node id="9681377596" visible="true" version="1" changeset="119975915" timestamp="2022-04-20T23:42:05Z" user="Olyon" uid="1443767" lat="43.7178211" lon="7.2708163"/>
 <node id="9681377597" visible="true" version="1" changeset="119975915" timestamp="2022-04-20T23:42:05Z" user="Olyon" uid="1443767" lat="43.7177950" lon="7.2708588"/>
 <node id="9681377598" visible="true" version="1" changeset="119975915" timestamp="2022-04-20T23:42:05Z" user="Olyon" uid="1443767" lat="43.7178112" lon="7.2708761"/>
 <node id="9681377599" visible="true" version="1" changeset="119975915" timestamp="2022-04-20T23:42:05Z" user="Olyon" uid="1443767" lat="43.7178181" lon="7.2709194"/>
 <node id="9681377600" visible="true" version="1" changeset="119975915" timestamp="2022-04-20T23:42:05Z" user="Olyon" uid="1443767" lat="43.7178077" lon="7.2709508"/>
 <node id="9681377601" visible="true" version="1" changeset="119975915" timestamp="2022-04-20T23:42:05Z" user="Olyon" uid="1443767" lat="43.7177846" lon="7.2709821"/>
 <node id="9681377602" visible="true" version="1" changeset="119975915" timestamp="2022-04-20T23:42:05Z" user="Olyon" uid="1443767" lat="43.7177598" lon="7.2712880"/>
 <node id="9681377603" visible="true" version="1" changeset="119975915" timestamp="2022-04-20T23:42:05Z" user="Olyon" uid="1443767" lat="43.7178508" lon="7.2713111"/>
 <node id="9681377604" visible="true" version="1" changeset="119975915" timestamp="2022-04-20T23:42:05Z" user="Olyon" uid="1443767" lat="43.7180159" lon="7.2713834"/>
 <node id="9681377605" visible="true" version="1" changeset="119975915" timestamp="2022-04-20T23:42:05Z" user="Olyon" uid="1443767" lat="43.7182916" lon="7.2714294"/>
 <node id="9681377606" visible="true" version="1" changeset="119975915" timestamp="2022-04-20T23:42:05Z" user="Olyon" uid="1443767" lat="43.7182720" lon="7.2716963"/>
 <node id="9681377607" visible="true" version="1" changeset="119975915" timestamp="2022-04-20T23:42:05Z" user="Olyon" uid="1443767" lat="43.7183244" lon="7.2717152"/>
 <node id="9681377608" visible="true" version="1" changeset="119975915" timestamp="2022-04-20T23:42:05Z" user="Olyon" uid="1443767" lat="43.7186215" lon="7.2717629"/>
 <node id="9681377609" visible="true" version="1" changeset="119975915" timestamp="2022-04-20T23:42:05Z" user="Olyon" uid="1443767" lat="43.7185843" lon="7.2722934"/>
 <node id="9681377610" visible="true" version="1" changeset="119975915" timestamp="2022-04-20T23:42:05Z" user="Olyon" uid="1443767" lat="43.7189379" lon="7.2723240"/>
 <node id="9681377611" visible="true" version="1" changeset="119975915" timestamp="2022-04-20T23:42:05Z" user="Olyon" uid="1443767" lat="43.7190330" lon="7.2722163"/>
 <node id="9681377612" visible="true" version="1" changeset="119975915" timestamp="2022-04-20T23:42:05Z" user="Olyon" uid="1443767" lat="43.7191090" lon="7.2721469"/>
 <node id="9681377613" visible="true" version="1" changeset="119975915" timestamp="2022-04-20T23:42:05Z" user="Olyon" uid="1443767" lat="43.7192085" lon="7.2720879"/>
 <node id="9681377614" visible="true" version="1" changeset="119975915" timestamp="2022-04-20T23:42:05Z" user="Olyon" uid="1443767" lat="43.7192969" lon="7.2720680"/>
 <node id="9681377615" visible="true" version="1" changeset="119975915" timestamp="2022-04-20T23:42:05Z" user="Olyon" uid="1443767" lat="43.7194190" lon="7.2720760"/>
 <node id="9681377616" visible="true" version="1" changeset="119975915" timestamp="2022-04-20T23:42:05Z" user="Olyon" uid="1443767" lat="43.7203174" lon="7.2722215"/>
 <node id="9681377617" visible="true" version="1" changeset="119975915" timestamp="2022-04-20T23:42:05Z" user="Olyon" uid="1443767" lat="43.7208225" lon="7.2723159"/>
 <node id="9681377618" visible="true" version="1" changeset="119975915" timestamp="2022-04-20T23:42:05Z" user="Olyon" uid="1443767" lat="43.7210536" lon="7.2722654"/>
 <node id="9681377619" visible="true" version="1" changeset="119975915" timestamp="2022-04-20T23:42:05Z" user="Olyon" uid="1443767" lat="43.7215582" lon="7.2721821"/>
 <node id="9681377620" visible="true" version="1" changeset="119975915" timestamp="2022-04-20T23:42:05Z" user="Olyon" uid="1443767" lat="43.7216788" lon="7.2721702"/>
 <node id="9681377621" visible="true" version="1" changeset="119975915" timestamp="2022-04-20T23:42:05Z" user="Olyon" uid="1443767" lat="43.7216773" lon="7.2725007"/>
 <node id="9681377622" visible="true" version="1" changeset="119975915" timestamp="2022-04-20T23:42:05Z" user="Olyon" uid="1443767" lat="43.7217102" lon="7.2727208"/>
 <node id="9681377623" visible="true" version="1" changeset="119975915" timestamp="2022-04-20T23:42:05Z" user="Olyon" uid="1443767" lat="43.7217618" lon="7.2728309"/>
 <node id="9681377624" visible="true" version="1" changeset="119975915" timestamp="2022-04-20T23:42:05Z" user="Olyon" uid="1443767" lat="43.7217596" lon="7.2728383"/>
 <node id="9681377625" visible="true" version="1" changeset="119975915" timestamp="2022-04-20T23:42:05Z" user="Olyon" uid="1443767" lat="43.7220288" lon="7.2732342"/>
 <node id="9681377626" visible="true" version="1" changeset="119975915" timestamp="2022-04-20T23:42:05Z" user="Olyon" uid="1443767" lat="43.7219733" lon="7.2733734"/>
 <node id="9681377627" visible="true" version="1" changeset="119975915" timestamp="2022-04-20T23:42:05Z" user="Olyon" uid="1443767" lat="43.7219763" lon="7.2733987"/>
 <node id="9681377628" visible="true" version="1" changeset="119975915" timestamp="2022-04-20T23:42:05Z" user="Olyon" uid="1443767" lat="43.7220173" lon="7.2734649"/>
 <node id="9681377629" visible="true" version="1" changeset="119975915" timestamp="2022-04-20T23:42:05Z" user="Olyon" uid="1443767" lat="43.7215062" lon="7.2742305"/>
 <node id="9681377630" visible="true" version="1" changeset="119975915" timestamp="2022-04-20T23:42:05Z" user="Olyon" uid="1443767" lat="43.7211766" lon="7.2741665"/>
 <node id="9681377631" visible="true" version="1" changeset="119975915" timestamp="2022-04-20T23:42:05Z" user="Olyon" uid="1443767" lat="43.7210032" lon="7.2741476"/>
 <node id="9681377632" visible="true" version="1" changeset="119975915" timestamp="2022-04-20T23:42:05Z" user="Olyon" uid="1443767" lat="43.7208480" lon="7.2741388"/>
 <node id="9681377633" visible="true" version="1" changeset="119975915" timestamp="2022-04-20T23:42:05Z" user="Olyon" uid="1443767" lat="43.7206133" lon="7.2741442"/>
 <node id="9681377634" visible="true" version="1" changeset="119975915" timestamp="2022-04-20T23:42:05Z" user="Olyon" uid="1443767" lat="43.7205972" lon="7.2741523"/>
 <node id="9681377635" visible="true" version="1" changeset="119975915" timestamp="2022-04-20T23:42:05Z" user="Olyon" uid="1443767" lat="43.7205538" lon="7.2742114"/>
 <node id="9681377636" visible="true" version="1" changeset="119975915" timestamp="2022-04-20T23:42:05Z" user="Olyon" uid="1443767" lat="43.7204103" lon="7.2744563"/>
 <node id="9681377637" visible="true" version="1" changeset="119975915" timestamp="2022-04-20T23:42:05Z" user="Olyon" uid="1443767" lat="43.7203765" lon="7.2744872"/>
 <node id="9681377638" visible="true" version="1" changeset="119975915" timestamp="2022-04-20T23:42:05Z" user="Olyon" uid="1443767" lat="43.7203549" lon="7.2745212"/>
 <node id="9681377639" visible="true" version="1" changeset="119975915" timestamp="2022-04-20T23:42:05Z" user="Olyon" uid="1443767" lat="43.7203306" lon="7.2746260"/>
 <node id="9681377640" visible="true" version="1" changeset="119975915" timestamp="2022-04-20T23:42:05Z" user="Olyon" uid="1443767" lat="43.7202780" lon="7.2747287"/>
 <node id="9681377641" visible="true" version="1" changeset="119975915" timestamp="2022-04-20T23:42:05Z" user="Olyon" uid="1443767" lat="43.7202383" lon="7.2747434"/>
 <node id="9681377642" visible="true" version="1" changeset="119975915" timestamp="2022-04-20T23:42:05Z" user="Olyon" uid="1443767" lat="43.7201917" lon="7.2746422"/>
 <node id="9681377643" visible="true" version="1" changeset="119975915" timestamp="2022-04-20T23:42:05Z" user="Olyon" uid="1443767" lat="43.7200795" lon="7.2749411"/>
 <node id="9681377644" visible="true" version="1" changeset="119975915" timestamp="2022-04-20T23:42:05Z" user="Olyon" uid="1443767" lat="43.7201505" lon="7.2749941"/>
 <node id="9681377645" visible="true" version="1" changeset="119975915" timestamp="2022-04-20T23:42:05Z" user="Olyon" uid="1443767" lat="43.7201843" lon="7.2750317"/>
 <node id="9681377646" visible="true" version="1" changeset="119975915" timestamp="2022-04-20T23:42:05Z" user="Olyon" uid="1443767" lat="43.7203481" lon="7.2752943"/>
 <node id="9681377647" visible="true" version="1" changeset="119975915" timestamp="2022-04-20T23:42:05Z" user="Olyon" uid="1443767" lat="43.7204227" lon="7.2753925"/>
 <node id="9681377648" visible="true" version="1" changeset="119975915" timestamp="2022-04-20T23:42:05Z" user="Olyon" uid="1443767" lat="43.7205178" lon="7.2754865"/>
 <node id="9681377649" visible="true" version="1" changeset="119975915" timestamp="2022-04-20T23:42:05Z" user="Olyon" uid="1443767" lat="43.7206095" lon="7.2755495"/>
 <node id="9681377650" visible="true" version="1" changeset="119975915" timestamp="2022-04-20T23:42:05Z" user="Olyon" uid="1443767" lat="43.7206407" lon="7.2756563"/>
 <node id="9681377651" visible="true" version="1" changeset="119975915" timestamp="2022-04-20T23:42:05Z" user="Olyon" uid="1443767" lat="43.7206513" lon="7.2757381"/>
 <node id="9681377652" visible="true" version="1" changeset="119975915" timestamp="2022-04-20T23:42:05Z" user="Olyon" uid="1443767" lat="43.7206548" lon="7.2760045"/>
 <node id="9681377653" visible="true" version="1" changeset="119975915" timestamp="2022-04-20T23:42:05Z" user="Olyon" uid="1443767" lat="43.7205987" lon="7.2759964"/>
 <node id="9681377654" visible="true" version="1" changeset="119975915" timestamp="2022-04-20T23:42:05Z" user="Olyon" uid="1443767" lat="43.7207568" lon="7.2775957"/>
 <node id="9681377655" visible="true" version="1" changeset="119975915" timestamp="2022-04-20T23:42:05Z" user="Olyon" uid="1443767" lat="43.7207626" lon="7.2777527"/>
 <node id="9681377656" visible="true" version="1" changeset="119975915" timestamp="2022-04-20T23:42:05Z" user="Olyon" uid="1443767" lat="43.7207580" lon="7.2778864"/>
 <node id="9681377657" visible="true" version="1" changeset="119975915" timestamp="2022-04-20T23:42:05Z" user="Olyon" uid="1443767" lat="43.7207338" lon="7.2780358"/>
 <node id="9681377658" visible="true" version="1" changeset="119975915" timestamp="2022-04-20T23:42:05Z" user="Olyon" uid="1443767" lat="43.7207533" lon="7.2780508"/>
 <node id="9681377659" visible="true" version="1" changeset="119975915" timestamp="2022-04-20T23:42:05Z" user="Olyon" uid="1443767" lat="43.7207692" lon="7.2780975"/>
 <node id="9681377660" visible="true" version="1" changeset="119975915" timestamp="2022-04-20T23:42:05Z" user="Olyon" uid="1443767" lat="43.7207652" lon="7.2781582"/>
 <node id="9681377661" visible="true" version="1" changeset="119975915" timestamp="2022-04-20T23:42:05Z" user="Olyon" uid="1443767" lat="43.7207754" lon="7.2781643"/>
 <node id="9681377662" visible="true" version="1" changeset="119975915" timestamp="2022-04-20T23:42:05Z" user="Olyon" uid="1443767" lat="43.7208215" lon="7.2787198"/>
 <node id="9681377663" visible="true" version="1" changeset="119975915" timestamp="2022-04-20T23:42:05Z" user="Olyon" uid="1443767" lat="43.7208178" lon="7.2787735"/>
 <node id="9681377664" visible="true" version="1" changeset="119975915" timestamp="2022-04-20T23:42:05Z" user="Olyon" uid="1443767" lat="43.7207993" lon="7.2788599"/>
 <node id="9681377665" visible="true" version="1" changeset="119975915" timestamp="2022-04-20T23:42:05Z" user="Olyon" uid="1443767" lat="43.7207427" lon="7.2790100"/>
 <node id="9681377666" visible="true" version="1" changeset="119975915" timestamp="2022-04-20T23:42:05Z" user="Olyon" uid="1443767" lat="43.7207047" lon="7.2791461"/>
 <node id="9681377667" visible="true" version="1" changeset="119975915" timestamp="2022-04-20T23:42:05Z" user="Olyon" uid="1443767" lat="43.7205852" lon="7.2792751"/>
 <node id="9681377668" visible="true" version="1" changeset="119975915" timestamp="2022-04-20T23:42:05Z" user="Olyon" uid="1443767" lat="43.7202315" lon="7.2794421"/>
 <node id="9681377669" visible="true" version="1" changeset="119975915" timestamp="2022-04-20T23:42:05Z" user="Olyon" uid="1443767" lat="43.7200043" lon="7.2795052"/>
 <node id="9681377670" visible="true" version="1" changeset="119975915" timestamp="2022-04-20T23:42:05Z" user="Olyon" uid="1443767" lat="43.7198269" lon="7.2794942"/>
 <node id="9681377671" visible="true" version="1" changeset="119975915" timestamp="2022-04-20T23:42:05Z" user="Olyon" uid="1443767" lat="43.7195326" lon="7.2793999"/>
 <node id="9681377672" visible="true" version="1" changeset="119975915" timestamp="2022-04-20T23:42:05Z" user="Olyon" uid="1443767" lat="43.7194226" lon="7.2794029"/>
 <node id="9681377673" visible="true" version="1" changeset="119975915" timestamp="2022-04-20T23:42:05Z" user="Olyon" uid="1443767" lat="43.7192020" lon="7.2793885"/>
 <node id="9681377674" visible="true" version="1" changeset="119975915" timestamp="2022-04-20T23:42:05Z" user="Olyon" uid="1443767" lat="43.7189781" lon="7.2793586"/>
 <node id="9681377675" visible="true" version="1" changeset="119975915" timestamp="2022-04-20T23:42:05Z" user="Olyon" uid="1443767" lat="43.7187990" lon="7.2793209"/>
 <node id="9681377676" visible="true" version="1" changeset="119975915" timestamp="2022-04-20T23:42:05Z" user="Olyon" uid="1443767" lat="43.7187345" lon="7.2793189"/>
 <node id="9681377677" visible="true" version="1" changeset="119975915" timestamp="2022-04-20T23:42:05Z" user="Olyon" uid="1443767" lat="43.7184300" lon="7.2792607"/>
 <node id="9681377678" visible="true" version="1" changeset="119975915" timestamp="2022-04-20T23:42:05Z" user="Olyon" uid="1443767" lat="43.7183638" lon="7.2788865"/>
 <node id="9681377679" visible="true" version="1" changeset="119975915" timestamp="2022-04-20T23:42:05Z" user="Olyon" uid="1443767" lat="43.7184618" lon="7.2784705"/>
 <node id="9681377680" visible="true" version="1" changeset="119975915" timestamp="2022-04-20T23:42:05Z" user="Olyon" uid="1443767" lat="43.7182545" lon="7.2783085"/>
 <node id="9681377681" visible="true" version="1" changeset="119975915" timestamp="2022-04-20T23:42:05Z" user="Olyon" uid="1443767" lat="43.7182603" lon="7.2782825"/>
 <node id="9681377682" visible="true" version="1" changeset="119975915" timestamp="2022-04-20T23:42:05Z" user="Olyon" uid="1443767" lat="43.7182123" lon="7.2782161"/>
 <node id="9681377683" visible="true" version="1" changeset="119975915" timestamp="2022-04-20T23:42:05Z" user="Olyon" uid="1443767" lat="43.7180947" lon="7.2781743"/>
 <node id="9681377684" visible="true" version="1" changeset="119975915" timestamp="2022-04-20T23:42:05Z" user="Olyon" uid="1443767" lat="43.7180389" lon="7.2781043"/>
 <node id="9681377685" visible="true" version="1" changeset="119975915" timestamp="2022-04-20T23:42:05Z" user="Olyon" uid="1443767" lat="43.7179719" lon="7.2780871"/>
 <node id="9681377686" visible="true" version="1" changeset="119975915" timestamp="2022-04-20T23:42:05Z" user="Olyon" uid="1443767" lat="43.7179169" lon="7.2780598"/>
 <node id="9681377687" visible="true" version="1" changeset="119975915" timestamp="2022-04-20T23:42:05Z" user="Olyon" uid="1443767" lat="43.7179145" lon="7.2780744"/>
 <node id="9681377688" visible="true" version="1" changeset="119975915" timestamp="2022-04-20T23:42:05Z" user="Olyon" uid="1443767" lat="43.7178959" lon="7.2780679"/>
 <node id="9681377689" visible="true" version="1" changeset="119975915" timestamp="2022-04-20T23:42:05Z" user="Olyon" uid="1443767" lat="43.7178779" lon="7.2781312"/>
 <node id="9681377690" visible="true" version="1" changeset="119975915" timestamp="2022-04-20T23:42:05Z" user="Olyon" uid="1443767" lat="43.7178386" lon="7.2781544"/>
 <node id="9681377691" visible="true" version="1" changeset="119975915" timestamp="2022-04-20T23:42:05Z" user="Olyon" uid="1443767" lat="43.7177605" lon="7.2780311"/>
 <node id="9681377692" visible="true" version="1" changeset="119975915" timestamp="2022-04-20T23:42:05Z" user="Olyon" uid="1443767" lat="43.7177568" lon="7.2779815"/>
 <node id="9681377693" visible="true" version="1" changeset="119975915" timestamp="2022-04-20T23:42:05Z" user="Olyon" uid="1443767" lat="43.7174837" lon="7.2778441"/>
 <node id="9681377694" visible="true" version="1" changeset="119975915" timestamp="2022-04-20T23:42:05Z" user="Olyon" uid="1443767" lat="43.7174982" lon="7.2777876"/>
 <node id="9681377695" visible="true" version="1" changeset="119975915" timestamp="2022-04-20T23:42:05Z" user="Olyon" uid="1443767" lat="43.7174446" lon="7.2777572"/>
 <node id="9681377696" visible="true" version="1" changeset="119975915" timestamp="2022-04-20T23:42:05Z" user="Olyon" uid="1443767" lat="43.7174800" lon="7.2776299"/>
 <node id="9681377697" visible="true" version="1" changeset="119975915" timestamp="2022-04-20T23:42:05Z" user="Olyon" uid="1443767" lat="43.7174469" lon="7.2776118"/>
 <node id="9681377698" visible="true" version="1" changeset="119975915" timestamp="2022-04-20T23:42:05Z" user="Olyon" uid="1443767" lat="43.7174348" lon="7.2775886"/>
 <node id="9681377699" visible="true" version="1" changeset="119975915" timestamp="2022-04-20T23:42:05Z" user="Olyon" uid="1443767" lat="43.7174976" lon="7.2773474"/>
 <node id="9681377700" visible="true" version="1" changeset="119975915" timestamp="2022-04-20T23:42:05Z" user="Olyon" uid="1443767" lat="43.7174918" lon="7.2773070"/>
 <node id="9681377701" visible="true" version="1" changeset="119975915" timestamp="2022-04-20T23:42:05Z" user="Olyon" uid="1443767" lat="43.7175203" lon="7.2772943"/>
 <node id="9681377702" visible="true" version="1" changeset="119975915" timestamp="2022-04-20T23:42:05Z" user="Olyon" uid="1443767" lat="43.7175855" lon="7.2773263"/>
 <node id="9681377703" visible="true" version="1" changeset="119975915" timestamp="2022-04-20T23:42:05Z" user="Olyon" uid="1443767" lat="43.7176223" lon="7.2772826"/>
 <node id="9681377704" visible="true" version="1" changeset="119975915" timestamp="2022-04-20T23:42:05Z" user="Olyon" uid="1443767" lat="43.7177138" lon="7.2771316"/>
 <node id="9681377705" visible="true" version="1" changeset="119975915" timestamp="2022-04-20T23:42:05Z" user="Olyon" uid="1443767" lat="43.7178972" lon="7.2769852"/>
 <node id="9681377706" visible="true" version="1" changeset="119975915" timestamp="2022-04-20T23:42:05Z" user="Olyon" uid="1443767" lat="43.7177556" lon="7.2768070"/>
 <node id="9681377707" visible="true" version="1" changeset="119975915" timestamp="2022-04-20T23:42:05Z" user="Olyon" uid="1443767" lat="43.7177381" lon="7.2767586"/>
 <node id="9681377708" visible="true" version="1" changeset="119975915" timestamp="2022-04-20T23:42:05Z" user="Olyon" uid="1443767" lat="43.7177410" lon="7.2764960"/>
 <node id="9681377709" visible="true" version="1" changeset="119975915" timestamp="2022-04-20T23:42:05Z" user="Olyon" uid="1443767" lat="43.7180599" lon="7.2753847"/>
 <node id="9681377710" visible="true" version="1" changeset="119975915" timestamp="2022-04-20T23:42:05Z" user="Olyon" uid="1443767" lat="43.7180455" lon="7.2753319"/>
 <node id="9681377711" visible="true" version="1" changeset="119975915" timestamp="2022-04-20T23:42:05Z" user="Olyon" uid="1443767" lat="43.7180679" lon="7.2752525"/>
 <node id="9681377712" visible="true" version="1" changeset="119975915" timestamp="2022-04-20T23:42:05Z" user="Olyon" uid="1443767" lat="43.7178320" lon="7.2750885"/>
 <node id="9681377713" visible="true" version="1" changeset="119975915" timestamp="2022-04-20T23:42:05Z" user="Olyon" uid="1443767" lat="43.7177270" lon="7.2749864"/>
 <node id="9681377714" visible="true" version="1" changeset="119975915" timestamp="2022-04-20T23:42:05Z" user="Olyon" uid="1443767" lat="43.7176965" lon="7.2749921"/>
 <node id="9681377715" visible="true" version="1" changeset="119975915" timestamp="2022-04-20T23:42:05Z" user="Olyon" uid="1443767" lat="43.7172933" lon="7.2748695"/>
 <node id="9681377716" visible="true" version="1" changeset="119975915" timestamp="2022-04-20T23:42:05Z" user="Olyon" uid="1443767" lat="43.7169505" lon="7.2747517"/>
 <node id="9681377717" visible="true" version="1" changeset="119975915" timestamp="2022-04-20T23:42:05Z" user="Olyon" uid="1443767" lat="43.7168187" lon="7.2746821"/>
 <node id="9681377718" visible="true" version="1" changeset="119975915" timestamp="2022-04-20T23:42:05Z" user="Olyon" uid="1443767" lat="43.7164381" lon="7.2745632"/>
 <node id="9681377719" visible="true" version="1" changeset="119975915" timestamp="2022-04-20T23:42:05Z" user="Olyon" uid="1443767" lat="43.7158407" lon="7.2744069"/>
 <node id="9681377720" visible="true" version="1" changeset="119975915" timestamp="2022-04-20T23:42:05Z" user="Olyon" uid="1443767" lat="43.7156923" lon="7.2743875"/>
 <node id="9681377721" visible="true" version="1" changeset="119975915" timestamp="2022-04-20T23:42:05Z" user="Olyon" uid="1443767" lat="43.7155151" lon="7.2743848"/>
 <node id="9681377722" visible="true" version="1" changeset="119975915" timestamp="2022-04-20T23:42:05Z" user="Olyon" uid="1443767" lat="43.7148540" lon="7.2744365"/>
 <node id="9681377723" visible="true" version="1" changeset="119975915" timestamp="2022-04-20T23:42:05Z" user="Olyon" uid="1443767" lat="43.7147612" lon="7.2744536"/>
 <node id="9681377724" visible="true" version="1" changeset="119975915" timestamp="2022-04-20T23:42:05Z" user="Olyon" uid="1443767" lat="43.7146383" lon="7.2745019"/>
 <node id="9681377725" visible="true" version="1" changeset="119975915" timestamp="2022-04-20T23:42:05Z" user="Olyon" uid="1443767" lat="43.7144718" lon="7.2746096"/>
 <node id="9681377726" visible="true" version="1" changeset="119975915" timestamp="2022-04-20T23:42:05Z" user="Olyon" uid="1443767" lat="43.7143334" lon="7.2747132"/>
 <node id="9681377727" visible="true" version="1" changeset="119975915" timestamp="2022-04-20T23:42:05Z" user="Olyon" uid="1443767" lat="43.7143490" lon="7.2747441"/>
 <node id="9681377728" visible="true" version="1" changeset="119975915" timestamp="2022-04-20T23:42:05Z" user="Olyon" uid="1443767" lat="43.7142110" lon="7.2748510"/>
 <node id="9681377729" visible="true" version="1" changeset="119975915" timestamp="2022-04-20T23:42:05Z" user="Olyon" uid="1443767" lat="43.7141518" lon="7.2748809"/>
 <node id="9681377730" visible="true" version="1" changeset="119975915" timestamp="2022-04-20T23:42:05Z" user="Olyon" uid="1443767" lat="43.7140822" lon="7.2749013"/>
 <node id="9681377731" visible="true" version="1" changeset="119975915" timestamp="2022-04-20T23:42:05Z" user="Olyon" uid="1443767" lat="43.7139835" lon="7.2749106"/>
 <node id="9681377732" visible="true" version="1" changeset="119975915" timestamp="2022-04-20T23:42:05Z" user="Olyon" uid="1443767" lat="43.7138684" lon="7.2748938"/>
 <node id="9681377733" visible="true" version="1" changeset="119975915" timestamp="2022-04-20T23:42:05Z" user="Olyon" uid="1443767" lat="43.7135359" lon="7.2747836"/>
 <node id="9681377734" visible="true" version="1" changeset="119975915" timestamp="2022-04-20T23:42:05Z" user="Olyon" uid="1443767" lat="43.7131562" lon="7.2746075"/>
 <node id="9681377735" visible="true" version="1" changeset="119975915" timestamp="2022-04-20T23:42:05Z" user="Olyon" uid="1443767" lat="43.7130111" lon="7.2745263"/>
 <node id="9681377736" visible="true" version="1" changeset="119975915" timestamp="2022-04-20T23:42:05Z" user="Olyon" uid="1443767" lat="43.7128782" lon="7.2744258"/>
 <node id="9681377737" visible="true" version="1" changeset="119975915" timestamp="2022-04-20T23:42:05Z" user="Olyon" uid="1443767" lat="43.7127055" lon="7.2743203"/>
 <node id="9681377738" visible="true" version="1" changeset="119975915" timestamp="2022-04-20T23:42:05Z" user="Olyon" uid="1443767" lat="43.7125124" lon="7.2741138"/>
 <node id="9681377739" visible="true" version="1" changeset="119975915" timestamp="2022-04-20T23:42:05Z" user="Olyon" uid="1443767" lat="43.7121451" lon="7.2741402"/>
 <node id="9681377740" visible="true" version="1" changeset="119975915" timestamp="2022-04-20T23:42:05Z" user="Olyon" uid="1443767" lat="43.7121432" lon="7.2741144"/>
 <node id="9681377741" visible="true" version="1" changeset="119975915" timestamp="2022-04-20T23:42:05Z" user="Olyon" uid="1443767" lat="43.7119553" lon="7.2741274"/>
 <node id="9681377742" visible="true" version="1" changeset="119975915" timestamp="2022-04-20T23:42:05Z" user="Olyon" uid="1443767" lat="43.7119372" lon="7.2741560"/>
 <node id="9681377743" visible="true" version="1" changeset="119975915" timestamp="2022-04-20T23:42:05Z" user="Olyon" uid="1443767" lat="43.7116851" lon="7.2741638"/>
 <node id="9681377744" visible="true" version="1" changeset="119975915" timestamp="2022-04-20T23:42:05Z" user="Olyon" uid="1443767" lat="43.7115020" lon="7.2741973"/>
 <node id="9681377745" visible="true" version="1" changeset="119975915" timestamp="2022-04-20T23:42:05Z" user="Olyon" uid="1443767" lat="43.7112689" lon="7.2742578"/>
 <node id="9681377746" visible="true" version="1" changeset="119975915" timestamp="2022-04-20T23:42:05Z" user="Olyon" uid="1443767" lat="43.7112667" lon="7.2742360"/>
 <node id="9681377747" visible="true" version="1" changeset="119975915" timestamp="2022-04-20T23:42:05Z" user="Olyon" uid="1443767" lat="43.7109514" lon="7.2743357"/>
 <node id="9681377748" visible="true" version="1" changeset="119975915" timestamp="2022-04-20T23:42:05Z" user="Olyon" uid="1443767" lat="43.7109538" lon="7.2743432"/>
 <node id="9681377749" visible="true" version="1" changeset="119975915" timestamp="2022-04-20T23:42:05Z" user="Olyon" uid="1443767" lat="43.7108594" lon="7.2743683"/>
 <node id="9681377750" visible="true" version="1" changeset="119975915" timestamp="2022-04-20T23:42:05Z" user="Olyon" uid="1443767" lat="43.7106157" lon="7.2744621"/>
 <node id="9681377751" visible="true" version="1" changeset="119975915" timestamp="2022-04-20T23:42:05Z" user="Olyon" uid="1443767" lat="43.7106135" lon="7.2744479"/>
 <node id="9681377752" visible="true" version="1" changeset="119975915" timestamp="2022-04-20T23:42:05Z" user="Olyon" uid="1443767" lat="43.7103730" lon="7.2745197"/>
 <node id="9681377753" visible="true" version="1" changeset="119975915" timestamp="2022-04-20T23:42:05Z" user="Olyon" uid="1443767" lat="43.7099452" lon="7.2747624"/>
 <node id="9681377754" visible="true" version="1" changeset="119975915" timestamp="2022-04-20T23:42:05Z" user="Olyon" uid="1443767" lat="43.7097522" lon="7.2748577"/>
 <node id="9681377755" visible="true" version="1" changeset="119975915" timestamp="2022-04-20T23:42:05Z" user="Olyon" uid="1443767" lat="43.7095495" lon="7.2749051"/>
 <node id="9681377756" visible="true" version="1" changeset="119975915" timestamp="2022-04-20T23:42:05Z" user="Olyon" uid="1443767" lat="43.7091412" lon="7.2749290"/>
 <node id="9681377757" visible="true" version="1" changeset="119975915" timestamp="2022-04-20T23:42:05Z" user="Olyon" uid="1443767" lat="43.7090581" lon="7.2749475"/>
 <node id="9681377758" visible="true" version="1" changeset="119975915" timestamp="2022-04-20T23:42:05Z" user="Olyon" uid="1443767" lat="43.7089687" lon="7.2749810"/>
 <node id="9681377759" visible="true" version="1" changeset="119975915" timestamp="2022-04-20T23:42:05Z" user="Olyon" uid="1443767" lat="43.7085846" lon="7.2751633"/>
 <node id="9681377760" visible="true" version="1" changeset="119975915" timestamp="2022-04-20T23:42:05Z" user="Olyon" uid="1443767" lat="43.7081083" lon="7.2755094"/>
 <node id="9681377761" visible="true" version="1" changeset="119975915" timestamp="2022-04-20T23:42:05Z" user="Olyon" uid="1443767" lat="43.7077979" lon="7.2756815"/>
 <node id="9681377762" visible="true" version="1" changeset="119975915" timestamp="2022-04-20T23:42:05Z" user="Olyon" uid="1443767" lat="43.7076383" lon="7.2756983"/>
 <node id="9681377763" visible="true" version="1" changeset="119975915" timestamp="2022-04-20T23:42:05Z" user="Olyon" uid="1443767" lat="43.7075723" lon="7.2757164"/>
 <node id="9681377764" visible="true" version="1" changeset="119975915" timestamp="2022-04-20T23:42:05Z" user="Olyon" uid="1443767" lat="43.7074499" lon="7.2757154"/>
 <node id="9681377765" visible="true" version="1" changeset="119975915" timestamp="2022-04-20T23:42:05Z" user="Olyon" uid="1443767" lat="43.7072578" lon="7.2757380"/>
 <node id="9681377766" visible="true" version="1" changeset="119975915" timestamp="2022-04-20T23:42:05Z" user="Olyon" uid="1443767" lat="43.7071889" lon="7.2757088"/>
 <node id="9681377767" visible="true" version="1" changeset="119975915" timestamp="2022-04-20T23:42:05Z" user="Olyon" uid="1443767" lat="43.7071282" lon="7.2757269"/>
 <node id="9681377768" visible="true" version="1" changeset="119975915" timestamp="2022-04-20T23:42:05Z" user="Olyon" uid="1443767" lat="43.7071280" lon="7.2757378"/>
 <node id="9681377769" visible="true" version="1" changeset="119975915" timestamp="2022-04-20T23:42:05Z" user="Olyon" uid="1443767" lat="43.7068795" lon="7.2757878"/>
 <node id="9681377770" visible="true" version="1" changeset="119975915" timestamp="2022-04-20T23:42:05Z" user="Olyon" uid="1443767" lat="43.7067508" lon="7.2757544"/>
 <node id="9681377771" visible="true" version="1" changeset="119975915" timestamp="2022-04-20T23:42:05Z" user="Olyon" uid="1443767" lat="43.7061942" lon="7.2763395"/>
 <node id="9681377772" visible="true" version="1" changeset="119975915" timestamp="2022-04-20T23:42:05Z" user="Olyon" uid="1443767" lat="43.7060337" lon="7.2766244"/>
 <node id="9681377773" visible="true" version="1" changeset="119975915" timestamp="2022-04-20T23:42:05Z" user="Olyon" uid="1443767" lat="43.7059924" lon="7.2767653"/>
 <node id="9681377774" visible="true" version="1" changeset="119975915" timestamp="2022-04-20T23:42:05Z" user="Olyon" uid="1443767" lat="43.7059466" lon="7.2768290"/>
 <node id="9681377775" visible="true" version="1" changeset="119975915" timestamp="2022-04-20T23:42:05Z" user="Olyon" uid="1443767" lat="43.7058570" lon="7.2769139"/>
 <node id="9681377776" visible="true" version="1" changeset="119975915" timestamp="2022-04-20T23:42:05Z" user="Olyon" uid="1443767" lat="43.7058267" lon="7.2769778"/>
 <node id="9681377777" visible="true" version="1" changeset="119975915" timestamp="2022-04-20T23:42:05Z" user="Olyon" uid="1443767" lat="43.7055938" lon="7.2772034"/>
 <node id="9681377778" visible="true" version="1" changeset="119975915" timestamp="2022-04-20T23:42:05Z" user="Olyon" uid="1443767" lat="43.7054369" lon="7.2773310"/>
 <node id="9681377779" visible="true" version="1" changeset="119975915" timestamp="2022-04-20T23:42:05Z" user="Olyon" uid="1443767" lat="43.7052685" lon="7.2774459"/>
 <node id="9681377780" visible="true" version="1" changeset="119975915" timestamp="2022-04-20T23:42:05Z" user="Olyon" uid="1443767" lat="43.7048586" lon="7.2776647"/>
 <node id="9681377781" visible="true" version="1" changeset="119975915" timestamp="2022-04-20T23:42:05Z" user="Olyon" uid="1443767" lat="43.7047701" lon="7.2776823"/>
 <node id="9681377782" visible="true" version="1" changeset="119975915" timestamp="2022-04-20T23:42:05Z" user="Olyon" uid="1443767" lat="43.7046354" lon="7.2777358"/>
 <node id="9681377783" visible="true" version="1" changeset="119975915" timestamp="2022-04-20T23:42:05Z" user="Olyon" uid="1443767" lat="43.7045032" lon="7.2777727"/>
 <node id="9681377784" visible="true" version="1" changeset="119975915" timestamp="2022-04-20T23:42:05Z" user="Olyon" uid="1443767" lat="43.7043435" lon="7.2777797"/>
 <node id="9681377785" visible="true" version="1" changeset="119975915" timestamp="2022-04-20T23:42:05Z" user="Olyon" uid="1443767" lat="43.7041994" lon="7.2778196"/>
 <node id="9681377786" visible="true" version="1" changeset="119975915" timestamp="2022-04-20T23:42:05Z" user="Olyon" uid="1443767" lat="43.7041212" lon="7.2778626"/>
 <node id="9681377787" visible="true" version="1" changeset="119975915" timestamp="2022-04-20T23:42:05Z" user="Olyon" uid="1443767" lat="43.7040317" lon="7.2778624"/>
 <node id="9681377788" visible="true" version="1" changeset="119975915" timestamp="2022-04-20T23:42:05Z" user="Olyon" uid="1443767" lat="43.7038867" lon="7.2779707"/>
 <node id="9681377789" visible="true" version="1" changeset="119975915" timestamp="2022-04-20T23:42:05Z" user="Olyon" uid="1443767" lat="43.7038040" lon="7.2780632"/>
 <node id="9681377790" visible="true" version="1" changeset="119975915" timestamp="2022-04-20T23:42:05Z" user="Olyon" uid="1443767" lat="43.7037944" lon="7.2781952"/>
 <node id="9681377791" visible="true" version="1" changeset="119975915" timestamp="2022-04-20T23:42:05Z" user="Olyon" uid="1443767" lat="43.7038047" lon="7.2782920"/>
 <node id="9681377792" visible="true" version="1" changeset="119975915" timestamp="2022-04-20T23:42:05Z" user="Olyon" uid="1443767" lat="43.7037307" lon="7.2783113"/>
 <node id="9681377793" visible="true" version="1" changeset="119975915" timestamp="2022-04-20T23:42:05Z" user="Olyon" uid="1443767" lat="43.7036322" lon="7.2782730"/>
 <node id="9681377794" visible="true" version="1" changeset="119975915" timestamp="2022-04-20T23:42:05Z" user="Olyon" uid="1443767" lat="43.7036056" lon="7.2782744"/>
 <node id="9681377795" visible="true" version="1" changeset="119975915" timestamp="2022-04-20T23:42:05Z" user="Olyon" uid="1443767" lat="43.7033647" lon="7.2783563"/>
 <node id="9681377796" visible="true" version="1" changeset="119975915" timestamp="2022-04-20T23:42:05Z" user="Olyon" uid="1443767" lat="43.7032125" lon="7.2783832"/>
 <node id="9681377797" visible="true" version="1" changeset="119975915" timestamp="2022-04-20T23:42:05Z" user="Olyon" uid="1443767" lat="43.7029475" lon="7.2786736"/>
 <node id="9681377798" visible="true" version="1" changeset="119975915" timestamp="2022-04-20T23:42:05Z" user="Olyon" uid="1443767" lat="43.7029380" lon="7.2786909"/>
 <node id="9681377799" visible="true" version="1" changeset="119975915" timestamp="2022-04-20T23:42:05Z" user="Olyon" uid="1443767" lat="43.7028661" lon="7.2789942"/>
 <node id="9681377800" visible="true" version="1" changeset="119975915" timestamp="2022-04-20T23:42:05Z" user="Olyon" uid="1443767" lat="43.7014892" lon="7.2780412"/>
 <node id="9681377801" visible="true" version="1" changeset="119975915" timestamp="2022-04-20T23:42:05Z" user="Olyon" uid="1443767" lat="43.7009528" lon="7.2776889"/>
 <node id="9681377802" visible="true" version="1" changeset="119975915" timestamp="2022-04-20T23:42:05Z" user="Olyon" uid="1443767" lat="43.7008873" lon="7.2776672"/>
 <node id="9681377803" visible="true" version="1" changeset="119975915" timestamp="2022-04-20T23:42:05Z" user="Olyon" uid="1443767" lat="43.7005292" lon="7.2774273"/>
 <node id="9681377804" visible="true" version="1" changeset="119975915" timestamp="2022-04-20T23:42:05Z" user="Olyon" uid="1443767" lat="43.7004792" lon="7.2774559"/>
 <node id="9681377805" visible="true" version="1" changeset="119975915" timestamp="2022-04-20T23:42:05Z" user="Olyon" uid="1443767" lat="43.7002569" lon="7.2780738"/>
 <node id="9681377806" visible="true" version="1" changeset="119975915" timestamp="2022-04-20T23:42:05Z" user="Olyon" uid="1443767" lat="43.7002736" lon="7.2781336"/>
 <node id="9681377807" visible="true" version="1" changeset="119975915" timestamp="2022-04-20T23:42:05Z" user="Olyon" uid="1443767" lat="43.7003841" lon="7.2781895"/>
 <node id="9681377808" visible="true" version="1" changeset="119975915" timestamp="2022-04-20T23:42:05Z" user="Olyon" uid="1443767" lat="43.7005417" lon="7.2783096"/>
 <node id="9681377809" visible="true" version="1" changeset="119975915" timestamp="2022-04-20T23:42:05Z" user="Olyon" uid="1443767" lat="43.7005426" lon="7.2783242"/>
 <node id="9681377810" visible="true" version="1" changeset="119975915" timestamp="2022-04-20T23:42:05Z" user="Olyon" uid="1443767" lat="43.7005528" lon="7.2783198"/>
 <node id="9681377811" visible="true" version="1" changeset="119975915" timestamp="2022-04-20T23:42:05Z" user="Olyon" uid="1443767" lat="43.7006086" lon="7.2783637"/>
 <node id="9681377812" visible="true" version="1" changeset="119975915" timestamp="2022-04-20T23:42:05Z" user="Olyon" uid="1443767" lat="43.7006103" lon="7.2783744"/>
 <node id="9681377813" visible="true" version="1" changeset="119975915" timestamp="2022-04-20T23:42:05Z" user="Olyon" uid="1443767" lat="43.7006171" lon="7.2783708"/>
 <node id="9681377814" visible="true" version="1" changeset="119975915" timestamp="2022-04-20T23:42:05Z" user="Olyon" uid="1443767" lat="43.7006737" lon="7.2784125"/>
 <node id="9681377815" visible="true" version="1" changeset="119975915" timestamp="2022-04-20T23:42:05Z" user="Olyon" uid="1443767" lat="43.7006738" lon="7.2784211"/>
 <node id="9681377816" visible="true" version="1" changeset="119975915" timestamp="2022-04-20T23:42:05Z" user="Olyon" uid="1443767" lat="43.7008091" lon="7.2785159"/>
 <node id="9681377817" visible="true" version="1" changeset="119975915" timestamp="2022-04-20T23:42:05Z" user="Olyon" uid="1443767" lat="43.7008755" lon="7.2785516"/>
 <node id="9681377818" visible="true" version="1" changeset="119975915" timestamp="2022-04-20T23:42:05Z" user="Olyon" uid="1443767" lat="43.7008768" lon="7.2785611"/>
 <node id="9681377819" visible="true" version="1" changeset="119975915" timestamp="2022-04-20T23:42:05Z" user="Olyon" uid="1443767" lat="43.7008853" lon="7.2785589"/>
 <node id="9681377820" visible="true" version="1" changeset="119975915" timestamp="2022-04-20T23:42:05Z" user="Olyon" uid="1443767" lat="43.7009446" lon="7.2786032"/>
 <node id="9681377821" visible="true" version="1" changeset="119975915" timestamp="2022-04-20T23:42:05Z" user="Olyon" uid="1443767" lat="43.7009457" lon="7.2786142"/>
 <node id="9681377822" visible="true" version="1" changeset="119975915" timestamp="2022-04-20T23:42:05Z" user="Olyon" uid="1443767" lat="43.7009541" lon="7.2786093"/>
 <node id="9681377823" visible="true" version="1" changeset="119975915" timestamp="2022-04-20T23:42:05Z" user="Olyon" uid="1443767" lat="43.7013889" lon="7.2789688"/>
 <node id="9681377824" visible="true" version="1" changeset="119975915" timestamp="2022-04-20T23:42:05Z" user="Olyon" uid="1443767" lat="43.7019326" lon="7.2793530"/>
 <node id="9681377825" visible="true" version="1" changeset="119975915" timestamp="2022-04-20T23:42:05Z" user="Olyon" uid="1443767" lat="43.7018054" lon="7.2797538"/>
 <node id="9681377826" visible="true" version="1" changeset="119975915" timestamp="2022-04-20T23:42:05Z" user="Olyon" uid="1443767" lat="43.7017485" lon="7.2797138"/>
 <node id="9681377827" visible="true" version="1" changeset="119975915" timestamp="2022-04-20T23:42:05Z" user="Olyon" uid="1443767" lat="43.7014203" lon="7.2807928"/>
 <node id="9681377828" visible="true" version="1" changeset="119975915" timestamp="2022-04-20T23:42:05Z" user="Olyon" uid="1443767" lat="43.7014561" lon="7.2808123"/>
 <node id="9681377829" visible="true" version="1" changeset="119975915" timestamp="2022-04-20T23:42:05Z" user="Olyon" uid="1443767" lat="43.7014352" lon="7.2808798"/>
 <node id="9681377830" visible="true" version="1" changeset="119975915" timestamp="2022-04-20T23:42:05Z" user="Olyon" uid="1443767" lat="43.7014000" lon="7.2808596"/>
 <node id="9681377831" visible="true" version="1" changeset="119975915" timestamp="2022-04-20T23:42:05Z" user="Olyon" uid="1443767" lat="43.7011636" lon="7.2816376"/>
 <node id="9681377832" visible="true" version="1" changeset="119975915" timestamp="2022-04-20T23:42:05Z" user="Olyon" uid="1443767" lat="43.7009210" lon="7.2815055"/>
 <node id="9681377833" visible="true" version="1" changeset="119975915" timestamp="2022-04-20T23:42:05Z" user="Olyon" uid="1443767" lat="43.7006951" lon="7.2815293"/>
 <node id="9681377834" visible="true" version="1" changeset="119975915" timestamp="2022-04-20T23:42:05Z" user="Olyon" uid="1443767" lat="43.7006309" lon="7.2816329"/>
 <node id="9681377835" visible="true" version="1" changeset="119975915" timestamp="2022-04-20T23:42:05Z" user="Olyon" uid="1443767" lat="43.7005584" lon="7.2816391"/>
 <node id="9681377836" visible="true" version="1" changeset="119975915" timestamp="2022-04-20T23:42:05Z" user="Olyon" uid="1443767" lat="43.7005289" lon="7.2816745"/>
 <node id="9681377837" visible="true" version="1" changeset="119975915" timestamp="2022-04-20T23:42:05Z" user="Olyon" uid="1443767" lat="43.7005039" lon="7.2816808"/>
 <node id="9681377838" visible="true" version="1" changeset="119975915" timestamp="2022-04-20T23:42:05Z" user="Olyon" uid="1443767" lat="43.7004892" lon="7.2817309"/>
 <node id="9681377839" visible="true" version="1" changeset="119975915" timestamp="2022-04-20T23:42:05Z" user="Olyon" uid="1443767" lat="43.7004869" lon="7.2818383"/>
 <node id="9681377840" visible="true" version="1" changeset="119975915" timestamp="2022-04-20T23:42:05Z" user="Olyon" uid="1443767" lat="43.7003307" lon="7.2820958"/>
 <node id="9681377841" visible="true" version="1" changeset="119975915" timestamp="2022-04-20T23:42:05Z" user="Olyon" uid="1443767" lat="43.7002313" lon="7.2820870"/>
 <node id="9681377842" visible="true" version="1" changeset="119975915" timestamp="2022-04-20T23:42:05Z" user="Olyon" uid="1443767" lat="43.7002375" lon="7.2820934"/>
 <node id="9681377843" visible="true" version="1" changeset="119975915" timestamp="2022-04-20T23:42:05Z" user="Olyon" uid="1443767" lat="43.7001474" lon="7.2822234"/>
 <node id="9681377844" visible="true" version="1" changeset="119975915" timestamp="2022-04-20T23:42:05Z" user="Olyon" uid="1443767" lat="43.7003394" lon="7.2826243"/>
 <node id="9681377845" visible="true" version="1" changeset="119975915" timestamp="2022-04-20T23:42:05Z" user="Olyon" uid="1443767" lat="43.7001544" lon="7.2829232"/>
 <node id="9681377846" visible="true" version="1" changeset="119975915" timestamp="2022-04-20T23:42:05Z" user="Olyon" uid="1443767" lat="43.6997525" lon="7.2828858"/>
 <node id="9681377847" visible="true" version="1" changeset="119975915" timestamp="2022-04-20T23:42:05Z" user="Olyon" uid="1443767" lat="43.6997293" lon="7.2829246"/>
 <node id="9681377848" visible="true" version="1" changeset="119975915" timestamp="2022-04-20T23:42:05Z" user="Olyon" uid="1443767" lat="43.6997163" lon="7.2831201"/>
 <node id="9681377849" visible="true" version="1" changeset="119975915" timestamp="2022-04-20T23:42:05Z" user="Olyon" uid="1443767" lat="43.6994698" lon="7.2832396"/>
 <node id="9681377850" visible="true" version="1" changeset="119975915" timestamp="2022-04-20T23:42:05Z" user="Olyon" uid="1443767" lat="43.6994582" lon="7.2834319"/>
 <node id="9681377851" visible="true" version="1" changeset="119975915" timestamp="2022-04-20T23:42:05Z" user="Olyon" uid="1443767" lat="43.6993856" lon="7.2834246"/>
 <node id="9681377852" visible="true" version="1" changeset="119975915" timestamp="2022-04-20T23:42:05Z" user="Olyon" uid="1443767" lat="43.6993555" lon="7.2834730"/>
 <node id="9681377853" visible="true" version="1" changeset="119975915" timestamp="2022-04-20T23:42:05Z" user="Olyon" uid="1443767" lat="43.6994653" lon="7.2836030"/>
 <node id="9681377854" visible="true" version="1" changeset="119975915" timestamp="2022-04-20T23:42:05Z" user="Olyon" uid="1443767" lat="43.6994393" lon="7.2836797"/>
 <node id="9681377855" visible="true" version="1" changeset="119975915" timestamp="2022-04-20T23:42:05Z" user="Olyon" uid="1443767" lat="43.6994334" lon="7.2837395"/>
 <node id="9681377856" visible="true" version="1" changeset="119975915" timestamp="2022-04-20T23:42:05Z" user="Olyon" uid="1443767" lat="43.6993087" lon="7.2837160"/>
 <node id="9681377857" visible="true" version="1" changeset="119975915" timestamp="2022-04-20T23:42:05Z" user="Olyon" uid="1443767" lat="43.6992828" lon="7.2837217"/>
 <node id="9681377858" visible="true" version="1" changeset="119975915" timestamp="2022-04-20T23:42:05Z" user="Olyon" uid="1443767" lat="43.6992650" lon="7.2839188"/>
 <node id="9681377859" visible="true" version="1" changeset="119975915" timestamp="2022-04-20T23:42:05Z" user="Olyon" uid="1443767" lat="43.6992334" lon="7.2840981"/>
 <node id="9681377860" visible="true" version="1" changeset="119975915" timestamp="2022-04-20T23:42:05Z" user="Olyon" uid="1443767" lat="43.6991636" lon="7.2849013"/>
 <node id="9681377861" visible="true" version="1" changeset="119975915" timestamp="2022-04-20T23:42:05Z" user="Olyon" uid="1443767" lat="43.6991183" lon="7.2850643"/>
 <node id="9681377862" visible="true" version="1" changeset="119975915" timestamp="2022-04-20T23:42:05Z" user="Olyon" uid="1443767" lat="43.6991084" lon="7.2851815"/>
 <node id="9681377863" visible="true" version="1" changeset="119975915" timestamp="2022-04-20T23:42:05Z" user="Olyon" uid="1443767" lat="43.6991217" lon="7.2851859"/>
 <node id="9681377864" visible="true" version="1" changeset="119975915" timestamp="2022-04-20T23:42:05Z" user="Olyon" uid="1443767" lat="43.6991153" lon="7.2852658"/>
 <node id="9681377865" visible="true" version="1" changeset="119975915" timestamp="2022-04-20T23:42:05Z" user="Olyon" uid="1443767" lat="43.6991018" lon="7.2852657"/>
 <node id="9681377866" visible="true" version="1" changeset="119975915" timestamp="2022-04-20T23:42:05Z" user="Olyon" uid="1443767" lat="43.6990914" lon="7.2853804"/>
 <node id="9681377867" visible="true" version="1" changeset="119975915" timestamp="2022-04-20T23:42:05Z" user="Olyon" uid="1443767" lat="43.6991054" lon="7.2855554"/>
 <node id="9681377868" visible="true" version="1" changeset="119975915" timestamp="2022-04-20T23:42:05Z" user="Olyon" uid="1443767" lat="43.6989629" lon="7.2871815"/>
 <node id="9681377869" visible="true" version="2" changeset="148145076" timestamp="2024-03-02T20:07:34Z" user="Snusmumriken" uid="76269" lat="43.6959578" lon="7.2866695"/>
 <node id="9681377870" visible="true" version="1" changeset="119975915" timestamp="2022-04-20T23:42:05Z" user="Olyon" uid="1443767" lat="43.6958334" lon="7.2866120"/>
 <node id="9681377871" visible="true" version="1" changeset="119975915" timestamp="2022-04-20T23:42:05Z" user="Olyon" uid="1443767" lat="43.6949994" lon="7.2864711"/>
 <node id="9681377872" visible="true" version="1" changeset="119975915" timestamp="2022-04-20T23:42:05Z" user="Olyon" uid="1443767" lat="43.6949479" lon="7.2864929"/>
 <node id="9681377873" visible="true" version="1" changeset="119975915" timestamp="2022-04-20T23:42:05Z" user="Olyon" uid="1443767" lat="43.6949297" lon="7.2866730"/>
 <node id="9681377874" visible="true" version="1" changeset="119975915" timestamp="2022-04-20T23:42:05Z" user="Olyon" uid="1443767" lat="43.6949945" lon="7.2866842"/>
 <node id="9681377875" visible="true" version="1" changeset="119975915" timestamp="2022-04-20T23:42:05Z" user="Olyon" uid="1443767" lat="43.6950057" lon="7.2868116"/>
 <node id="9681377876" visible="true" version="1" changeset="119975915" timestamp="2022-04-20T23:42:05Z" user="Olyon" uid="1443767" lat="43.6950510" lon="7.2870593"/>
 <node id="9681377877" visible="true" version="1" changeset="119975915" timestamp="2022-04-20T23:42:05Z" user="Olyon" uid="1443767" lat="43.6950522" lon="7.2873591"/>
 <node id="9681377878" visible="true" version="1" changeset="119975915" timestamp="2022-04-20T23:42:05Z" user="Olyon" uid="1443767" lat="43.6950595" lon="7.2874798"/>
 <node id="9681377879" visible="true" version="1" changeset="119975915" timestamp="2022-04-20T23:42:05Z" user="Olyon" uid="1443767" lat="43.6950881" lon="7.2875904"/>
 <node id="9681377880" visible="true" version="1" changeset="119975915" timestamp="2022-04-20T23:42:05Z" user="Olyon" uid="1443767" lat="43.6950738" lon="7.2876765"/>
 <node id="9681377881" visible="true" version="1" changeset="119975915" timestamp="2022-04-20T23:42:05Z" user="Olyon" uid="1443767" lat="43.6951110" lon="7.2877040"/>
 <node id="9681377882" visible="true" version="1" changeset="119975915" timestamp="2022-04-20T23:42:05Z" user="Olyon" uid="1443767" lat="43.6951213" lon="7.2876998"/>
 <node id="9681377883" visible="true" version="1" changeset="119975915" timestamp="2022-04-20T23:42:05Z" user="Olyon" uid="1443767" lat="43.6951820" lon="7.2878263"/>
 <node id="9681377884" visible="true" version="1" changeset="119975915" timestamp="2022-04-20T23:42:05Z" user="Olyon" uid="1443767" lat="43.6951428" lon="7.2879226"/>
 <node id="9681377885" visible="true" version="1" changeset="119975915" timestamp="2022-04-20T23:42:05Z" user="Olyon" uid="1443767" lat="43.6951052" lon="7.2881317"/>
 <node id="9681377886" visible="true" version="1" changeset="119975915" timestamp="2022-04-20T23:42:05Z" user="Olyon" uid="1443767" lat="43.6951275" lon="7.2882267"/>
 <node id="9681377887" visible="true" version="1" changeset="119975915" timestamp="2022-04-20T23:42:05Z" user="Olyon" uid="1443767" lat="43.6950337" lon="7.2889095"/>
 <node id="9681377888" visible="true" version="1" changeset="119975915" timestamp="2022-04-20T23:42:05Z" user="Olyon" uid="1443767" lat="43.6950228" lon="7.2890574"/>
 <node id="9681377889" visible="true" version="1" changeset="119975915" timestamp="2022-04-20T23:42:05Z" user="Olyon" uid="1443767" lat="43.6949758" lon="7.2890552"/>
 <node id="9681377890" visible="true" version="1" changeset="119975915" timestamp="2022-04-20T23:42:05Z" user="Olyon" uid="1443767" lat="43.6949174" lon="7.2894967"/>
 <node id="9681377891" visible="true" version="1" changeset="119975915" timestamp="2022-04-20T23:42:05Z" user="Olyon" uid="1443767" lat="43.6948874" lon="7.2895445"/>
 <node id="9681377892" visible="true" version="1" changeset="119975915" timestamp="2022-04-20T23:42:05Z" user="Olyon" uid="1443767" lat="43.6945656" lon="7.2898392"/>
 <node id="9681377893" visible="true" version="1" changeset="119975915" timestamp="2022-04-20T23:42:05Z" user="Olyon" uid="1443767" lat="43.6946309" lon="7.2899578"/>
 <node id="9681377894" visible="true" version="1" changeset="119975915" timestamp="2022-04-20T23:42:05Z" user="Olyon" uid="1443767" lat="43.6946681" lon="7.2900556"/>
 <node id="9681377895" visible="true" version="1" changeset="119975915" timestamp="2022-04-20T23:42:05Z" user="Olyon" uid="1443767" lat="43.6946997" lon="7.2901783"/>
 <node id="9681377896" visible="true" version="1" changeset="119975915" timestamp="2022-04-20T23:42:05Z" user="Olyon" uid="1443767" lat="43.6947095" lon="7.2902843"/>
 <node id="9681377897" visible="true" version="1" changeset="119975915" timestamp="2022-04-20T23:42:05Z" user="Olyon" uid="1443767" lat="43.6947022" lon="7.2903922"/>
 <node id="9681377898" visible="true" version="1" changeset="119975915" timestamp="2022-04-20T23:42:05Z" user="Olyon" uid="1443767" lat="43.6946673" lon="7.2905646"/>
 <node id="9681377899" visible="true" version="1" changeset="119975915" timestamp="2022-04-20T23:42:05Z" user="Olyon" uid="1443767" lat="43.6945915" lon="7.2907977"/>
 <node id="9681377900" visible="true" version="1" changeset="119975915" timestamp="2022-04-20T23:42:05Z" user="Olyon" uid="1443767" lat="43.6945522" lon="7.2908867"/>
 <node id="9681377901" visible="true" version="1" changeset="119975915" timestamp="2022-04-20T23:42:05Z" user="Olyon" uid="1443767" lat="43.6944842" lon="7.2910102"/>
 <node id="9681377902" visible="true" version="1" changeset="119975915" timestamp="2022-04-20T23:42:05Z" user="Olyon" uid="1443767" lat="43.6943439" lon="7.2912041"/>
 <node id="9681377903" visible="true" version="1" changeset="119975915" timestamp="2022-04-20T23:42:05Z" user="Olyon" uid="1443767" lat="43.6941890" lon="7.2913625"/>
 <node id="9681377904" visible="true" version="1" changeset="119975915" timestamp="2022-04-20T23:42:05Z" user="Olyon" uid="1443767" lat="43.6940540" lon="7.2914628"/>
 <node id="9681377905" visible="true" version="1" changeset="119975915" timestamp="2022-04-20T23:42:05Z" user="Olyon" uid="1443767" lat="43.6937575" lon="7.2916047"/>
 <node id="9681377906" visible="true" version="1" changeset="119975915" timestamp="2022-04-20T23:42:05Z" user="Olyon" uid="1443767" lat="43.6935969" lon="7.2916970"/>
 <node id="9681377907" visible="true" version="1" changeset="119975915" timestamp="2022-04-20T23:42:05Z" user="Olyon" uid="1443767" lat="43.6934019" lon="7.2918269"/>
 <node id="9681377908" visible="true" version="1" changeset="119975915" timestamp="2022-04-20T23:42:05Z" user="Olyon" uid="1443767" lat="43.6933172" lon="7.2918672"/>
 <node id="9681377909" visible="true" version="1" changeset="119975915" timestamp="2022-04-20T23:42:05Z" user="Olyon" uid="1443767" lat="43.6932287" lon="7.2918808"/>
 <node id="9681377910" visible="true" version="1" changeset="119975915" timestamp="2022-04-20T23:42:05Z" user="Olyon" uid="1443767" lat="43.6931634" lon="7.2918787"/>
 <node id="9681377911" visible="true" version="1" changeset="119975915" timestamp="2022-04-20T23:42:05Z" user="Olyon" uid="1443767" lat="43.6930459" lon="7.2918435"/>
 <node id="9681377912" visible="true" version="1" changeset="119975915" timestamp="2022-04-20T23:42:05Z" user="Olyon" uid="1443767" lat="43.6929928" lon="7.2918153"/>
 <node id="9681377913" visible="true" version="1" changeset="119975915" timestamp="2022-04-20T23:42:05Z" user="Olyon" uid="1443767" lat="43.6929109" lon="7.2920070"/>
 <node id="9681377914" visible="true" version="1" changeset="119975915" timestamp="2022-04-20T23:42:05Z" user="Olyon" uid="1443767" lat="43.6928859" lon="7.2920164"/>
 <node id="9681377915" visible="true" version="1" changeset="119975915" timestamp="2022-04-20T23:42:05Z" user="Olyon" uid="1443767" lat="43.6928098" lon="7.2921250"/>
 <node id="9681377916" visible="true" version="1" changeset="119975915" timestamp="2022-04-20T23:42:05Z" user="Olyon" uid="1443767" lat="43.6927931" lon="7.2921200"/>
 <node id="9681377917" visible="true" version="1" changeset="119975915" timestamp="2022-04-20T23:42:05Z" user="Olyon" uid="1443767" lat="43.6927220" lon="7.2925057"/>
 <node id="9681377918" visible="true" version="1" changeset="119975915" timestamp="2022-04-20T23:42:05Z" user="Olyon" uid="1443767" lat="43.6927107" lon="7.2925033"/>
 <node id="9681377919" visible="true" version="1" changeset="119975915" timestamp="2022-04-20T23:42:05Z" user="Olyon" uid="1443767" lat="43.6926851" lon="7.2925680"/>
 <node id="9681377920" visible="true" version="1" changeset="119975915" timestamp="2022-04-20T23:42:05Z" user="Olyon" uid="1443767" lat="43.6925359" lon="7.2927310"/>
 <node id="9681377921" visible="true" version="1" changeset="119975915" timestamp="2022-04-20T23:42:05Z" user="Olyon" uid="1443767" lat="43.6925449" lon="7.2927475"/>
 <node id="9681377922" visible="true" version="1" changeset="119975915" timestamp="2022-04-20T23:42:05Z" user="Olyon" uid="1443767" lat="43.6925008" lon="7.2927948"/>
 <node id="9681377923" visible="true" version="1" changeset="119975915" timestamp="2022-04-20T23:42:05Z" user="Olyon" uid="1443767" lat="43.6922743" lon="7.2929232"/>
 <node id="9681377924" visible="true" version="1" changeset="119975915" timestamp="2022-04-20T23:42:05Z" user="Olyon" uid="1443767" lat="43.6921103" lon="7.2933042"/>
 <node id="9681377925" visible="true" version="1" changeset="119975915" timestamp="2022-04-20T23:42:05Z" user="Olyon" uid="1443767" lat="43.6921186" lon="7.2933786"/>
 <node id="9681377926" visible="true" version="1" changeset="119975915" timestamp="2022-04-20T23:42:05Z" user="Olyon" uid="1443767" lat="43.6922256" lon="7.2934779"/>
 <node id="9681377927" visible="true" version="1" changeset="119975915" timestamp="2022-04-20T23:42:05Z" user="Olyon" uid="1443767" lat="43.6922789" lon="7.2934095"/>
 <node id="9681377928" visible="true" version="1" changeset="119975915" timestamp="2022-04-20T23:42:05Z" user="Olyon" uid="1443767" lat="43.6923244" lon="7.2933757"/>
 <node id="9681377929" visible="true" version="1" changeset="119975915" timestamp="2022-04-20T23:42:05Z" user="Olyon" uid="1443767" lat="43.6923683" lon="7.2934952"/>
 <node id="9681377930" visible="true" version="1" changeset="119975915" timestamp="2022-04-20T23:42:05Z" user="Olyon" uid="1443767" lat="43.6925238" lon="7.2937045"/>
 <node id="9681377931" visible="true" version="1" changeset="119975915" timestamp="2022-04-20T23:42:05Z" user="Olyon" uid="1443767" lat="43.6926081" lon="7.2938896"/>
 <node id="9681377932" visible="true" version="1" changeset="119975915" timestamp="2022-04-20T23:42:05Z" user="Olyon" uid="1443767" lat="43.6926133" lon="7.2939367"/>
 <node id="9681377933" visible="true" version="1" changeset="119975915" timestamp="2022-04-20T23:42:05Z" user="Olyon" uid="1443767" lat="43.6925927" lon="7.2940258"/>
 <node id="9681377934" visible="true" version="1" changeset="119975915" timestamp="2022-04-20T23:42:05Z" user="Olyon" uid="1443767" lat="43.6925650" lon="7.2940978"/>
 <node id="9681377935" visible="true" version="1" changeset="119975915" timestamp="2022-04-20T23:42:05Z" user="Olyon" uid="1443767" lat="43.6923076" lon="7.2945002"/>
 <node id="9681377936" visible="true" version="1" changeset="119975915" timestamp="2022-04-20T23:42:05Z" user="Olyon" uid="1443767" lat="43.6923315" lon="7.2946001"/>
 <node id="9681377937" visible="true" version="1" changeset="119975915" timestamp="2022-04-20T23:42:05Z" user="Olyon" uid="1443767" lat="43.6922512" lon="7.2948830"/>
 <node id="9681377938" visible="true" version="1" changeset="119975915" timestamp="2022-04-20T23:42:05Z" user="Olyon" uid="1443767" lat="43.6922622" lon="7.2948925"/>
 <node id="9681377939" visible="true" version="1" changeset="119975915" timestamp="2022-04-20T23:42:05Z" user="Olyon" uid="1443767" lat="43.6920862" lon="7.2954847"/>
 <node id="9681377940" visible="true" version="1" changeset="119975915" timestamp="2022-04-20T23:42:05Z" user="Olyon" uid="1443767" lat="43.6920389" lon="7.2956141"/>
 <node id="9681377941" visible="true" version="1" changeset="119975915" timestamp="2022-04-20T23:42:05Z" user="Olyon" uid="1443767" lat="43.6918929" lon="7.2959172"/>
 <node id="9681377942" visible="true" version="1" changeset="119975915" timestamp="2022-04-20T23:42:05Z" user="Olyon" uid="1443767" lat="43.6918545" lon="7.2960265"/>
 <node id="9681377943" visible="true" version="1" changeset="119975915" timestamp="2022-04-20T23:42:05Z" user="Olyon" uid="1443767" lat="43.6919003" lon="7.2960161"/>
 <node id="9681377944" visible="true" version="1" changeset="119975915" timestamp="2022-04-20T23:42:05Z" user="Olyon" uid="1443767" lat="43.6926450" lon="7.2959646"/>
 <node id="9681377945" visible="true" version="1" changeset="119975915" timestamp="2022-04-20T23:42:05Z" user="Olyon" uid="1443767" lat="43.6928259" lon="7.2959315"/>
 <node id="9681377946" visible="true" version="1" changeset="119975915" timestamp="2022-04-20T23:42:05Z" user="Olyon" uid="1443767" lat="43.6929598" lon="7.2959296"/>
 <node id="9681377947" visible="true" version="1" changeset="119975915" timestamp="2022-04-20T23:42:05Z" user="Olyon" uid="1443767" lat="43.6929982" lon="7.2963894"/>
 <node id="9681377948" visible="true" version="1" changeset="119975915" timestamp="2022-04-20T23:42:05Z" user="Olyon" uid="1443767" lat="43.6930022" lon="7.2964938"/>
 <node id="9681377949" visible="true" version="1" changeset="119975915" timestamp="2022-04-20T23:42:05Z" user="Olyon" uid="1443767" lat="43.6929934" lon="7.2966242"/>
 <node id="9681377950" visible="true" version="1" changeset="119975915" timestamp="2022-04-20T23:42:05Z" user="Olyon" uid="1443767" lat="43.6930965" lon="7.2972724"/>
 <node id="9681377951" visible="true" version="1" changeset="119975915" timestamp="2022-04-20T23:42:05Z" user="Olyon" uid="1443767" lat="43.6928916" lon="7.2973837"/>
 <node id="9681377952" visible="true" version="1" changeset="119975915" timestamp="2022-04-20T23:42:05Z" user="Olyon" uid="1443767" lat="43.6928853" lon="7.2973583"/>
 <node id="9681377953" visible="true" version="1" changeset="119975915" timestamp="2022-04-20T23:42:05Z" user="Olyon" uid="1443767" lat="43.6926484" lon="7.2974853"/>
 <node id="9681377954" visible="true" version="1" changeset="119975915" timestamp="2022-04-20T23:42:05Z" user="Olyon" uid="1443767" lat="43.6926544" lon="7.2975157"/>
 <node id="9681377955" visible="true" version="1" changeset="119975915" timestamp="2022-04-20T23:42:05Z" user="Olyon" uid="1443767" lat="43.6918133" lon="7.2979827"/>
 <node id="9681377956" visible="true" version="1" changeset="119975915" timestamp="2022-04-20T23:42:05Z" user="Olyon" uid="1443767" lat="43.6916829" lon="7.2980444"/>
 <node id="9681377957" visible="true" version="1" changeset="119975915" timestamp="2022-04-20T23:42:05Z" user="Olyon" uid="1443767" lat="43.6914859" lon="7.2981196"/>
 <node id="9681377958" visible="true" version="1" changeset="119975915" timestamp="2022-04-20T23:42:05Z" user="Olyon" uid="1443767" lat="43.6912662" lon="7.2981917"/>
 <node id="9681377959" visible="true" version="1" changeset="119975915" timestamp="2022-04-20T23:42:05Z" user="Olyon" uid="1443767" lat="43.6912678" lon="7.2984298"/>
 <node id="9681377960" visible="true" version="1" changeset="119975915" timestamp="2022-04-20T23:42:05Z" user="Olyon" uid="1443767" lat="43.6912490" lon="7.2984985"/>
 <node id="9681377961" visible="true" version="1" changeset="119975915" timestamp="2022-04-20T23:42:05Z" user="Olyon" uid="1443767" lat="43.6910989" lon="7.2985959"/>
 <node id="9681377962" visible="true" version="1" changeset="119975915" timestamp="2022-04-20T23:42:05Z" user="Olyon" uid="1443767" lat="43.6896105" lon="7.2986531"/>
 <node id="9681377963" visible="true" version="1" changeset="119975915" timestamp="2022-04-20T23:42:05Z" user="Olyon" uid="1443767" lat="43.6889876" lon="7.2987272"/>
 <node id="9681377964" visible="true" version="1" changeset="119975915" timestamp="2022-04-20T23:42:05Z" user="Olyon" uid="1443767" lat="43.6884454" lon="7.2991792"/>
 <node id="9681377965" visible="true" version="1" changeset="119975915" timestamp="2022-04-20T23:42:05Z" user="Olyon" uid="1443767" lat="43.6881079" lon="7.3002569"/>
 <node id="9681377966" visible="true" version="1" changeset="119975915" timestamp="2022-04-20T23:42:05Z" user="Olyon" uid="1443767" lat="43.6881136" lon="7.3002594"/>
 <node id="9681377967" visible="true" version="1" changeset="119975915" timestamp="2022-04-20T23:42:05Z" user="Olyon" uid="1443767" lat="43.6880441" lon="7.3004866"/>
 <node id="9681377968" visible="true" version="1" changeset="119975915" timestamp="2022-04-20T23:42:05Z" user="Olyon" uid="1443767" lat="43.6880397" lon="7.3004945"/>
 <node id="9681377969" visible="true" version="1" changeset="119975915" timestamp="2022-04-20T23:42:05Z" user="Olyon" uid="1443767" lat="43.6879951" lon="7.3004780"/>
 <node id="9681377970" visible="true" version="1" changeset="119975915" timestamp="2022-04-20T23:42:05Z" user="Olyon" uid="1443767" lat="43.6879619" lon="7.3006825"/>
 <node id="9681377971" visible="true" version="1" changeset="119975915" timestamp="2022-04-20T23:42:05Z" user="Olyon" uid="1443767" lat="43.6879555" lon="7.3008890"/>
 <node id="9681377972" visible="true" version="1" changeset="119975915" timestamp="2022-04-20T23:42:05Z" user="Olyon" uid="1443767" lat="43.6879505" lon="7.3008870"/>
 <node id="9681377973" visible="true" version="1" changeset="119975915" timestamp="2022-04-20T23:42:05Z" user="Olyon" uid="1443767" lat="43.6876326" lon="7.3022531"/>
 <node id="9681377974" visible="true" version="1" changeset="119975915" timestamp="2022-04-20T23:42:05Z" user="Olyon" uid="1443767" lat="43.6871202" lon="7.3027222"/>
 <node id="9681377975" visible="true" version="1" changeset="119975915" timestamp="2022-04-20T23:42:05Z" user="Olyon" uid="1443767" lat="43.6869610" lon="7.3029579"/>
 <node id="9681377976" visible="true" version="1" changeset="119975915" timestamp="2022-04-20T23:42:05Z" user="Olyon" uid="1443767" lat="43.6868010" lon="7.3034342"/>
 <node id="9681377977" visible="true" version="1" changeset="119975915" timestamp="2022-04-20T23:42:05Z" user="Olyon" uid="1443767" lat="43.6863504" lon="7.3032768"/>
 <node id="9681377978" visible="true" version="1" changeset="119975915" timestamp="2022-04-20T23:42:05Z" user="Olyon" uid="1443767" lat="43.6861545" lon="7.3038396"/>
 <node id="9681377979" visible="true" version="1" changeset="119975915" timestamp="2022-04-20T23:42:05Z" user="Olyon" uid="1443767" lat="43.6859015" lon="7.3039248"/>
 <node id="9681377980" visible="true" version="1" changeset="119975915" timestamp="2022-04-20T23:42:05Z" user="Olyon" uid="1443767" lat="43.6858018" lon="7.3040980"/>
 <node id="9681377981" visible="true" version="1" changeset="119975915" timestamp="2022-04-20T23:42:05Z" user="Olyon" uid="1443767" lat="43.6846790" lon="7.3035908"/>
 <node id="9681377982" visible="true" version="1" changeset="119975915" timestamp="2022-04-20T23:42:05Z" user="Olyon" uid="1443767" lat="43.6848342" lon="7.3032528"/>
 <node id="9681377983" visible="true" version="1" changeset="119975915" timestamp="2022-04-20T23:42:05Z" user="Olyon" uid="1443767" lat="43.6849661" lon="7.3029363"/>
 <node id="9681377984" visible="true" version="1" changeset="119975915" timestamp="2022-04-20T23:42:05Z" user="Olyon" uid="1443767" lat="43.6849622" lon="7.3026037"/>
 <node id="9681377985" visible="true" version="1" changeset="119975915" timestamp="2022-04-20T23:42:05Z" user="Olyon" uid="1443767" lat="43.6849894" lon="7.3023891"/>
 <node id="9681377986" visible="true" version="1" changeset="119975915" timestamp="2022-04-20T23:42:05Z" user="Olyon" uid="1443767" lat="43.6849312" lon="7.3019922"/>
 <node id="9681377987" visible="true" version="1" changeset="119975915" timestamp="2022-04-20T23:42:05Z" user="Olyon" uid="1443767" lat="43.6849622" lon="7.3016488"/>
 <node id="9681377988" visible="true" version="1" changeset="119975915" timestamp="2022-04-20T23:42:05Z" user="Olyon" uid="1443767" lat="43.6850127" lon="7.3013538"/>
 <node id="9681377989" visible="true" version="1" changeset="119975915" timestamp="2022-04-20T23:42:05Z" user="Olyon" uid="1443767" lat="43.6851640" lon="7.3006993"/>
 <node id="9681377990" visible="true" version="1" changeset="119975915" timestamp="2022-04-20T23:42:05Z" user="Olyon" uid="1443767" lat="43.6852571" lon="7.3002380"/>
 <node id="9681377991" visible="true" version="1" changeset="119975915" timestamp="2022-04-20T23:42:05Z" user="Olyon" uid="1443767" lat="43.6852881" lon="7.2995675"/>
 <node id="9681377992" visible="true" version="1" changeset="119975915" timestamp="2022-04-20T23:42:05Z" user="Olyon" uid="1443767" lat="43.6852959" lon="7.2989130"/>
 <node id="9681377993" visible="true" version="1" changeset="119975915" timestamp="2022-04-20T23:42:05Z" user="Olyon" uid="1443767" lat="43.6852765" lon="7.2978723"/>
 <node id="9681377994" visible="true" version="1" changeset="119975915" timestamp="2022-04-20T23:42:05Z" user="Olyon" uid="1443767" lat="43.6852881" lon="7.2974056"/>
 <node id="9681377995" visible="true" version="1" changeset="119975915" timestamp="2022-04-20T23:42:05Z" user="Olyon" uid="1443767" lat="43.6851019" lon="7.2968477"/>
 <node id="9681377996" visible="true" version="1" changeset="119975915" timestamp="2022-04-20T23:42:05Z" user="Olyon" uid="1443767" lat="43.6847295" lon="7.2959304"/>
 <node id="9681377997" visible="true" version="1" changeset="119975915" timestamp="2022-04-20T23:42:05Z" user="Olyon" uid="1443767" lat="43.6846907" lon="7.2951204"/>
 <node id="9681377998" visible="true" version="1" changeset="119975915" timestamp="2022-04-20T23:42:05Z" user="Olyon" uid="1443767" lat="43.6849273" lon="7.2945946"/>
 <node id="9681377999" visible="true" version="1" changeset="119975915" timestamp="2022-04-20T23:42:05Z" user="Olyon" uid="1443767" lat="43.6850825" lon="7.2944122"/>
 <node id="9681378000" visible="true" version="1" changeset="119975915" timestamp="2022-04-20T23:42:05Z" user="Olyon" uid="1443767" lat="43.6853230" lon="7.2942084"/>
 <node id="9681378001" visible="true" version="1" changeset="119975915" timestamp="2022-04-20T23:42:05Z" user="Olyon" uid="1443767" lat="43.6854316" lon="7.2939885"/>
 <node id="9681378002" visible="true" version="1" changeset="119975915" timestamp="2022-04-20T23:42:05Z" user="Olyon" uid="1443767" lat="43.6856954" lon="7.2932696"/>
 <node id="9681378003" visible="true" version="1" changeset="119975915" timestamp="2022-04-20T23:42:05Z" user="Olyon" uid="1443767" lat="43.6859747" lon="7.2928405"/>
 <node id="9681378004" visible="true" version="1" changeset="119975915" timestamp="2022-04-20T23:42:05Z" user="Olyon" uid="1443767" lat="43.6862967" lon="7.2925883"/>
 <node id="9681378005" visible="true" version="1" changeset="119975915" timestamp="2022-04-20T23:42:05Z" user="Olyon" uid="1443767" lat="43.6867467" lon="7.2924328"/>
 <node id="9681378006" visible="true" version="1" changeset="119975915" timestamp="2022-04-20T23:42:05Z" user="Olyon" uid="1443767" lat="43.6872975" lon="7.2922128"/>
 <node id="9681378007" visible="true" version="1" changeset="119975915" timestamp="2022-04-20T23:42:05Z" user="Olyon" uid="1443767" lat="43.6877281" lon="7.2923094"/>
 <node id="9681378008" visible="true" version="1" changeset="119975915" timestamp="2022-04-20T23:42:05Z" user="Olyon" uid="1443767" lat="43.6880850" lon="7.2925615"/>
 <node id="9681378009" visible="true" version="1" changeset="119975915" timestamp="2022-04-20T23:42:05Z" user="Olyon" uid="1443767" lat="43.6882828" lon="7.2929746"/>
 <node id="9681378010" visible="true" version="1" changeset="119975915" timestamp="2022-04-20T23:42:05Z" user="Olyon" uid="1443767" lat="43.6890625" lon="7.2930175"/>
 <node id="9681378011" visible="true" version="1" changeset="119975915" timestamp="2022-04-20T23:42:05Z" user="Olyon" uid="1443767" lat="43.6893301" lon="7.2926313"/>
 <node id="9681378012" visible="true" version="1" changeset="119975915" timestamp="2022-04-20T23:42:05Z" user="Olyon" uid="1443767" lat="43.6897491" lon="7.2923791"/>
 <node id="9681378013" visible="true" version="1" changeset="119975915" timestamp="2022-04-20T23:42:05Z" user="Olyon" uid="1443767" lat="43.6900245" lon="7.2923201"/>
 <node id="9681378014" visible="true" version="1" changeset="119975915" timestamp="2022-04-20T23:42:05Z" user="Olyon" uid="1443767" lat="43.6902456" lon="7.2923148"/>
 <node id="9681378015" visible="true" version="1" changeset="119975915" timestamp="2022-04-20T23:42:05Z" user="Olyon" uid="1443767" lat="43.6905016" lon="7.2916657"/>
 <node id="9681378016" visible="true" version="1" changeset="119975915" timestamp="2022-04-20T23:42:05Z" user="Olyon" uid="1443767" lat="43.6905249" lon="7.2911185"/>
 <node id="9681378017" visible="true" version="1" changeset="119975915" timestamp="2022-04-20T23:42:05Z" user="Olyon" uid="1443767" lat="43.6906218" lon="7.2908020"/>
 <node id="9681378018" visible="true" version="1" changeset="119975915" timestamp="2022-04-20T23:42:05Z" user="Olyon" uid="1443767" lat="43.6907731" lon="7.2905338"/>
 <node id="9681378019" visible="true" version="1" changeset="119975915" timestamp="2022-04-20T23:42:05Z" user="Olyon" uid="1443767" lat="43.6898460" lon="7.2895306"/>
 <node id="9681378020" visible="true" version="1" changeset="119975915" timestamp="2022-04-20T23:42:05Z" user="Olyon" uid="1443767" lat="43.6896249" lon="7.2891444"/>
 <node id="9681378021" visible="true" version="1" changeset="119975915" timestamp="2022-04-20T23:42:05Z" user="Olyon" uid="1443767" lat="43.6894387" lon="7.2886562"/>
 <node id="9681378022" visible="true" version="1" changeset="119975915" timestamp="2022-04-20T23:42:05Z" user="Olyon" uid="1443767" lat="43.6893844" lon="7.2881842"/>
 <node id="9681378023" visible="true" version="1" changeset="119975915" timestamp="2022-04-20T23:42:05Z" user="Olyon" uid="1443767" lat="43.6894465" lon="7.2875887"/>
 <node id="9681378024" visible="true" version="1" changeset="119975915" timestamp="2022-04-20T23:42:05Z" user="Olyon" uid="1443767" lat="43.6896055" lon="7.2872078"/>
 <node id="9681378025" visible="true" version="1" changeset="119975915" timestamp="2022-04-20T23:42:05Z" user="Olyon" uid="1443767" lat="43.6898616" lon="7.2868699"/>
 <node id="9681378026" visible="true" version="1" changeset="119975915" timestamp="2022-04-20T23:42:05Z" user="Olyon" uid="1443767" lat="43.6911183" lon="7.2853196"/>
 <node id="9681378027" visible="true" version="1" changeset="119975915" timestamp="2022-04-20T23:42:05Z" user="Olyon" uid="1443767" lat="43.6913860" lon="7.2846758"/>
 <node id="9681378028" visible="true" version="1" changeset="119975915" timestamp="2022-04-20T23:42:05Z" user="Olyon" uid="1443767" lat="43.6916342" lon="7.2839677"/>
 <node id="9681378029" visible="true" version="1" changeset="119975915" timestamp="2022-04-20T23:42:05Z" user="Olyon" uid="1443767" lat="43.6920298" lon="7.2816181"/>
 <node id="9681378030" visible="true" version="1" changeset="119975915" timestamp="2022-04-20T23:42:05Z" user="Olyon" uid="1443767" lat="43.6919794" lon="7.2809207"/>
 <node id="9681378031" visible="true" version="1" changeset="119975915" timestamp="2022-04-20T23:42:05Z" user="Olyon" uid="1443767" lat="43.6921462" lon="7.2802609"/>
 <node id="9681378032" visible="true" version="1" changeset="119975915" timestamp="2022-04-20T23:42:05Z" user="Olyon" uid="1443767" lat="43.6924914" lon="7.2794455"/>
 <node id="9681378033" visible="true" version="1" changeset="119975915" timestamp="2022-04-20T23:42:05Z" user="Olyon" uid="1443767" lat="43.6925574" lon="7.2786891"/>
 <node id="9681378034" visible="true" version="1" changeset="119975915" timestamp="2022-04-20T23:42:05Z" user="Olyon" uid="1443767" lat="43.6928250" lon="7.2780615"/>
 <node id="9681378035" visible="true" version="1" changeset="119975915" timestamp="2022-04-20T23:42:05Z" user="Olyon" uid="1443767" lat="43.6932284" lon="7.2777504"/>
 <node id="9681378036" visible="true" version="1" changeset="119975915" timestamp="2022-04-20T23:42:05Z" user="Olyon" uid="1443767" lat="43.6936085" lon="7.2776324"/>
 <node id="9681378037" visible="true" version="1" changeset="119975915" timestamp="2022-04-20T23:42:05Z" user="Olyon" uid="1443767" lat="43.6937792" lon="7.2774929"/>
 <node id="9681378038" visible="true" version="1" changeset="119975915" timestamp="2022-04-20T23:42:05Z" user="Olyon" uid="1443767" lat="43.6939886" lon="7.2744673"/>
 <node id="9681378039" visible="true" version="1" changeset="119975915" timestamp="2022-04-20T23:42:05Z" user="Olyon" uid="1443767" lat="43.6939227" lon="7.2737700"/>
 <node id="9681378040" visible="true" version="1" changeset="119975915" timestamp="2022-04-20T23:42:05Z" user="Olyon" uid="1443767" lat="43.6938684" lon="7.2701329"/>
 <node id="9681378041" visible="true" version="1" changeset="119975915" timestamp="2022-04-20T23:42:05Z" user="Olyon" uid="1443767" lat="43.6936628" lon="7.2694194"/>
 <node id="9681378042" visible="true" version="1" changeset="119975915" timestamp="2022-04-20T23:42:05Z" user="Olyon" uid="1443767" lat="43.6936007" lon="7.2687167"/>
 <node id="9681378043" visible="true" version="1" changeset="119975915" timestamp="2022-04-20T23:42:05Z" user="Olyon" uid="1443767" lat="43.6934844" lon="7.2679174"/>
 <node id="9681378044" visible="true" version="1" changeset="119975915" timestamp="2022-04-20T23:42:05Z" user="Olyon" uid="1443767" lat="43.6935581" lon="7.2672737"/>
 <node id="9681378045" visible="true" version="1" changeset="119975915" timestamp="2022-04-20T23:42:05Z" user="Olyon" uid="1443767" lat="43.6935348" lon="7.2643179"/>
 <node id="9681378046" visible="true" version="1" changeset="119975915" timestamp="2022-04-20T23:42:05Z" user="Olyon" uid="1443767" lat="43.6933292" lon="7.2622526"/>
 <node id="9681378047" visible="true" version="1" changeset="119975915" timestamp="2022-04-20T23:42:05Z" user="Olyon" uid="1443767" lat="43.6930461" lon="7.2600102"/>
 <node id="9681378048" visible="true" version="1" changeset="119975915" timestamp="2022-04-20T23:42:05Z" user="Olyon" uid="1443767" lat="43.6925496" lon="7.2572476"/>
 <node id="9681378049" visible="true" version="1" changeset="119975915" timestamp="2022-04-20T23:42:05Z" user="Olyon" uid="1443767" lat="43.6914635" lon="7.2523498"/>
 <node id="9681378050" visible="true" version="1" changeset="119975915" timestamp="2022-04-20T23:42:05Z" user="Olyon" uid="1443767" lat="43.6904861" lon="7.2494048"/>
 <node id="9681378051" visible="true" version="1" changeset="119975915" timestamp="2022-04-20T23:42:05Z" user="Olyon" uid="1443767" lat="43.6903813" lon="7.2487664"/>
 <node id="9681378052" visible="true" version="1" changeset="119975915" timestamp="2022-04-20T23:42:05Z" user="Olyon" uid="1443767" lat="43.6895357" lon="7.2462988"/>
 <node id="9681378053" visible="true" version="1" changeset="119975915" timestamp="2022-04-20T23:42:05Z" user="Olyon" uid="1443767" lat="43.6884845" lon="7.2439438"/>
 <node id="9681378054" visible="true" version="1" changeset="119975915" timestamp="2022-04-20T23:42:05Z" user="Olyon" uid="1443767" lat="43.6873673" lon="7.2418141"/>
 <node id="9681378055" visible="true" version="1" changeset="119975915" timestamp="2022-04-20T23:42:05Z" user="Olyon" uid="1443767" lat="43.6864014" lon="7.2400868"/>
 <node id="9681378056" visible="true" version="1" changeset="119975915" timestamp="2022-04-20T23:42:05Z" user="Olyon" uid="1443767" lat="43.6851368" lon="7.2384936"/>
 <node id="9681378057" visible="true" version="1" changeset="119975915" timestamp="2022-04-20T23:42:05Z" user="Olyon" uid="1443767" lat="43.6834454" lon="7.2365570"/>
 <node id="9681378058" visible="true" version="1" changeset="119975915" timestamp="2022-04-20T23:42:05Z" user="Olyon" uid="1443767" lat="43.6830808" lon="7.2364229"/>
 <node id="9681378059" visible="true" version="1" changeset="119975915" timestamp="2022-04-20T23:42:05Z" user="Olyon" uid="1443767" lat="43.6824833" lon="7.2358918"/>
 <node id="9681378060" visible="true" version="1" changeset="119975915" timestamp="2022-04-20T23:42:05Z" user="Olyon" uid="1443767" lat="43.6805901" lon="7.2336924"/>
 <node id="9681378061" visible="true" version="1" changeset="119975915" timestamp="2022-04-20T23:42:05Z" user="Olyon" uid="1443767" lat="43.6792711" lon="7.2326732"/>
 <node id="9681378062" visible="true" version="1" changeset="119975915" timestamp="2022-04-20T23:42:05Z" user="Olyon" uid="1443767" lat="43.6788831" lon="7.2327483"/>
 <node id="9681378063" visible="true" version="1" changeset="119975915" timestamp="2022-04-20T23:42:05Z" user="Olyon" uid="1443767" lat="43.6782979" lon="7.2327108"/>
 <node id="9681378064" visible="true" version="1" changeset="119975915" timestamp="2022-04-20T23:42:05Z" user="Olyon" uid="1443767" lat="43.6783340" lon="7.2292989"/>
 <node id="9786472500" visible="true" version="1" changeset="121778201" timestamp="2022-05-31T17:30:11Z" user="divulmappeur" uid="8490885" lat="43.7191968" lon="7.2648753"/>
 <node id="9786472501" visible="true" version="1" changeset="121778201" timestamp="2022-05-31T17:30:11Z" user="divulmappeur" uid="8490885" lat="43.7190438" lon="7.2652364"/>
 <node id="9786472541" visible="true" version="1" changeset="121778201" timestamp="2022-05-31T17:30:11Z" user="divulmappeur" uid="8490885" lat="43.7183348" lon="7.2652728"/>
 <node id="9786472542" visible="true" version="1" changeset="121778201" timestamp="2022-05-31T17:30:11Z" user="divulmappeur" uid="8490885" lat="43.7185007" lon="7.2655685"/>
 <node id="9786472543" visible="true" version="1" changeset="121778201" timestamp="2022-05-31T17:30:11Z" user="divulmappeur" uid="8490885" lat="43.7186037" lon="7.2658799"/>
 <node id="9786472544" visible="true" version="1" changeset="121778201" timestamp="2022-05-31T17:30:11Z" user="divulmappeur" uid="8490885" lat="43.7184740" lon="7.2660768"/>
 <node id="9786472545" visible="true" version="1" changeset="121778201" timestamp="2022-05-31T17:30:11Z" user="divulmappeur" uid="8490885" lat="43.7181407" lon="7.2655991"/>
 <node id="9786472546" visible="true" version="1" changeset="121778201" timestamp="2022-05-31T17:30:11Z" user="divulmappeur" uid="8490885" lat="43.7181388" lon="7.2655687"/>
 <node id="9786472547" visible="true" version="1" changeset="121778201" timestamp="2022-05-31T17:30:11Z" user="divulmappeur" uid="8490885" lat="43.7182725" lon="7.2653989"/>
 <node id="9786472548" visible="true" version="1" changeset="121778201" timestamp="2022-05-31T17:30:11Z" user="divulmappeur" uid="8490885" lat="43.7182541" lon="7.2653635"/>
 <node id="9786472549" visible="true" version="1" changeset="121778201" timestamp="2022-05-31T17:30:11Z" user="divulmappeur" uid="8490885" lat="43.7184264" lon="7.2654220"/>
 <node id="9786472550" visible="true" version="1" changeset="121778201" timestamp="2022-05-31T17:30:11Z" user="divulmappeur" uid="8490885" lat="43.7180805" lon="7.2663920"/>
 <node id="9786472551" visible="true" version="1" changeset="121778201" timestamp="2022-05-31T17:30:11Z" user="divulmappeur" uid="8490885" lat="43.7181437" lon="7.2664273"/>
 <node id="9786472552" visible="true" version="1" changeset="121778201" timestamp="2022-05-31T17:30:11Z" user="divulmappeur" uid="8490885" lat="43.7181815" lon="7.2664325"/>
 <node id="9786472553" visible="true" version="1" changeset="121778201" timestamp="2022-05-31T17:30:11Z" user="divulmappeur" uid="8490885" lat="43.7182419" lon="7.2664233"/>
 <node id="9786472554" visible="true" version="1" changeset="121778201" timestamp="2022-05-31T17:30:11Z" user="divulmappeur" uid="8490885" lat="43.7184325" lon="7.2661295"/>
 <node id="9786472555" visible="true" version="1" changeset="121778201" timestamp="2022-05-31T17:30:11Z" user="divulmappeur" uid="8490885" lat="43.7180984" lon="7.2656490"/>
 <node id="9786472556" visible="true" version="1" changeset="121778201" timestamp="2022-05-31T17:30:11Z" user="divulmappeur" uid="8490885" lat="43.7180786" lon="7.2656464"/>
 <node id="9786472557" visible="true" version="1" changeset="121778201" timestamp="2022-05-31T17:30:11Z" user="divulmappeur" uid="8490885" lat="43.7178389" lon="7.2659506"/>
 <node id="9786472558" visible="true" version="1" changeset="121778201" timestamp="2022-05-31T17:30:11Z" user="divulmappeur" uid="8490885" lat="43.7178408" lon="7.2660120"/>
 <node id="9786472559" visible="true" version="1" changeset="121778201" timestamp="2022-05-31T17:30:11Z" user="divulmappeur" uid="8490885" lat="43.7179852" lon="7.2661870"/>
 <node id="9786472560" visible="true" version="1" changeset="121778201" timestamp="2022-05-31T17:30:11Z" user="divulmappeur" uid="8490885" lat="43.7180324" lon="7.2662640"/>
 <node id="9786472561" visible="true" version="1" changeset="121778201" timestamp="2022-05-31T17:30:11Z" user="divulmappeur" uid="8490885" lat="43.7184680" lon="7.2669733"/>
 <node id="9786472562" visible="true" version="1" changeset="121778201" timestamp="2022-05-31T17:30:11Z" user="divulmappeur" uid="8490885" lat="43.7184405" lon="7.2669747"/>
 <node id="9786472563" visible="true" version="1" changeset="121778201" timestamp="2022-05-31T17:30:11Z" user="divulmappeur" uid="8490885" lat="43.7182685" lon="7.2667527"/>
 <node id="9786472564" visible="true" version="1" changeset="121778201" timestamp="2022-05-31T17:30:11Z" user="divulmappeur" uid="8490885" lat="43.7181619" lon="7.2665672"/>
 <node id="9786472565" visible="true" version="1" changeset="121778201" timestamp="2022-05-31T17:30:11Z" user="divulmappeur" uid="8490885" lat="43.7181376" lon="7.2665030"/>
 <node id="9786472566" visible="true" version="1" changeset="121778201" timestamp="2022-05-31T17:30:11Z" user="divulmappeur" uid="8490885" lat="43.7181471" lon="7.2664811"/>
 <node id="9786472567" visible="true" version="1" changeset="121778201" timestamp="2022-05-31T17:30:11Z" user="divulmappeur" uid="8490885" lat="43.7182294" lon="7.2664942"/>
 <node id="9786472568" visible="true" version="1" changeset="121778201" timestamp="2022-05-31T17:30:11Z" user="divulmappeur" uid="8490885" lat="43.7182801" lon="7.2664635"/>
 <node id="9786472569" visible="true" version="1" changeset="121778201" timestamp="2022-05-31T17:30:11Z" user="divulmappeur" uid="8490885" lat="43.7183255" lon="7.2664066"/>
 <node id="9786472570" visible="true" version="1" changeset="121778201" timestamp="2022-05-31T17:30:11Z" user="divulmappeur" uid="8490885" lat="43.7186590" lon="7.2659246"/>
 <node id="9786472571" visible="true" version="1" changeset="121778201" timestamp="2022-05-31T17:30:11Z" user="divulmappeur" uid="8490885" lat="43.7181997" lon="7.2652948"/>
 <node id="9786472572" visible="true" version="1" changeset="121778201" timestamp="2022-05-31T17:30:11Z" user="divulmappeur" uid="8490885" lat="43.7179427" lon="7.2649527"/>
 <node id="9786472573" visible="true" version="1" changeset="121778201" timestamp="2022-05-31T17:30:11Z" user="divulmappeur" uid="8490885" lat="43.7174824" lon="7.2646669"/>
 <node id="9786472574" visible="true" version="1" changeset="121778201" timestamp="2022-05-31T17:30:11Z" user="divulmappeur" uid="8490885" lat="43.7173913" lon="7.2650112"/>
 <node id="9786472575" visible="true" version="1" changeset="121778201" timestamp="2022-05-31T17:30:11Z" user="divulmappeur" uid="8490885" lat="43.7170936" lon="7.2648717"/>
 <node id="9786472576" visible="true" version="1" changeset="121778201" timestamp="2022-05-31T17:30:11Z" user="divulmappeur" uid="8490885" lat="43.7168399" lon="7.2648042"/>
 <node id="9786472577" visible="true" version="1" changeset="121778201" timestamp="2022-05-31T17:30:11Z" user="divulmappeur" uid="8490885" lat="43.7168074" lon="7.2648942"/>
 <node id="9786472578" visible="true" version="1" changeset="121778201" timestamp="2022-05-31T17:30:11Z" user="divulmappeur" uid="8490885" lat="43.7167732" lon="7.2654951"/>
 <node id="9786472579" visible="true" version="1" changeset="121778201" timestamp="2022-05-31T17:30:11Z" user="divulmappeur" uid="8490885" lat="43.7167992" lon="7.2655468"/>
 <node id="9786472580" visible="true" version="1" changeset="121778201" timestamp="2022-05-31T17:30:11Z" user="divulmappeur" uid="8490885" lat="43.7169424" lon="7.2655423"/>
 <node id="9786472581" visible="true" version="1" changeset="121778201" timestamp="2022-05-31T17:30:11Z" user="divulmappeur" uid="8490885" lat="43.7170408" lon="7.2655636"/>
 <node id="9786472582" visible="true" version="1" changeset="121778201" timestamp="2022-05-31T17:30:11Z" user="divulmappeur" uid="8490885" lat="43.7173555" lon="7.2656796"/>
 <node id="9786472583" visible="true" version="1" changeset="121778201" timestamp="2022-05-31T17:30:11Z" user="divulmappeur" uid="8490885" lat="43.7177068" lon="7.2658776"/>
 <node id="9786472584" visible="true" version="1" changeset="121778201" timestamp="2022-05-31T17:30:11Z" user="divulmappeur" uid="8490885" lat="43.7168236" lon="7.2634569"/>
 <node id="9786472585" visible="true" version="1" changeset="121778201" timestamp="2022-05-31T17:30:11Z" user="divulmappeur" uid="8490885" lat="43.7172479" lon="7.2634671"/>
 <node id="9786472586" visible="true" version="1" changeset="121778201" timestamp="2022-05-31T17:30:11Z" user="divulmappeur" uid="8490885" lat="43.7176375" lon="7.2633507"/>
 <node id="9786472587" visible="true" version="1" changeset="121778201" timestamp="2022-05-31T17:30:11Z" user="divulmappeur" uid="8490885" lat="43.7178738" lon="7.2633319"/>
 <node id="9786472588" visible="true" version="1" changeset="121778201" timestamp="2022-05-31T17:30:11Z" user="divulmappeur" uid="8490885" lat="43.7179728" lon="7.2632943"/>
 <node id="9786472589" visible="true" version="1" changeset="121778201" timestamp="2022-05-31T17:30:11Z" user="divulmappeur" uid="8490885" lat="43.7180204" lon="7.2632305"/>
 <node id="9786472590" visible="true" version="1" changeset="121778201" timestamp="2022-05-31T17:30:11Z" user="divulmappeur" uid="8490885" lat="43.7183502" lon="7.2631291"/>
 <node id="9786472591" visible="true" version="1" changeset="121778201" timestamp="2022-05-31T17:30:11Z" user="divulmappeur" uid="8490885" lat="43.7183665" lon="7.2633939"/>
 <node id="9786472592" visible="true" version="1" changeset="121778201" timestamp="2022-05-31T17:30:11Z" user="divulmappeur" uid="8490885" lat="43.7183597" lon="7.2634333"/>
 <node id="9786472593" visible="true" version="1" changeset="121778201" timestamp="2022-05-31T17:30:11Z" user="divulmappeur" uid="8490885" lat="43.7183312" lon="7.2634747"/>
 <node id="9786472594" visible="true" version="1" changeset="121778201" timestamp="2022-05-31T17:30:11Z" user="divulmappeur" uid="8490885" lat="43.7182891" lon="7.2635028"/>
 <node id="9786472595" visible="true" version="1" changeset="121778201" timestamp="2022-05-31T17:30:11Z" user="divulmappeur" uid="8490885" lat="43.7179891" lon="7.2636024"/>
 <node id="9786472596" visible="true" version="1" changeset="121778201" timestamp="2022-05-31T17:30:11Z" user="divulmappeur" uid="8490885" lat="43.7179728" lon="7.2637564"/>
 <node id="9786472597" visible="true" version="1" changeset="121778201" timestamp="2022-05-31T17:30:11Z" user="divulmappeur" uid="8490885" lat="43.7180109" lon="7.2637977"/>
 <node id="9786472598" visible="true" version="1" changeset="121778201" timestamp="2022-05-31T17:30:11Z" user="divulmappeur" uid="8490885" lat="43.7180719" lon="7.2638184"/>
 <node id="9786472599" visible="true" version="1" changeset="121778201" timestamp="2022-05-31T17:30:11Z" user="divulmappeur" uid="8490885" lat="43.7182606" lon="7.2638184"/>
 <node id="9786472600" visible="true" version="1" changeset="121778201" timestamp="2022-05-31T17:30:11Z" user="divulmappeur" uid="8490885" lat="43.7183326" lon="7.2638259"/>
 <node id="9786472601" visible="true" version="1" changeset="121778201" timestamp="2022-05-31T17:30:11Z" user="divulmappeur" uid="8490885" lat="43.7184613" lon="7.2638959"/>
 <node id="9786472602" visible="true" version="1" changeset="121778201" timestamp="2022-05-31T17:30:11Z" user="divulmappeur" uid="8490885" lat="43.7185131" lon="7.2639512"/>
 <node id="9786472603" visible="true" version="1" changeset="121778201" timestamp="2022-05-31T17:30:11Z" user="divulmappeur" uid="8490885" lat="43.7187439" lon="7.2642644"/>
 <node id="9786472604" visible="true" version="1" changeset="121778201" timestamp="2022-05-31T17:30:11Z" user="divulmappeur" uid="8490885" lat="43.7189519" lon="7.2646105"/>
 <node id="9786472605" visible="true" version="1" changeset="121778201" timestamp="2022-05-31T17:30:11Z" user="divulmappeur" uid="8490885" lat="43.7190236" lon="7.2647231"/>
 <node id="9786472606" visible="true" version="1" changeset="121778201" timestamp="2022-05-31T17:30:11Z" user="divulmappeur" uid="8490885" lat="43.7190325" lon="7.2647948"/>
 <node id="9786472607" visible="true" version="1" changeset="121778201" timestamp="2022-05-31T17:30:11Z" user="divulmappeur" uid="8490885" lat="43.7190192" lon="7.2648644"/>
 <node id="9786472608" visible="true" version="1" changeset="121778201" timestamp="2022-05-31T17:30:11Z" user="divulmappeur" uid="8490885" lat="43.7189785" lon="7.2650538"/>
 <node id="9786472609" visible="true" version="1" changeset="121778201" timestamp="2022-05-31T17:30:11Z" user="divulmappeur" uid="8490885" lat="43.7189422" lon="7.2650845"/>
 <node id="9786472610" visible="true" version="1" changeset="121778201" timestamp="2022-05-31T17:30:11Z" user="divulmappeur" uid="8490885" lat="43.7182417" lon="7.2644767"/>
 <node id="9786472611" visible="true" version="1" changeset="121778201" timestamp="2022-05-31T17:30:11Z" user="divulmappeur" uid="8490885" lat="43.7180946" lon="7.2643376"/>
 <node id="9786472612" visible="true" version="1" changeset="121778201" timestamp="2022-05-31T17:30:11Z" user="divulmappeur" uid="8490885" lat="43.7174231" lon="7.2639900"/>
 <node id="9786472613" visible="true" version="1" changeset="121778201" timestamp="2022-05-31T17:30:11Z" user="divulmappeur" uid="8490885" lat="43.7172065" lon="7.2639306"/>
 <node id="9786472614" visible="true" version="1" changeset="121778201" timestamp="2022-05-31T17:30:11Z" user="divulmappeur" uid="8490885" lat="43.7170905" lon="7.2638863"/>
 <node id="9786472615" visible="true" version="1" changeset="121778201" timestamp="2022-05-31T17:30:11Z" user="divulmappeur" uid="8490885" lat="43.7167954" lon="7.2637447"/>
 <node id="9786472616" visible="true" version="1" changeset="121778201" timestamp="2022-05-31T17:30:11Z" user="divulmappeur" uid="8490885" lat="43.7166556" lon="7.2636828"/>
 <node id="9786472617" visible="true" version="1" changeset="121778201" timestamp="2022-05-31T17:30:11Z" user="divulmappeur" uid="8490885" lat="43.7166063" lon="7.2636474"/>
 <node id="9786472618" visible="true" version="1" changeset="121778201" timestamp="2022-05-31T17:30:11Z" user="divulmappeur" uid="8490885" lat="43.7165597" lon="7.2636032"/>
 <node id="9786472619" visible="true" version="1" changeset="121778201" timestamp="2022-05-31T17:30:11Z" user="divulmappeur" uid="8490885" lat="43.7165167" lon="7.2635248"/>
 <node id="10187074321" visible="true" version="1" changeset="128962772" timestamp="2022-11-15T23:08:00Z" user="divulmappeur" uid="8490885" lat="43.7163608" lon="7.2689506">
  <tag k="addr:city" v="Nice"/>
  <tag k="amenity" v="research_institute"/>
  <tag k="name" v="Laboratoire Lagrange"/>
  <tag k="operator" v="Université Côte d'Azur"/>
  <tag k="operator:type" v="university"/>
  <tag k="website" v="https://lagrange.oca.eu/"/>
 </node>
 <node id="10187074322" visible="true" version="1" changeset="128962772" timestamp="2022-11-15T23:08:00Z" user="divulmappeur" uid="8490885" lat="43.7169933" lon="7.2662496"/>
 <node id="10187074323" visible="true" version="1" changeset="128962772" timestamp="2022-11-15T23:08:00Z" user="divulmappeur" uid="8490885" lat="43.7170108" lon="7.2663850"/>
 <node id="10187074324" visible="true" version="1" changeset="128962772" timestamp="2022-11-15T23:08:00Z" user="divulmappeur" uid="8490885" lat="43.7171334" lon="7.2664484"/>
 <node id="10187074325" visible="true" version="1" changeset="128962772" timestamp="2022-11-15T23:08:00Z" user="divulmappeur" uid="8490885" lat="43.7170924" lon="7.2663659"/>
 <node id="10187074326" visible="true" version="1" changeset="128962772" timestamp="2022-11-15T23:08:00Z" user="divulmappeur" uid="8490885" lat="43.7170924" lon="7.2663659"/>
 <node id="10187074327" visible="true" version="1" changeset="128962772" timestamp="2022-11-15T23:08:00Z" user="divulmappeur" uid="8490885" lat="43.7173524" lon="7.2668550"/>
 <node id="10187074328" visible="true" version="1" changeset="128962772" timestamp="2022-11-15T23:08:00Z" user="divulmappeur" uid="8490885" lat="43.7173524" lon="7.2668550"/>
 <node id="10187074329" visible="true" version="1" changeset="128962772" timestamp="2022-11-15T23:08:00Z" user="divulmappeur" uid="8490885" lat="43.7172502" lon="7.2663629"/>
 <node id="10211251307" visible="true" version="1" changeset="129264328" timestamp="2022-11-23T05:56:47Z" user="Oleg Kholin" uid="11264818" lat="43.7040951" lon="7.2542810"/>
 <node id="10837379681" visible="true" version="1" changeset="135307796" timestamp="2023-04-24T15:41:57Z" user="Carto'Cité" uid="5426135" lat="43.7040204" lon="7.2609676"/>
 <node id="10837379682" visible="true" version="1" changeset="135307796" timestamp="2023-04-24T15:41:57Z" user="Carto'Cité" uid="5426135" lat="43.7039119" lon="7.2610583"/>
 <node id="10839278637" visible="true" version="1" changeset="135332256" timestamp="2023-04-25T08:33:41Z" user="Carto'Cité" uid="5426135" lat="43.7042376" lon="7.2607882"/>
 <node id="10883368532" visible="true" version="1" changeset="135931527" timestamp="2023-05-10T11:09:30Z" user="billybug" uid="397998" lat="43.7171933" lon="7.2700470">
  <tag k="access" v="yes"/>
  <tag k="amenity" v="bicycle_parking"/>
  <tag k="bicycle_parking" v="stands"/>
  <tag k="capacity" v="10"/>
  <tag k="covered" v="no"/>
  <tag k="fee" v="no"/>
 </node>
 <node id="11076120835" visible="true" version="1" changeset="139189787" timestamp="2023-07-29T21:35:55Z" user="divulmappeur" uid="8490885" lat="43.7158208" lon="7.2632409"/>
 <node id="11076120839" visible="true" version="1" changeset="139189787" timestamp="2023-07-29T21:35:55Z" user="divulmappeur" uid="8490885" lat="43.7180227" lon="7.2636494"/>
 <node id="11076120840" visible="true" version="1" changeset="139189787" timestamp="2023-07-29T21:35:55Z" user="divulmappeur" uid="8490885" lat="43.7180285" lon="7.2637395"/>
 <node id="11076120841" visible="true" version="1" changeset="139189787" timestamp="2023-07-29T21:35:55Z" user="divulmappeur" uid="8490885" lat="43.7183558" lon="7.2635176"/>
 <node id="11076120842" visible="true" version="1" changeset="139189787" timestamp="2023-07-29T21:35:55Z" user="divulmappeur" uid="8490885" lat="43.7183938" lon="7.2631099">
  <tag k="direction" v="forward"/>
  <tag k="highway" v="give_way"/>
 </node>
 <node id="11163549316" visible="true" version="2" changeset="144517688" timestamp="2023-11-27T17:39:10Z" user="Snusmumriken" uid="76269" lat="43.6998073" lon="7.2529406">
  <tag k="addr:city" v="Nice"/>
  <tag k="addr:country" v="FR"/>
  <tag k="addr:housenumber" v="5 bis"/>
  <tag k="addr:street" v="Rue Père Auguste Valensin"/>
  <tag k="entrance" v="yes"/>
 </node>
 <node id="11163549317" visible="true" version="2" changeset="144517688" timestamp="2023-11-27T17:39:10Z" user="Snusmumriken" uid="76269" lat="43.6999177" lon="7.2529116">
  <tag k="addr:city" v="Nice"/>
  <tag k="addr:country" v="FR"/>
  <tag k="addr:housenumber" v="5"/>
  <tag k="addr:street" v="Rue Père Auguste Valensin"/>
  <tag k="entrance" v="yes"/>
 </node>
 <node id="11425823900" visible="true" version="3" changeset="168687660" timestamp="2025-07-09T10:10:59Z" user="Shmah" uid="22119822" lat="43.7039277" lon="7.2610449">
  <tag k="entrance" v="yes"/>
  <tag k="level" v="0"/>
  <tag k="railway" v="train_station_entrance"/>
 </node>
 <node id="11822795706" visible="true" version="1" changeset="150099555" timestamp="2024-04-16T19:06:11Z" user="Snusmumriken" uid="76269" lat="43.7048480" lon="7.2630940"/>
 <node id="12049174040" visible="true" version="3" changeset="175402155" timestamp="2025-12-02T13:13:10Z" user="Snusmumriken" uid="76269" lat="43.6955442" lon="7.2865631">
  <tag k="addr:city" v="Nice"/>
  <tag k="addr:country" v="FR"/>
  <tag k="addr:housenumber" v="50"/>
  <tag k="addr:street" v="Boulevard Stalingrad"/>
  <tag k="entrance" v="garage"/>
 </node>
 <node id="12352005928" visible="true" version="1" changeset="159297873" timestamp="2024-11-18T19:47:04Z" user="ZERDOUMI" uid="2548499" lat="43.7087229" lon="7.2707702"/>
 <node id="12352005939" visible="true" version="1" changeset="159297873" timestamp="2024-11-18T19:47:04Z" user="ZERDOUMI" uid="2548499" lat="43.7122766" lon="7.2712758"/>
 <node id="12352005940" visible="true" version="1" changeset="159297873" timestamp="2024-11-18T19:47:04Z" user="ZERDOUMI" uid="2548499" lat="43.7127814" lon="7.2707625"/>
 <node id="12352005941" visible="true" version="1" changeset="159297873" timestamp="2024-11-18T19:47:04Z" user="ZERDOUMI" uid="2548499" lat="43.7127932" lon="7.2702944"/>
 <node id="12893369999" visible="true" version="1" changeset="167283133" timestamp="2025-06-06T19:31:50Z" user="patadune" uid="96832" lat="43.7173792" lon="7.2653697">
  <tag k="amenity" v="drinking_water"/>
 </node>
 <node id="13125437376" visible="true" version="1" changeset="171601820" timestamp="2025-09-07T19:25:20Z" user="divulmappeur" uid="8490885" lat="43.7097355" lon="7.2609752"/>
 <node id="13184683221" visible="true" version="1" changeset="172675529" timestamp="2025-09-30T19:11:31Z" user="divulmappeur" uid="8490885" lat="43.7159795" lon="7.2653392">
  <tag k="amenity" v="marketplace"/>
  <tag k="building" v="no"/>
  <tag k="name" v="AMAP Valrose"/>
  <tag k="opening_hours" v="Mo 17:15-18:00"/>
  <tag k="operator" v="Amap de Provence"/>
 </node>
 <node id="13311009168" visible="true" version="1" changeset="174774738" timestamp="2025-11-17T14:29:43Z" user="NicholasNCE" uid="186141" lat="43.7178163" lon="7.2697850"/>
 <node id="13311009169" visible="true" version="1" changeset="174774738" timestamp="2025-11-17T14:29:43Z" user="NicholasNCE" uid="186141" lat="43.7178230" lon="7.2698648"/>
 <node id="13311009170" visible="true" version="1" changeset="174774738" timestamp="2025-11-17T14:29:43Z" user="NicholasNCE" uid="186141" lat="43.7177950" lon="7.2699307"/>
 <node id="13311009171" visible="true" version="1" changeset="174774738" timestamp="2025-11-17T14:29:43Z" user="NicholasNCE" uid="186141" lat="43.7178062" lon="7.2699155"/>
 <node id="13311009172" visible="true" version="1" changeset="174774738" timestamp="2025-11-17T14:29:43Z" user="NicholasNCE" uid="186141" lat="43.7177800" lon="7.2699397"/>
 <node id="13311009173" visible="true" version="1" changeset="174774738" timestamp="2025-11-17T14:29:43Z" user="NicholasNCE" uid="186141" lat="43.7177188" lon="7.2699393"/>
 <node id="13311009174" visible="true" version="1" changeset="174774738" timestamp="2025-11-17T14:29:43Z" user="NicholasNCE" uid="186141" lat="43.7177414" lon="7.2699440"/>
 <node id="13311009175" visible="true" version="1" changeset="174774738" timestamp="2025-11-17T14:29:43Z" user="NicholasNCE" uid="186141" lat="43.7177639" lon="7.2697327"/>
 <node id="13311009176" visible="true" version="1" changeset="174774738" timestamp="2025-11-17T14:29:43Z" user="NicholasNCE" uid="186141" lat="43.7177822" lon="7.2697423"/>
 <node id="13311009177" visible="true" version="1" changeset="174774738" timestamp="2025-11-17T14:29:43Z" user="NicholasNCE" uid="186141" lat="43.7178206" lon="7.2698078"/>
 <node id="13311009178" visible="true" version="1" changeset="174774738" timestamp="2025-11-17T14:29:43Z" user="NicholasNCE" uid="186141" lat="43.7178069" lon="7.2697677"/>
 <node id="13311009179" visible="true" version="1" changeset="174774738" timestamp="2025-11-17T14:29:43Z" user="NicholasNCE" uid="186141" lat="43.7174730" lon="7.2696292"/>
 <node id="13311009180" visible="true" version="1" changeset="174774738" timestamp="2025-11-17T14:29:43Z" user="NicholasNCE" uid="186141" lat="43.7173938" lon="7.2696562"/>
 <node id="13311009181" visible="true" version="1" changeset="174774738" timestamp="2025-11-17T14:29:43Z" user="NicholasNCE" uid="186141" lat="43.7173287" lon="7.2697342"/>
 <node id="13311009182" visible="true" version="1" changeset="174774738" timestamp="2025-11-17T14:29:43Z" user="NicholasNCE" uid="186141" lat="43.7173186" lon="7.2697544"/>
 <node id="13311009183" visible="true" version="1" changeset="174774738" timestamp="2025-11-17T14:29:43Z" user="NicholasNCE" uid="186141" lat="43.7173724" lon="7.2696753"/>
 <node id="13311009184" visible="true" version="1" changeset="174774738" timestamp="2025-11-17T14:29:43Z" user="NicholasNCE" uid="186141" lat="43.7174132" lon="7.2696429"/>
 <node id="13311009185" visible="true" version="1" changeset="174774738" timestamp="2025-11-17T14:29:43Z" user="NicholasNCE" uid="186141" lat="43.7174528" lon="7.2696301"/>
 <node id="13311009186" visible="true" version="1" changeset="174774738" timestamp="2025-11-17T14:29:43Z" user="NicholasNCE" uid="186141" lat="43.7178540" lon="7.2695679"/>
 <node id="13311009187" visible="true" version="1" changeset="174774738" timestamp="2025-11-17T14:29:43Z" user="NicholasNCE" uid="186141" lat="43.7161951" lon="7.2711577"/>
 <node id="13311009188" visible="true" version="1" changeset="174774738" timestamp="2025-11-17T14:29:43Z" user="NicholasNCE" uid="186141" lat="43.7161781" lon="7.2712453"/>
 <node id="13311009189" visible="true" version="1" changeset="174774738" timestamp="2025-11-17T14:29:43Z" user="NicholasNCE" uid="186141" lat="43.7161013" lon="7.2714231"/>
 <node id="13311009190" visible="true" version="1" changeset="174774738" timestamp="2025-11-17T14:29:43Z" user="NicholasNCE" uid="186141" lat="43.7161281" lon="7.2713781"/>
 <node id="13311009191" visible="true" version="1" changeset="174774738" timestamp="2025-11-17T14:29:43Z" user="NicholasNCE" uid="186141" lat="43.7159120" lon="7.2715830"/>
 <node id="13311009192" visible="true" version="1" changeset="174774738" timestamp="2025-11-17T14:29:43Z" user="NicholasNCE" uid="186141" lat="43.7158402" lon="7.2715989"/>
 <node id="13311009193" visible="true" version="1" changeset="174774738" timestamp="2025-11-17T14:29:43Z" user="NicholasNCE" uid="186141" lat="43.7159793" lon="7.2715521"/>
 <node id="13311009194" visible="true" version="1" changeset="174774738" timestamp="2025-11-17T14:29:43Z" user="NicholasNCE" uid="186141" lat="43.7160706" lon="7.2714680"/>
 <node id="13311009195" visible="true" version="1" changeset="174774738" timestamp="2025-11-17T14:29:43Z" user="NicholasNCE" uid="186141" lat="43.7161670" lon="7.2712892"/>
 <node id="13311044805" visible="true" version="1" changeset="174774738" timestamp="2025-11-17T14:29:43Z" user="NicholasNCE" uid="186141" lat="43.7157481" lon="7.2716426"/>
 <node id="13311044806" visible="true" version="1" changeset="174774738" timestamp="2025-11-17T14:29:43Z" user="NicholasNCE" uid="186141" lat="43.7158761" lon="7.2715937"/>
 <node id="13311044807" visible="true" version="1" changeset="174774738" timestamp="2025-11-17T14:29:43Z" user="NicholasNCE" uid="186141" lat="43.7159471" lon="7.2715687"/>
 <node id="13311044808" visible="true" version="1" changeset="174774738" timestamp="2025-11-17T14:29:43Z" user="NicholasNCE" uid="186141" lat="43.7157999" lon="7.2716032"/>
 <node id="13311044810" visible="true" version="1" changeset="174774738" timestamp="2025-11-17T14:29:43Z" user="NicholasNCE" uid="186141" lat="43.7157336" lon="7.2715957"/>
 <node id="13311044811" visible="true" version="1" changeset="174774738" timestamp="2025-11-17T14:29:43Z" user="NicholasNCE" uid="186141" lat="43.7154832" lon="7.2714499"/>
 <node id="13311044812" visible="true" version="1" changeset="174774738" timestamp="2025-11-17T14:29:43Z" user="NicholasNCE" uid="186141" lat="43.7155277" lon="7.2714884"/>
 <node id="13311044813" visible="true" version="1" changeset="174774738" timestamp="2025-11-17T14:29:43Z" user="NicholasNCE" uid="186141" lat="43.7154403" lon="7.2714107"/>
 <node id="13311044814" visible="true" version="1" changeset="174774738" timestamp="2025-11-17T14:29:43Z" user="NicholasNCE" uid="186141" lat="43.7153319" lon="7.2712913"/>
 <node id="13311044815" visible="true" version="1" changeset="174774738" timestamp="2025-11-17T14:29:43Z" user="NicholasNCE" uid="186141" lat="43.7152130" lon="7.2710714"/>
 <node id="13311044816" visible="true" version="1" changeset="174774738" timestamp="2025-11-17T14:29:43Z" user="NicholasNCE" uid="186141" lat="43.7152425" lon="7.2711398"/>
 <node id="13311044817" visible="true" version="1" changeset="174774738" timestamp="2025-11-17T14:29:43Z" user="NicholasNCE" uid="186141" lat="43.7151884" lon="7.2710061"/>
 <node id="13311044818" visible="true" version="1" changeset="174774738" timestamp="2025-11-17T14:29:43Z" user="NicholasNCE" uid="186141" lat="43.7153006" lon="7.2712493"/>
 <node id="13311044819" visible="true" version="1" changeset="174774738" timestamp="2025-11-17T14:29:43Z" user="NicholasNCE" uid="186141" lat="43.7156393" lon="7.2715577"/>
 <node id="13311044820" visible="true" version="1" changeset="174774738" timestamp="2025-11-17T14:29:43Z" user="NicholasNCE" uid="186141" lat="43.7156734" lon="7.2715734"/>
 <node id="13311044821" visible="true" version="1" changeset="174774738" timestamp="2025-11-17T14:29:43Z" user="NicholasNCE" uid="186141" lat="43.7156056" lon="7.2715405"/>
 <node id="13311044822" visible="true" version="1" changeset="174774738" timestamp="2025-11-17T14:29:43Z" user="NicholasNCE" uid="186141" lat="43.7162966" lon="7.2702363"/>
 <node id="13311044823" visible="true" version="1" changeset="174774738" timestamp="2025-11-17T14:29:43Z" user="NicholasNCE" uid="186141" lat="43.7163204" lon="7.2701824"/>
 <node id="13311044824" visible="true" version="1" changeset="174774738" timestamp="2025-11-17T14:29:43Z" user="NicholasNCE" uid="186141" lat="43.7162754" lon="7.2702981"/>
 <node id="13311044825" visible="true" version="1" changeset="174774738" timestamp="2025-11-17T14:29:43Z" user="NicholasNCE" uid="186141" lat="43.7164068" lon="7.2700677"/>
 <node id="13311044826" visible="true" version="1" changeset="174774738" timestamp="2025-11-17T14:29:43Z" user="NicholasNCE" uid="186141" lat="43.7163765" lon="7.2700957"/>
 <node id="13311044827" visible="true" version="1" changeset="174774738" timestamp="2025-11-17T14:29:43Z" user="NicholasNCE" uid="186141" lat="43.7164375" lon="7.2700442"/>
 <node id="13311044828" visible="true" version="1" changeset="174774738" timestamp="2025-11-17T14:29:43Z" user="NicholasNCE" uid="186141" lat="43.7165376" lon="7.2700052"/>
 <node id="13311044829" visible="true" version="1" changeset="174774738" timestamp="2025-11-17T14:29:43Z" user="NicholasNCE" uid="186141" lat="43.7165026" lon="7.2700132"/>
 <node id="13311044830" visible="true" version="1" changeset="174774738" timestamp="2025-11-17T14:29:43Z" user="NicholasNCE" uid="186141" lat="43.7165723" lon="7.2699994"/>
 <node id="13311044831" visible="true" version="1" changeset="174774738" timestamp="2025-11-17T14:29:43Z" user="NicholasNCE" uid="186141" lat="43.7161871" lon="7.2712025"/>
 <node id="13311044832" visible="true" version="1" changeset="174774738" timestamp="2025-11-17T14:29:43Z" user="NicholasNCE" uid="186141" lat="43.7150534" lon="7.2705204"/>
 <node id="13311044833" visible="true" version="1" changeset="174774738" timestamp="2025-11-17T14:29:43Z" user="NicholasNCE" uid="186141" lat="43.7149567" lon="7.2703537"/>
 <node id="13311044834" visible="true" version="1" changeset="174774738" timestamp="2025-11-17T14:29:43Z" user="NicholasNCE" uid="186141" lat="43.7149860" lon="7.2703890"/>
 <node id="13311044835" visible="true" version="1" changeset="174774738" timestamp="2025-11-17T14:29:43Z" user="NicholasNCE" uid="186141" lat="43.7149235" lon="7.2703211"/>
 <node id="13311044836" visible="true" version="1" changeset="174774738" timestamp="2025-11-17T14:29:43Z" user="NicholasNCE" uid="186141" lat="43.7147754" lon="7.2702597"/>
 <node id="13311044837" visible="true" version="1" changeset="174774738" timestamp="2025-11-17T14:29:43Z" user="NicholasNCE" uid="186141" lat="43.7148329" lon="7.2702741"/>
 <node id="13358253698" visible="true" version="1" changeset="175602651" timestamp="2025-12-06T21:49:14Z" user="NicholasNCE" uid="186141" lat="43.7098525" lon="7.2748082"/>
 <node id="13444772524" visible="true" version="1" changeset="177051436" timestamp="2026-01-10T07:38:37Z" user="GanKonMalade" uid="23067975" lat="43.7161892" lon="7.2705290">
  <tag k="addr:housenumber" v="27"/>
  <tag k="addr:street" v="Avenue Edith Cavell"/>
 </node>
 <node id="13444772526" visible="true" version="1" changeset="177051436" timestamp="2026-01-10T07:38:37Z" user="GanKonMalade" uid="23067975" lat="43.7164090" lon="7.2699770">
  <tag k="addr:housenumber" v="33"/>
  <tag k="addr:street" v="Avenue Edith Cavell"/>
 </node>
 <node id="13448073543" visible="true" version="1" changeset="177097081" timestamp="2026-01-11T13:53:00Z" user="GanKonMalade" uid="23067975" lat="43.7161050" lon="7.2702470">
  <tag k="addr:housenumber" v="2"/>
  <tag k="addr:street" v="Avenue du Puits"/>
 </node>
 <node id="13448073544" visible="true" version="1" changeset="177097081" timestamp="2026-01-11T13:53:00Z" user="GanKonMalade" uid="23067975" lat="43.7156350" lon="7.2699430">
  <tag k="addr:housenumber" v="3"/>
  <tag k="addr:street" v="Avenue du Puits"/>
 </node>
 <node id="13448073545" visible="true" version="1" changeset="177097081" timestamp="2026-01-11T13:53:00Z" user="GanKonMalade" uid="23067975" lat="43.7159089" lon="7.2700953">
  <tag k="addr:housenumber" v="4"/>
  <tag k="addr:street" v="Avenue du Puits"/>
 </node>
 <node id="13448073547" visible="true" version="1" changeset="177097081" timestamp="2026-01-11T13:53:00Z" user="GanKonMalade" uid="23067975" lat="43.7156549" lon="7.2697246">
  <tag k="addr:housenumber" v="6"/>
  <tag k="addr:street" v="Avenue du Puits"/>
 </node>
 <node id="13448073556" visible="true" version="1" changeset="177097081" timestamp="2026-01-11T13:53:00Z" user="GanKonMalade" uid="23067975" lat="43.7158390" lon="7.2702410">
  <tag k="addr:housenumber" v="1 bis"/>
  <tag k="addr:street" v="Avenue du Puits"/>
 </node>
 <node id="13453402168" visible="true" version="1" changeset="177196848" timestamp="2026-01-13T21:27:19Z" user="GanKonMalade" uid="23067975" lat="43.7179230" lon="7.2661920">
  <tag k="addr:housenumber" v="77"/>
  <tag k="addr:street" v="Avenue Valrose"/>
 </node>
 <node id="13453402169" visible="true" version="1" changeset="177196848" timestamp="2026-01-13T21:27:19Z" user="GanKonMalade" uid="23067975" lat="43.7180020" lon="7.2663180">
  <tag k="addr:housenumber" v="79"/>
  <tag k="addr:street" v="Avenue Valrose"/>
 </node>
 <node id="13462023755" visible="true" version="1" changeset="177330481" timestamp="2026-01-17T10:53:34Z" user="GanKonMalade" uid="23067975" lat="43.7183210" lon="7.2659720">
  <tag k="addr:housenumber" v="3"/>
  <tag k="addr:street" v="Rue des Poilus"/>
 </node>
 <node id="13462023756" visible="true" version="1" changeset="177330481" timestamp="2026-01-17T10:53:34Z" user="GanKonMalade" uid="23067975" lat="43.7182240" lon="7.2658330">
  <tag k="addr:housenumber" v="5"/>
  <tag k="addr:street" v="Rue des Poilus"/>
 </node>
 <node id="13462124271" visible="true" version="1" changeset="177333602" timestamp="2026-01-17T12:34:18Z" user="GanKonMalade" uid="23067975" lat="43.7184870" lon="7.2662150">
  <tag k="addr:housenumber" v="6"/>
  <tag k="addr:street" v="Avenue Goldenberg Garbowska"/>
 </node>
 <node id="13462124272" visible="true" version="1" changeset="177333602" timestamp="2026-01-17T12:34:18Z" user="GanKonMalade" uid="23067975" lat="43.7185690" lon="7.2660540">
  <tag k="addr:housenumber" v="8"/>
  <tag k="addr:street" v="Avenue Goldenberg Garbowska"/>
 </node>
 <node id="13462124273" visible="true" version="1" changeset="177333602" timestamp="2026-01-17T12:34:18Z" user="GanKonMalade" uid="23067975" lat="43.7183800" lon="7.2663450">
  <tag k="addr:housenumber" v="4"/>
  <tag k="addr:street" v="Avenue Goldenberg Garbowska"/>
 </node>
 <node id="13462167030" visible="true" version="1" changeset="177333852" timestamp="2026-01-17T12:40:59Z" user="GanKonMalade" uid="23067975" lat="43.7172250" lon="7.2704300">
  <tag k="addr:housenumber" v="29"/>
  <tag k="addr:street" v="Boulevard Prince de Galles"/>
 </node>
 <node id="13462669542" visible="true" version="1" changeset="177346389" timestamp="2026-01-17T18:02:03Z" user="GanKonMalade" uid="23067975" lat="43.7178824" lon="7.2658940">
  <tag k="addr:housenumber" v="1"/>
  <tag k="addr:street" v="Avenue Maréchal Maunoury"/>
 </node>
 <node id="13798123581" visible="true" version="1" changeset="182240559" timestamp="2026-05-05T09:39:40Z" user="pierre_geovelo" uid="22563655" lat="43.7159736" lon="7.2656072">
  <tag k="amenity" v="bicycle_parking"/>
  <tag k="bicycle_parking" v="stands"/>
  <tag k="capacity" v="10"/>
 </node>
 <way id="4276702" visible="true" version="17" changeset="187807164" timestamp="2026-08-21T16:54:17Z" user="Lisapple" uid="16291142">
  <nd ref="25743615"/>
  <nd ref="11076120835"/>
  <nd ref="25369267"/>
  <nd ref="9668459036"/>
  <nd ref="3218446487"/>
  <nd ref="7738379043"/>
  <nd ref="3218446483"/>
  <nd ref="3218446480"/>
  <nd ref="9668459033"/>
  <nd ref="7738379041"/>
  <nd ref="3696766924"/>
  <nd ref="25369268"/>
  <tag k="cycleway:both" v="no"/>
  <tag k="highway" v="residential"/>
  <tag k="lanes" v="2"/>
  <tag k="lit" v="yes"/>
  <tag k="name" v="Avenue Joseph Vallot"/>
  <tag k="name:etymology:wikidata" v="Q1708120"/>
  <tag k="parking:left" v="no"/>
  <tag k="parking:right" v="lane"/>
  <tag k="parking:right:orientation" v="parallel"/>
  <tag k="sidewalk" v="both"/>
  <tag k="surface" v="asphalt"/>
 </way>
 <way id="4276703" visible="true" version="21" changeset="156155724" timestamp="2024-09-03T18:53:18Z" user="Pyb" uid="150474">
  <nd ref="9668449915"/>
  <nd ref="276007679"/>
  <nd ref="4069784366"/>
  <nd ref="25743624"/>
  <nd ref="9668459019"/>
  <nd ref="9668459020"/>
  <nd ref="276007692"/>
  <nd ref="25743623"/>
  <nd ref="1533874435"/>
  <nd ref="9668459017"/>
  <nd ref="9668459018"/>
  <nd ref="25743622"/>
  <nd ref="9668459023"/>
  <nd ref="25743625"/>
  <nd ref="8206074954"/>
  <nd ref="9668459024"/>
  <nd ref="25743621"/>
  <nd ref="9668459025"/>
  <nd ref="25743620"/>
  <nd ref="3696766901"/>
  <tag k="cycleway:both" v="no"/>
  <tag k="highway" v="residential"/>
  <tag k="lit" v="yes"/>
  <tag k="maxspeed" v="30"/>
  <tag k="name" v="Avenue Valrose"/>
  <tag k="parking:both" v="lane"/>
  <tag k="parking:both:orientation" v="parallel"/>
  <tag k="sidewalk" v="right"/>
  <tag k="surface" v="asphalt"/>
 </way>
 <way id="4276704" visible="true" version="9" changeset="186309066" timestamp="2026-07-24T17:26:21Z" user="Lisapple" uid="16291142">
  <nd ref="25743617"/>
  <nd ref="25743618"/>
  <nd ref="25743619"/>
  <nd ref="7804989131"/>
  <nd ref="25743620"/>
  <tag k="cycleway:both" v="no"/>
  <tag k="highway" v="residential"/>
  <tag k="lane_markings" v="no"/>
  <tag k="lit" v="yes"/>
  <tag k="name" v="Chemin Bessi"/>
  <tag k="ref:FR:FANTOIR" v="060880799"/>
  <tag k="surface" v="asphalt"/>
 </way>
 <way id="4276708" visible="true" version="11" changeset="186122631" timestamp="2026-07-21T15:24:25Z" user="Lisapple" uid="16291142">
  <nd ref="25744222"/>
  <nd ref="2920644806"/>
  <nd ref="7886979760"/>
  <nd ref="25744221"/>
  <nd ref="7886979761"/>
  <nd ref="25744220"/>
  <nd ref="25744230"/>
  <nd ref="25744219"/>
  <nd ref="25744218"/>
  <nd ref="25743794"/>
  <nd ref="25743793"/>
  <nd ref="11076120840"/>
  <nd ref="25743792"/>
  <nd ref="11076120839"/>
  <nd ref="25743791"/>
  <nd ref="25743790"/>
  <nd ref="11076120841"/>
  <nd ref="25743789"/>
  <nd ref="25743788"/>
  <nd ref="7502881372"/>
  <nd ref="11076120842"/>
  <nd ref="25315323"/>
  <tag k="cycleway:both" v="no"/>
  <tag k="highway" v="residential"/>
  <tag k="name" v="Avenue Daviot"/>
  <tag k="oneway" v="yes"/>
  <tag k="parking:left" v="no"/>
  <tag k="parking:right" v="lane"/>
  <tag k="parking:right:orientation" v="parallel"/>
  <tag k="ref:FR:FANTOIR" v="060881845"/>
 </way>
 <way id="23153002" visible="true" version="12" changeset="166114840" timestamp="2025-05-11T15:44:50Z" user="EnderHero" uid="6378179">
  <nd ref="250127951"/>
  <nd ref="250127952"/>
  <nd ref="9668459031"/>
  <nd ref="7738379042"/>
  <nd ref="250127953"/>
  <nd ref="8206074942"/>
  <nd ref="250127959"/>
  <nd ref="250127951"/>
  <tag k="access" v="private"/>
  <tag k="amenity" v="parking"/>
  <tag k="fee" v="no"/>
  <tag k="operator" v="Université Côte d'Azur"/>
  <tag k="operator:type" v="university"/>
  <tag k="parking" v="surface"/>
  <tag k="wheelchair" v="yes"/>
 </way>
 <way id="23153003" visible="true" version="6" changeset="112347708" timestamp="2021-10-10T20:11:46Z" user="abeu" uid="14202407">
  <nd ref="250127960"/>
  <nd ref="250127961"/>
  <nd ref="250127962"/>
  <nd ref="3218446488"/>
  <nd ref="250127963"/>
  <nd ref="250127960"/>
  <tag k="access" v="yes"/>
  <tag k="amenity" v="parking"/>
  <tag k="fee" v="no"/>
  <tag k="parking" v="surface"/>
  <tag k="wheelchair" v="yes"/>
 </way>
 <way id="23161155" visible="true" version="17" changeset="155978763" timestamp="2024-08-30T15:06:15Z" user="Pyb" uid="150474">
  <nd ref="25369268"/>
  <nd ref="25743626"/>
  <nd ref="9668459037"/>
  <nd ref="299136249"/>
  <tag k="cycleway:both" v="no"/>
  <tag k="highway" v="residential"/>
  <tag k="lane_markings" v="no"/>
  <tag k="lit" v="yes"/>
  <tag k="name" v="Avenue Valrose"/>
  <tag k="oneway" v="yes"/>
  <tag k="sidewalk" v="right"/>
  <tag k="surface" v="asphalt"/>
 </way>
 <way id="25331775" visible="true" version="10" changeset="188319514" timestamp="2026-08-31T17:38:15Z" user="Lisapple" uid="16291142">
  <nd ref="276007641"/>
  <nd ref="276007642"/>
  <nd ref="13311044830"/>
  <nd ref="13311044828"/>
  <nd ref="13311044829"/>
  <nd ref="276007643"/>
  <nd ref="13311044827"/>
  <nd ref="13311044825"/>
  <nd ref="13311044826"/>
  <nd ref="276007644"/>
  <nd ref="13311044823"/>
  <nd ref="13311044822"/>
  <nd ref="13311044824"/>
  <nd ref="276007645"/>
  <tag k="highway" v="residential"/>
  <tag k="lane_markings" v="no"/>
  <tag k="name" v="Avenue Edith Cavell"/>
  <tag k="name:etymology:wikidata" v="Q237564"/>
  <tag k="smoothness" v="intermediate"/>
  <tag k="surface" v="asphalt"/>
 </way>
 <way id="25331777" visible="true" version="12" changeset="186122631" timestamp="2026-07-21T15:23:39Z" user="Lisapple" uid="16291142">
  <nd ref="276007661"/>
  <nd ref="2628293064"/>
  <nd ref="276007662"/>
  <nd ref="276007663"/>
  <nd ref="4058818491"/>
  <nd ref="276007645"/>
  <tag k="access" v="private"/>
  <tag k="foot" v="yes"/>
  <tag k="highway" v="residential"/>
  <tag k="lane_markings" v="no"/>
  <tag k="name" v="Avenue du Puits"/>
  <tag k="ref:FR:FANTOIR" v="060885325"/>
  <tag k="smoothness" v="good"/>
  <tag k="surface" v="asphalt"/>
 </way>
 <way id="25331782" visible="true" version="10" changeset="177031400" timestamp="2026-01-09T15:40:52Z" user="GanKonMalade" uid="23067975">
  <nd ref="276007679"/>
  <nd ref="276007685"/>
  <nd ref="276007686"/>
  <nd ref="4069784370"/>
  <nd ref="276007687"/>
  <tag k="cycleway:both" v="no"/>
  <tag k="highway" v="residential"/>
  <tag k="lane_markings" v="no"/>
  <tag k="lit" v="yes"/>
  <tag k="name" v="Rue Auguste Bercy"/>
  <tag k="parking:left" v="no"/>
  <tag k="parking:right" v="lane"/>
  <tag k="parking:right:orientation" v="parallel"/>
  <tag k="sidewalk" v="no"/>
  <tag k="surface" v="asphalt"/>
 </way>
 <way id="25331784" visible="true" version="10" changeset="186248116" timestamp="2026-07-23T17:20:25Z" user="Lisapple" uid="16291142">
  <nd ref="276007691"/>
  <nd ref="276007695"/>
  <nd ref="1533874471"/>
  <nd ref="1533874468"/>
  <nd ref="1533874461"/>
  <nd ref="276007692"/>
  <tag k="cycleway:both" v="no"/>
  <tag k="highway" v="residential"/>
  <tag k="lane_markings" v="no"/>
  <tag k="lit" v="yes"/>
  <tag k="name" v="Avenue Goldenberg Garbowska"/>
  <tag k="parking:left" v="lane"/>
  <tag k="parking:left:orientation" v="parallel"/>
  <tag k="parking:right" v="no"/>
  <tag k="ref:FR:FANTOIR" v="060882965"/>
  <tag k="sidewalk" v="no"/>
  <tag k="surface" v="asphalt"/>
 </way>
 <way id="25331785" visible="true" version="11" changeset="187807164" timestamp="2026-08-21T16:54:38Z" user="Lisapple" uid="16291142">
  <nd ref="276007693"/>
  <nd ref="276007694"/>
  <nd ref="8206074962"/>
  <nd ref="25743622"/>
  <tag k="cycleway:both" v="no"/>
  <tag k="highway" v="residential"/>
  <tag k="lane_markings" v="no"/>
  <tag k="lit" v="yes"/>
  <tag k="name" v="Avenue Maréchal Maunoury"/>
  <tag k="name:etymology:wikidata" v="Q81042"/>
  <tag k="parking:left" v="lane"/>
  <tag k="parking:left:orientation" v="parallel"/>
  <tag k="parking:right" v="on_kerb"/>
  <tag k="parking:right:orientation" v="perpendicular"/>
  <tag k="sidewalk" v="left"/>
  <tag k="surface" v="concrete"/>
 </way>
 <way id="25331786" visible="true" version="9" changeset="185802884" timestamp="2026-07-15T18:36:08Z" user="Lisapple" uid="16291142">
  <nd ref="276007694"/>
  <nd ref="276007695"/>
  <tag k="created_by" v="Potlatch 0.9c"/>
  <tag k="cycleway:both" v="no"/>
  <tag k="highway" v="residential"/>
  <tag k="lane_markings" v="no"/>
  <tag k="lit" v="yes"/>
  <tag k="name" v="Rue des Poilus"/>
  <tag k="parking:left" v="no"/>
  <tag k="parking:right" v="lane"/>
  <tag k="parking:right:orientation" v="parallel"/>
  <tag k="ref:FR:FANTOIR" v="060885182"/>
  <tag k="sidewalk" v="both"/>
  <tag k="surface" v="asphalt"/>
 </way>
 <way id="25345204" visible="true" version="13" changeset="186122631" timestamp="2026-07-21T15:24:22Z" user="Lisapple" uid="16291142">
  <nd ref="276007240"/>
  <nd ref="4813319497"/>
  <nd ref="276007239"/>
  <nd ref="276007641"/>
  <tag k="highway" v="residential"/>
  <tag k="lane_markings" v="no"/>
  <tag k="name" v="Boulevard Prince de Galles"/>
  <tag k="ref:FR:FANTOIR" v="060885265"/>
  <tag k="smoothness" v="intermediate"/>
  <tag k="surface" v="asphalt"/>
 </way>
 <way id="25352907" visible="true" version="17" changeset="157967012" timestamp="2024-10-16T14:19:25Z" user="haltef4" uid="24661">
  <nd ref="25369268"/>
  <nd ref="2628293076"/>
  <nd ref="276291146"/>
  <nd ref="3696767826"/>
  <nd ref="7805118253"/>
  <nd ref="8458683226"/>
  <nd ref="7805118254"/>
  <nd ref="8458656410"/>
  <nd ref="276291148"/>
  <nd ref="299136251"/>
  <nd ref="7805118252"/>
  <nd ref="276291150"/>
  <nd ref="276291151"/>
  <nd ref="1533873826"/>
  <nd ref="7805118250"/>
  <nd ref="1533874045"/>
  <nd ref="1533874126"/>
  <nd ref="1533874104"/>
  <nd ref="1533873878"/>
  <nd ref="1533873568"/>
  <nd ref="1533873491"/>
  <nd ref="1533873444"/>
  <nd ref="4810624494"/>
  <nd ref="1533873397"/>
  <nd ref="1533873401"/>
  <nd ref="1533873453"/>
  <nd ref="1533873530"/>
  <nd ref="1533873656"/>
  <nd ref="1533873779"/>
  <nd ref="10187074322"/>
  <nd ref="10187074323"/>
  <nd ref="10187074326"/>
  <nd ref="7805118196"/>
  <tag k="access" v="private"/>
  <tag k="highway" v="service"/>
  <tag k="service" v="driveway"/>
  <tag k="surface" v="asphalt"/>
 </way>
 <way id="25401734" visible="true" version="9" changeset="157957968" timestamp="2024-10-16T10:30:30Z" user="haltef4" uid="24661">
  <nd ref="276839255"/>
  <nd ref="276839256"/>
  <nd ref="276839257"/>
  <nd ref="276839258"/>
  <nd ref="276839259"/>
  <tag k="highway" v="service"/>
  <tag k="service" v="parking_aisle"/>
  <tag k="surface" v="asphalt"/>
 </way>
 <way id="25444590" visible="true" version="9" changeset="167959707" timestamp="2025-06-22T13:56:42Z" user="martinus76" uid="22702237">
  <nd ref="277297876"/>
  <nd ref="277297877"/>
  <nd ref="364686568"/>
  <nd ref="364686574"/>
  <nd ref="364686569"/>
  <nd ref="364686571"/>
  <nd ref="277297878"/>
  <nd ref="9786472581"/>
  <nd ref="277297879"/>
  <nd ref="364686573"/>
  <nd ref="364686572"/>
  <nd ref="277297876"/>
  <tag k="access" v="private"/>
  <tag k="leisure" v="pitch"/>
  <tag k="name" v="Padel Tennis Nice Valrose"/>
  <tag k="operator" v="Université Côte d'Azur"/>
  <tag k="sport" v="tennis;volleyball;padel"/>
 </way>
 <way id="25444751" visible="true" version="7" changeset="156032843" timestamp="2024-08-31T21:27:21Z" user="Pyb" uid="150474">
  <nd ref="277299084"/>
  <nd ref="276007685"/>
  <tag k="access" v="yes"/>
  <tag k="handrail" v="yes"/>
  <tag k="highway" v="steps"/>
  <tag k="incline" v="down"/>
  <tag k="ramp" v="no"/>
  <tag k="step_count" v="99"/>
  <tag k="surface" v="concrete"/>
  <tag k="tactile_paving" v="no"/>
 </way>
 <way id="26971181" visible="true" version="4" changeset="13663343" timestamp="2012-10-28T16:01:35Z" user="sergio7826" uid="411998">
  <nd ref="295560710"/>
  <nd ref="1533874149"/>
  <nd ref="1533874133"/>
  <tag k="highway" v="steps"/>
 </way>
 <way id="27018268" visible="true" version="8" changeset="174774738" timestamp="2025-11-17T14:29:43Z" user="NicholasNCE" uid="186141">
  <nd ref="295560694"/>
  <nd ref="7805118262"/>
  <nd ref="295560695"/>
  <nd ref="295560696"/>
  <nd ref="295561293"/>
  <nd ref="13311009173"/>
  <nd ref="13311009174"/>
  <nd ref="295560698"/>
  <nd ref="13311009172"/>
  <nd ref="13311009170"/>
  <nd ref="13311009171"/>
  <nd ref="295561296"/>
  <tag k="highway" v="service"/>
  <tag k="service" v="driveway"/>
 </way>
 <way id="27255170" visible="true" version="7" changeset="157971041" timestamp="2024-10-16T15:39:13Z" user="haltef4" uid="24661">
  <nd ref="299136251"/>
  <nd ref="299136252"/>
  <nd ref="445773925"/>
  <nd ref="299136254"/>
  <nd ref="299136255"/>
  <nd ref="299136256"/>
  <tag k="access" v="private"/>
  <tag k="highway" v="service"/>
  <tag k="service" v="driveway"/>
  <tag k="surface" v="asphalt"/>
 </way>
 <way id="32431334" visible="true" version="7" changeset="157957968" timestamp="2024-10-16T10:36:16Z" user="haltef4" uid="24661">
  <nd ref="276839259"/>
  <nd ref="364686541"/>
  <nd ref="364686543"/>
  <nd ref="445773961"/>
  <nd ref="364686544"/>
  <nd ref="364686546"/>
  <nd ref="364686548"/>
  <nd ref="364686551"/>
  <nd ref="364686552"/>
  <nd ref="364686553"/>
  <tag k="highway" v="service"/>
  <tag k="service" v="driveway"/>
  <tag k="surface" v="asphalt"/>
 </way>
 <way id="37953186" visible="true" version="6" changeset="174774738" timestamp="2025-11-17T14:29:43Z" user="NicholasNCE" uid="186141">
  <nd ref="299136269"/>
  <nd ref="445773917"/>
  <nd ref="445773914"/>
  <nd ref="445773913"/>
  <nd ref="445773911"/>
  <nd ref="445773908"/>
  <nd ref="445773907"/>
  <nd ref="445773905"/>
  <nd ref="445773898"/>
  <nd ref="445773894"/>
  <nd ref="13311009186"/>
  <nd ref="445773886"/>
  <nd ref="299136272"/>
  <nd ref="299136273"/>
  <nd ref="299136274"/>
  <nd ref="299136275"/>
  <nd ref="299136276"/>
  <nd ref="295560694"/>
  <tag k="access" v="private"/>
  <tag k="highway" v="service"/>
  <tag k="service" v="driveway"/>
 </way>
 <way id="37953187" visible="true" version="11" changeset="173125765" timestamp="2025-10-11T08:18:45Z" user="Hervé TUC" uid="922338">
  <nd ref="445773925"/>
  <nd ref="445773926"/>
  <nd ref="445773929"/>
  <nd ref="445773936"/>
  <nd ref="299136261"/>
  <nd ref="445773945"/>
  <nd ref="445773949"/>
  <nd ref="445773951"/>
  <nd ref="4638182139"/>
  <nd ref="445773955"/>
  <nd ref="445773959"/>
  <nd ref="445773961"/>
  <tag k="handrail" v="yes"/>
  <tag k="highway" v="steps"/>
  <tag k="incline" v="up"/>
  <tag k="lit" v="no"/>
  <tag k="ramp" v="no"/>
  <tag k="step_count" v="71"/>
  <tag k="surface" v="concrete"/>
 </way>
 <way id="37953193" visible="true" version="7" changeset="173125765" timestamp="2025-10-11T08:18:45Z" user="Hervé TUC" uid="922338">
  <nd ref="364686541"/>
  <nd ref="4638182144"/>
  <nd ref="4810624493"/>
  <nd ref="445774062"/>
  <nd ref="445774060"/>
  <tag k="highway" v="service"/>
  <tag k="service" v="driveway"/>
  <tag k="surface" v="asphalt"/>
 </way>
 <way id="38206133" visible="true" version="1" changeset="1966684" timestamp="2009-07-28T16:57:38Z" user="remyoudompheng" uid="41851">
  <nd ref="299136256"/>
  <nd ref="299136257"/>
  <nd ref="299136258"/>
  <tag k="foot" v="yes"/>
  <tag k="highway" v="path"/>
 </way>
 <way id="38206135" visible="true" version="8" changeset="157971041" timestamp="2024-10-16T15:38:32Z" user="haltef4" uid="24661">
  <nd ref="299136258"/>
  <nd ref="4638182131"/>
  <nd ref="299136259"/>
  <nd ref="299136260"/>
  <nd ref="4638830770"/>
  <nd ref="4638182128"/>
  <nd ref="299136261"/>
  <nd ref="7805118283"/>
  <tag k="access" v="private"/>
  <tag k="highway" v="service"/>
  <tag k="service" v="driveway"/>
  <tag k="surface" v="asphalt"/>
 </way>
 <way id="38206137" visible="true" version="4" changeset="45578764" timestamp="2017-01-28T00:17:06Z" user="MikoBert" uid="5209311">
  <nd ref="299136255"/>
  <nd ref="4638830769"/>
  <nd ref="450126522"/>
  <nd ref="450126530"/>
  <nd ref="450126524"/>
  <nd ref="450126526"/>
  <nd ref="4638182112"/>
  <nd ref="4638830745"/>
  <nd ref="450126528"/>
  <tag k="access" v="private"/>
  <tag k="highway" v="service"/>
  <tag k="service" v="driveway"/>
 </way>
 <way id="38206139" visible="true" version="2" changeset="40766147" timestamp="2016-07-15T18:29:02Z" user="beweta" uid="152074">
  <nd ref="450126530"/>
  <nd ref="450126532"/>
  <nd ref="450126533"/>
  <nd ref="450126534"/>
  <nd ref="299136258"/>
  <tag k="access" v="private"/>
  <tag k="highway" v="service"/>
  <tag k="service" v="driveway"/>
 </way>
 <way id="139931885" visible="true" version="2" changeset="52400023" timestamp="2017-09-26T23:51:17Z" user="VinceBot" uid="2814778">
  <nd ref="1533313265"/>
  <nd ref="1533313271"/>
  <nd ref="1533313281"/>
  <nd ref="1533313288"/>
  <nd ref="1533313280"/>
  <nd ref="1533313215"/>
  <nd ref="1533313101"/>
  <nd ref="1533313098"/>
  <nd ref="1533313061"/>
  <nd ref="1533313172"/>
  <nd ref="1533313265"/>
  <tag k="building" v="yes"/>
  <tag k="height" v="9"/>
  <tag k="source" v="cadastre-dgi-fr source : Direction Générale des Impôts - Cadastre. Mise à jour : 2011"/>
 </way>
 <way id="139931913" visible="true" version="2" changeset="52400023" timestamp="2017-09-26T23:51:10Z" user="VinceBot" uid="2814778">
  <nd ref="1533312992"/>
  <nd ref="1533312978"/>
  <nd ref="1533312973"/>
  <nd ref="1533312965"/>
  <nd ref="1533312904"/>
  <nd ref="1533312902"/>
  <nd ref="1533312866"/>
  <nd ref="1533312890"/>
  <nd ref="1533312894"/>
  <nd ref="1533312929"/>
  <nd ref="1533312926"/>
  <nd ref="1533312983"/>
  <nd ref="1533312992"/>
  <tag k="building" v="yes"/>
  <tag k="height" v="10"/>
  <tag k="source" v="cadastre-dgi-fr source : Direction Générale des Impôts - Cadastre. Mise à jour : 2011"/>
 </way>
 <way id="139931940" visible="true" version="2" changeset="52400023" timestamp="2017-09-26T23:51:03Z" user="VinceBot" uid="2814778">
  <nd ref="1533313698"/>
  <nd ref="1533313724"/>
  <nd ref="1533313713"/>
  <nd ref="1533313748"/>
  <nd ref="1533313731"/>
  <nd ref="1533313805"/>
  <nd ref="1533313821"/>
  <nd ref="1533313844"/>
  <nd ref="1533313830"/>
  <nd ref="1533313810"/>
  <nd ref="1533313792"/>
  <nd ref="1533313784"/>
  <nd ref="1533313722"/>
  <nd ref="1533313726"/>
  <nd ref="1533313663"/>
  <nd ref="1533313698"/>
  <tag k="building" v="yes"/>
  <tag k="height" v="7"/>
  <tag k="source" v="cadastre-dgi-fr source : Direction Générale des Impôts - Cadastre. Mise à jour : 2011"/>
  <tag k="wall" v="no"/>
 </way>
 <way id="139931943" visible="true" version="2" changeset="52400023" timestamp="2017-09-26T23:51:02Z" user="VinceBot" uid="2814778">
  <nd ref="1533313837"/>
  <nd ref="1533313849"/>
  <nd ref="1533313891"/>
  <nd ref="1533313954"/>
  <nd ref="1533313926"/>
  <nd ref="1533313993"/>
  <nd ref="1533313957"/>
  <nd ref="1533313844"/>
  <nd ref="1533313821"/>
  <nd ref="1533313805"/>
  <nd ref="1533313731"/>
  <nd ref="1533313748"/>
  <nd ref="1533313713"/>
  <nd ref="1533313724"/>
  <nd ref="1533313698"/>
  <nd ref="1533313759"/>
  <nd ref="1533313837"/>
  <tag k="building" v="yes"/>
  <tag k="height" v="10"/>
  <tag k="source" v="cadastre-dgi-fr source : Direction Générale des Impôts - Cadastre. Mise à jour : 2011"/>
 </way>
 <way id="139931971" visible="true" version="2" changeset="52400023" timestamp="2017-09-26T23:50:57Z" user="VinceBot" uid="2814778">
  <nd ref="1533312938"/>
  <nd ref="1533312949"/>
  <nd ref="1533312996"/>
  <nd ref="1533312979"/>
  <nd ref="1533313000"/>
  <nd ref="1533312953"/>
  <nd ref="1533312946"/>
  <nd ref="1533312932"/>
  <nd ref="1533312921"/>
  <nd ref="1533312925"/>
  <nd ref="1533312901"/>
  <nd ref="1533312898"/>
  <nd ref="1533312858"/>
  <nd ref="1533312870"/>
  <nd ref="1533312864"/>
  <nd ref="1533313112"/>
  <nd ref="1533313133"/>
  <nd ref="1533312893"/>
  <nd ref="1533312908"/>
  <nd ref="1533312924"/>
  <nd ref="1533312938"/>
  <tag k="building" v="yes"/>
  <tag k="height" v="11"/>
  <tag k="source" v="cadastre-dgi-fr source : Direction Générale des Impôts - Cadastre. Mise à jour : 2011"/>
 </way>
 <way id="139931976" visible="true" version="2" changeset="52400023" timestamp="2017-09-26T23:50:56Z" user="VinceBot" uid="2814778">
  <nd ref="1533314032"/>
  <nd ref="1533314038"/>
  <nd ref="1533314050"/>
  <nd ref="1533314051"/>
  <nd ref="1533314059"/>
  <nd ref="1533314074"/>
  <nd ref="1533314070"/>
  <nd ref="1533314078"/>
  <nd ref="1533314079"/>
  <nd ref="1533314103"/>
  <nd ref="1533314112"/>
  <nd ref="1533314116"/>
  <nd ref="1533314114"/>
  <nd ref="1533314104"/>
  <nd ref="1533314129"/>
  <nd ref="1533314044"/>
  <nd ref="1533314046"/>
  <nd ref="1533314010"/>
  <nd ref="1533313951"/>
  <nd ref="1533314009"/>
  <nd ref="1533314012"/>
  <nd ref="1533314032"/>
  <tag k="building" v="yes"/>
  <tag k="height" v="9"/>
  <tag k="source" v="cadastre-dgi-fr source : Direction Générale des Impôts - Cadastre. Mise à jour : 2011"/>
 </way>
 <way id="139931982" visible="true" version="2" changeset="52400023" timestamp="2017-09-26T23:50:55Z" user="VinceBot" uid="2814778">
  <nd ref="1533314037"/>
  <nd ref="1533314014"/>
  <nd ref="1533314080"/>
  <nd ref="1533314094"/>
  <nd ref="1533314122"/>
  <nd ref="1533314133"/>
  <nd ref="1533314170"/>
  <nd ref="1533314145"/>
  <nd ref="1533314174"/>
  <nd ref="1533314180"/>
  <nd ref="1533314204"/>
  <nd ref="1533314143"/>
  <nd ref="1533314146"/>
  <nd ref="1533313913"/>
  <nd ref="1533313873"/>
  <nd ref="1533313845"/>
  <nd ref="1533313893"/>
  <nd ref="1533313870"/>
  <nd ref="1533313980"/>
  <nd ref="1533314000"/>
  <nd ref="1533313994"/>
  <nd ref="1533313985"/>
  <nd ref="1533314023"/>
  <nd ref="1533314043"/>
  <nd ref="1533314037"/>
  <tag k="building" v="yes"/>
  <tag k="height" v="12"/>
  <tag k="source" v="cadastre-dgi-fr source : Direction Générale des Impôts - Cadastre. Mise à jour : 2011"/>
 </way>
 <way id="139931988" visible="true" version="3" changeset="52400023" timestamp="2017-09-26T23:50:53Z" user="VinceBot" uid="2814778">
  <nd ref="1533313171"/>
  <nd ref="1533313202"/>
  <nd ref="1533313211"/>
  <nd ref="1533313219"/>
  <nd ref="1533313232"/>
  <nd ref="1533313247"/>
  <nd ref="1533313253"/>
  <nd ref="1533313254"/>
  <nd ref="1533313245"/>
  <nd ref="1533313268"/>
  <nd ref="1533313153"/>
  <nd ref="1533313149"/>
  <nd ref="1533313128"/>
  <nd ref="1533313076"/>
  <nd ref="1533313096"/>
  <nd ref="1533313077"/>
  <nd ref="1533313059"/>
  <nd ref="1533313060"/>
  <nd ref="1533313081"/>
  <nd ref="1533313073"/>
  <nd ref="1533313065"/>
  <nd ref="1533313066"/>
  <nd ref="1533313068"/>
  <nd ref="1533313171"/>
  <tag k="building" v="yes"/>
  <tag k="height" v="5"/>
  <tag k="source" v="cadastre-dgi-fr source : Direction Générale des Impôts - Cadastre. Mise à jour : 2011"/>
 </way>
 <way id="139931991" visible="true" version="2" changeset="52400023" timestamp="2017-09-26T23:50:52Z" user="VinceBot" uid="2814778">
  <nd ref="1533313833"/>
  <nd ref="1533313887"/>
  <nd ref="1533313907"/>
  <nd ref="1533313911"/>
  <nd ref="1533313963"/>
  <nd ref="1533313955"/>
  <nd ref="1533313978"/>
  <nd ref="1533313998"/>
  <nd ref="1533314008"/>
  <nd ref="1533314005"/>
  <nd ref="1533313997"/>
  <nd ref="1533313986"/>
  <nd ref="1533313974"/>
  <nd ref="1533313965"/>
  <nd ref="1533313962"/>
  <nd ref="1533313874"/>
  <nd ref="1533313865"/>
  <nd ref="1533313788"/>
  <nd ref="1533313732"/>
  <nd ref="1533313743"/>
  <nd ref="1533313739"/>
  <nd ref="1533313738"/>
  <nd ref="1533313750"/>
  <nd ref="1533313767"/>
  <nd ref="1533313780"/>
  <nd ref="1533313782"/>
  <nd ref="1533313801"/>
  <nd ref="1533313802"/>
  <nd ref="1533313833"/>
  <tag k="building" v="yes"/>
  <tag k="height" v="16"/>
  <tag k="source" v="cadastre-dgi-fr source : Direction Générale des Impôts - Cadastre. Mise à jour : 2011"/>
 </way>
 <way id="139932002" visible="true" version="2" changeset="52400023" timestamp="2017-09-26T23:50:50Z" user="VinceBot" uid="2814778">
  <nd ref="1533313470"/>
  <nd ref="1533313480"/>
  <nd ref="1533313464"/>
  <nd ref="1533313450"/>
  <nd ref="1533313470"/>
  <tag k="building" v="yes"/>
  <tag k="height" v="12"/>
  <tag k="source" v="cadastre-dgi-fr source : Direction Générale des Impôts - Cadastre. Mise à jour : 2011"/>
 </way>
 <way id="139932004" visible="true" version="1" changeset="10046231" timestamp="2011-12-05T22:36:55Z" user="Vlad" uid="24247">
  <nd ref="1533314146"/>
  <nd ref="1533314160"/>
  <nd ref="1533313934"/>
  <nd ref="1533313913"/>
  <nd ref="1533314146"/>
  <tag k="building" v="yes"/>
  <tag k="source" v="cadastre-dgi-fr source : Direction Générale des Impôts - Cadastre. Mise à jour : 2011"/>
  <tag k="wall" v="no"/>
 </way>
 <way id="139932007" visible="true" version="1" changeset="10046231" timestamp="2011-12-05T22:36:56Z" user="Vlad" uid="24247">
  <nd ref="1533313993"/>
  <nd ref="1533313999"/>
  <nd ref="1533313968"/>
  <nd ref="1533313957"/>
  <nd ref="1533313993"/>
  <tag k="building" v="yes"/>
  <tag k="source" v="cadastre-dgi-fr source : Direction Générale des Impôts - Cadastre. Mise à jour : 2011"/>
  <tag k="wall" v="no"/>
 </way>
 <way id="139932008" visible="true" version="2" changeset="52400023" timestamp="2017-09-26T23:50:50Z" user="VinceBot" uid="2814778">
  <nd ref="1533313835"/>
  <nd ref="1533313806"/>
  <nd ref="1533313775"/>
  <nd ref="1533313799"/>
  <nd ref="1533313835"/>
  <tag k="building" v="yes"/>
  <tag k="height" v="5"/>
  <tag k="source" v="cadastre-dgi-fr source : Direction Générale des Impôts - Cadastre. Mise à jour : 2011"/>
  <tag k="wall" v="no"/>
 </way>
 <way id="139932010" visible="true" version="1" changeset="10046231" timestamp="2011-12-05T22:36:56Z" user="Vlad" uid="24247">
  <nd ref="1533312833"/>
  <nd ref="1533312845"/>
  <nd ref="1533312846"/>
  <nd ref="1533312834"/>
  <nd ref="1533312833"/>
  <tag k="building" v="yes"/>
  <tag k="source" v="cadastre-dgi-fr source : Direction Générale des Impôts - Cadastre. Mise à jour : 2011"/>
  <tag k="wall" v="no"/>
 </way>
 <way id="139932012" visible="true" version="1" changeset="10046231" timestamp="2011-12-05T22:36:57Z" user="Vlad" uid="24247">
  <nd ref="1533313740"/>
  <nd ref="1533313720"/>
  <nd ref="1533313689"/>
  <nd ref="1533313699"/>
  <nd ref="1533313740"/>
  <tag k="building" v="yes"/>
  <tag k="source" v="cadastre-dgi-fr source : Direction Générale des Impôts - Cadastre. Mise à jour : 2011"/>
  <tag k="wall" v="no"/>
 </way>
 <way id="139932015" visible="true" version="1" changeset="10046231" timestamp="2011-12-05T22:36:58Z" user="Vlad" uid="24247">
  <nd ref="1533313837"/>
  <nd ref="1533313860"/>
  <nd ref="1533313891"/>
  <nd ref="1533313849"/>
  <nd ref="1533313837"/>
  <tag k="building" v="yes"/>
  <tag k="source" v="cadastre-dgi-fr source : Direction Générale des Impôts - Cadastre. Mise à jour : 2011"/>
  <tag k="wall" v="no"/>
 </way>
 <way id="139932018" visible="true" version="1" changeset="10046231" timestamp="2011-12-05T22:36:59Z" user="Vlad" uid="24247">
  <nd ref="1533314080"/>
  <nd ref="1533314102"/>
  <nd ref="1533314122"/>
  <nd ref="1533314094"/>
  <nd ref="1533314080"/>
  <tag k="building" v="yes"/>
  <tag k="source" v="cadastre-dgi-fr source : Direction Générale des Impôts - Cadastre. Mise à jour : 2011"/>
  <tag k="wall" v="no"/>
 </way>
 <way id="139932020" visible="true" version="2" changeset="52400023" timestamp="2017-09-26T23:50:48Z" user="VinceBot" uid="2814778">
  <nd ref="1533313541"/>
  <nd ref="1533313556"/>
  <nd ref="1533313517"/>
  <nd ref="1533313508"/>
  <nd ref="1533313541"/>
  <tag k="building" v="yes"/>
  <tag k="height" v="6"/>
  <tag k="source" v="cadastre-dgi-fr source : Direction Générale des Impôts - Cadastre. Mise à jour : 2011"/>
 </way>
 <way id="139932033" visible="true" version="1" changeset="10046231" timestamp="2011-12-05T22:37:03Z" user="Vlad" uid="24247">
  <nd ref="1533314174"/>
  <nd ref="1533314195"/>
  <nd ref="1533314208"/>
  <nd ref="1533314180"/>
  <nd ref="1533314174"/>
  <tag k="building" v="yes"/>
  <tag k="source" v="cadastre-dgi-fr source : Direction Générale des Impôts - Cadastre. Mise à jour : 2011"/>
  <tag k="wall" v="no"/>
 </way>
 <way id="139932037" visible="true" version="1" changeset="10046231" timestamp="2011-12-05T22:37:04Z" user="Vlad" uid="24247">
  <nd ref="1533313030"/>
  <nd ref="1533312959"/>
  <nd ref="1533312969"/>
  <nd ref="1533313045"/>
  <nd ref="1533313030"/>
  <tag k="building" v="yes"/>
  <tag k="source" v="cadastre-dgi-fr source : Direction Générale des Impôts - Cadastre. Mise à jour : 2011"/>
  <tag k="wall" v="no"/>
 </way>
 <way id="139932044" visible="true" version="1" changeset="10046231" timestamp="2011-12-05T22:37:07Z" user="Vlad" uid="24247">
  <nd ref="1533313980"/>
  <nd ref="1533313982"/>
  <nd ref="1533313989"/>
  <nd ref="1533313994"/>
  <nd ref="1533314000"/>
  <nd ref="1533313980"/>
  <tag k="building" v="yes"/>
  <tag k="source" v="cadastre-dgi-fr source : Direction Générale des Impôts - Cadastre. Mise à jour : 2011"/>
  <tag k="wall" v="no"/>
 </way>
 <way id="139932045" visible="true" version="1" changeset="10046231" timestamp="2011-12-05T22:37:07Z" user="Vlad" uid="24247">
  <nd ref="1533314037"/>
  <nd ref="1533314043"/>
  <nd ref="1533314023"/>
  <nd ref="1533314024"/>
  <nd ref="1533314031"/>
  <nd ref="1533314037"/>
  <tag k="building" v="yes"/>
  <tag k="source" v="cadastre-dgi-fr source : Direction Générale des Impôts - Cadastre. Mise à jour : 2011"/>
  <tag k="wall" v="no"/>
 </way>
 <way id="139932047" visible="true" version="2" changeset="52400023" timestamp="2017-09-26T23:50:45Z" user="VinceBot" uid="2814778">
  <nd ref="1533313107"/>
  <nd ref="1533313045"/>
  <nd ref="1533312969"/>
  <nd ref="1533313056"/>
  <nd ref="1533313155"/>
  <nd ref="1533313107"/>
  <tag k="building" v="yes"/>
  <tag k="height" v="5"/>
  <tag k="source" v="cadastre-dgi-fr source : Direction Générale des Impôts - Cadastre. Mise à jour : 2011"/>
 </way>
 <way id="139932048" visible="true" version="1" changeset="10046231" timestamp="2011-12-05T22:37:08Z" user="Vlad" uid="24247">
  <nd ref="1533313845"/>
  <nd ref="1533313847"/>
  <nd ref="1533313858"/>
  <nd ref="1533313870"/>
  <nd ref="1533313893"/>
  <nd ref="1533313845"/>
  <tag k="building" v="yes"/>
  <tag k="source" v="cadastre-dgi-fr source : Direction Générale des Impôts - Cadastre. Mise à jour : 2011"/>
  <tag k="wall" v="no"/>
 </way>
 <way id="139932065" visible="true" version="1" changeset="10046231" timestamp="2011-12-05T22:37:13Z" user="Vlad" uid="24247">
  <nd ref="1533313037"/>
  <nd ref="1533313025"/>
  <nd ref="1533313030"/>
  <nd ref="1533313045"/>
  <nd ref="1533313107"/>
  <nd ref="1533313120"/>
  <nd ref="1533313037"/>
  <tag k="building" v="yes"/>
  <tag k="source" v="cadastre-dgi-fr source : Direction Générale des Impôts - Cadastre. Mise à jour : 2011"/>
  <tag k="wall" v="no"/>
 </way>
 <way id="139932075" visible="true" version="1" changeset="10046231" timestamp="2011-12-05T22:37:15Z" user="Vlad" uid="24247">
  <nd ref="1533313811"/>
  <nd ref="1533313797"/>
  <nd ref="1533313839"/>
  <nd ref="1533313852"/>
  <nd ref="1533313828"/>
  <nd ref="1533313813"/>
  <nd ref="1533313811"/>
  <tag k="building" v="yes"/>
  <tag k="source" v="cadastre-dgi-fr source : Direction Générale des Impôts - Cadastre. Mise à jour : 2011"/>
 </way>
 <way id="139932077" visible="true" version="1" changeset="10046231" timestamp="2011-12-05T22:37:16Z" user="Vlad" uid="24247">
  <nd ref="1533314010"/>
  <nd ref="1533314019"/>
  <nd ref="1533314013"/>
  <nd ref="1533313970"/>
  <nd ref="1533313885"/>
  <nd ref="1533313857"/>
  <nd ref="1533314010"/>
  <tag k="building" v="yes"/>
  <tag k="source" v="cadastre-dgi-fr source : Direction Générale des Impôts - Cadastre. Mise à jour : 2011"/>
  <tag k="wall" v="no"/>
 </way>
 <way id="139932078" visible="true" version="3" changeset="99995835" timestamp="2021-02-25T18:05:36Z" user="divulmappeur" uid="8490885">
  <nd ref="1533313605"/>
  <nd ref="1533313675"/>
  <nd ref="1533313621"/>
  <nd ref="1533313579"/>
  <nd ref="1533313270"/>
  <nd ref="1533313197"/>
  <nd ref="1533313605"/>
  <tag k="building" v="yes"/>
  <tag k="source" v="cadastre-dgi-fr source : Direction Générale des Impôts - Cadastre. Mise à jour : 2011"/>
 </way>
 <way id="139932087" visible="true" version="2" changeset="52400023" timestamp="2017-09-26T23:50:39Z" user="VinceBot" uid="2814778">
  <nd ref="1533312827"/>
  <nd ref="1533312825"/>
  <nd ref="1533312824"/>
  <nd ref="1533312850"/>
  <nd ref="1533312852"/>
  <nd ref="1533312845"/>
  <nd ref="1533312833"/>
  <nd ref="1533312827"/>
  <tag k="building" v="yes"/>
  <tag k="height" v="11"/>
  <tag k="source" v="cadastre-dgi-fr source : Direction Générale des Impôts - Cadastre. Mise à jour : 2011"/>
 </way>
 <way id="139932090" visible="true" version="2" changeset="52400023" timestamp="2017-09-26T23:50:38Z" user="VinceBot" uid="2814778">
  <nd ref="1533313288"/>
  <nd ref="1533313281"/>
  <nd ref="1533313271"/>
  <nd ref="1533313309"/>
  <nd ref="1533313320"/>
  <nd ref="1533313321"/>
  <nd ref="1533313307"/>
  <nd ref="1533313288"/>
  <tag k="building" v="yes"/>
  <tag k="height" v="4"/>
  <tag k="source" v="cadastre-dgi-fr source : Direction Générale des Impôts - Cadastre. Mise à jour : 2011"/>
 </way>
 <way id="139932098" visible="true" version="2" changeset="52400023" timestamp="2017-09-26T23:50:36Z" user="VinceBot" uid="2814778">
  <nd ref="1533314228"/>
  <nd ref="1533314259"/>
  <nd ref="1533314270"/>
  <nd ref="1533314277"/>
  <nd ref="1533314218"/>
  <nd ref="1533314156"/>
  <nd ref="1533314197"/>
  <nd ref="1533314199"/>
  <nd ref="1533314228"/>
  <tag k="building" v="yes"/>
  <tag k="height" v="9"/>
  <tag k="source" v="cadastre-dgi-fr source : Direction Générale des Impôts - Cadastre. Mise à jour : 2011"/>
 </way>
 <way id="139932117" visible="true" version="2" changeset="52400023" timestamp="2017-09-26T23:50:31Z" user="VinceBot" uid="2814778">
  <nd ref="1533313504"/>
  <nd ref="1533313509"/>
  <nd ref="1533313549"/>
  <nd ref="1533313533"/>
  <nd ref="1533313496"/>
  <nd ref="1533313485"/>
  <nd ref="1533313457"/>
  <nd ref="1533313373"/>
  <nd ref="1533313430"/>
  <nd ref="1533313504"/>
  <tag k="building" v="yes"/>
  <tag k="height" v="13"/>
  <tag k="source" v="cadastre-dgi-fr source : Direction Générale des Impôts - Cadastre. Mise à jour : 2011"/>
 </way>
 <way id="139932118" visible="true" version="2" changeset="52400023" timestamp="2017-09-26T23:50:30Z" user="VinceBot" uid="2814778">
  <nd ref="1533314245"/>
  <nd ref="1533314264"/>
  <nd ref="1533314282"/>
  <nd ref="1533314244"/>
  <nd ref="1533314163"/>
  <nd ref="1533314110"/>
  <nd ref="1533314100"/>
  <nd ref="1533314057"/>
  <nd ref="1533314167"/>
  <nd ref="1533314245"/>
  <tag k="building" v="yes"/>
  <tag k="height" v="9"/>
  <tag k="source" v="cadastre-dgi-fr source : Direction Générale des Impôts - Cadastre. Mise à jour : 2011"/>
 </way>
 <way id="139964393" visible="true" version="2" changeset="52398972" timestamp="2017-09-26T22:30:40Z" user="VinceBot" uid="2814778">
  <nd ref="1533799752"/>
  <nd ref="1533799538"/>
  <nd ref="1533799454"/>
  <nd ref="1533799417"/>
  <nd ref="1533799330"/>
  <nd ref="1533799229"/>
  <nd ref="1533799075"/>
  <nd ref="1533799261"/>
  <nd ref="1533799475"/>
  <nd ref="1533799594"/>
  <nd ref="1533799752"/>
  <tag k="building" v="yes"/>
  <tag k="height" v="7"/>
  <tag k="source" v="cadastre-dgi-fr source : Direction Générale des Impôts - Cadastre. Mise à jour : 2011"/>
 </way>
 <way id="139964401" visible="true" version="5" changeset="96090746" timestamp="2020-12-18T21:14:03Z" user="divulmappeur" uid="8490885">
  <nd ref="1533802435"/>
  <nd ref="1533802144"/>
  <nd ref="8241453735"/>
  <nd ref="1533801834"/>
  <nd ref="1533801775"/>
  <nd ref="1533801540"/>
  <nd ref="1533801617"/>
  <nd ref="1533801564"/>
  <nd ref="1533801779"/>
  <nd ref="1533802322"/>
  <nd ref="1533802364"/>
  <nd ref="1533802435"/>
  <tag k="addr:housenumber" v="53"/>
  <tag k="addr:street" v="Avenue de Brancolar"/>
  <tag k="building" v="yes"/>
  <tag k="height" v="10"/>
  <tag k="source" v="cadastre-dgi-fr source : Direction Générale des Impôts - Cadastre. Mise à jour : 2011"/>
 </way>
 <way id="139964412" visible="true" version="3" changeset="52398972" timestamp="2017-09-26T22:30:32Z" user="VinceBot" uid="2814778">
  <nd ref="1533799485"/>
  <nd ref="1533799328"/>
  <nd ref="1533799265"/>
  <nd ref="1533799220"/>
  <nd ref="1533799053"/>
  <nd ref="1533799315"/>
  <nd ref="1533799286"/>
  <nd ref="1533799437"/>
  <nd ref="1533799697"/>
  <nd ref="1533799770"/>
  <nd ref="1533799940"/>
  <nd ref="1533799485"/>
  <tag k="addr:housename" v="Les myosotis"/>
  <tag k="addr:housenumber" v="83"/>
  <tag k="addr:street" v="Avenue Valrose"/>
  <tag k="building" v="yes"/>
  <tag k="height" v="7"/>
  <tag k="source" v="cadastre-dgi-fr source : Direction Générale des Impôts - Cadastre. Mise à jour : 2011"/>
 </way>
 <way id="139964418" visible="true" version="3" changeset="52398972" timestamp="2017-09-26T22:30:29Z" user="VinceBot" uid="2814778">
  <nd ref="1533798741"/>
  <nd ref="1533798793"/>
  <nd ref="1533798796"/>
  <nd ref="1533798816"/>
  <nd ref="1533798837"/>
  <nd ref="1533798900"/>
  <nd ref="1533798999"/>
  <nd ref="1533798987"/>
  <nd ref="1533799032"/>
  <nd ref="1533798935"/>
  <nd ref="1533798734"/>
  <nd ref="1533798741"/>
  <tag k="addr:housenumber" v="81"/>
  <tag k="addr:street" v="Avenue Valrose"/>
  <tag k="building" v="yes"/>
  <tag k="height" v="5"/>
  <tag k="source" v="cadastre-dgi-fr source : Direction Générale des Impôts - Cadastre. Mise à jour : 2011"/>
 </way>
 <way id="139964428" visible="true" version="3" changeset="52398972" timestamp="2017-09-26T22:30:24Z" user="VinceBot" uid="2814778">
  <nd ref="1533801777"/>
  <nd ref="1533802092"/>
  <nd ref="1533801904"/>
  <nd ref="1533801877"/>
  <nd ref="1533801788"/>
  <nd ref="1533801581"/>
  <nd ref="1533801550"/>
  <nd ref="1533801576"/>
  <nd ref="1533801596"/>
  <nd ref="1533801628"/>
  <nd ref="1533801664"/>
  <nd ref="1533801676"/>
  <nd ref="1533801777"/>
  <tag k="addr:housenumber" v="52 Bis"/>
  <tag k="addr:street" v="Avenue de Brancolar"/>
  <tag k="building" v="yes"/>
  <tag k="height" v="9"/>
  <tag k="source" v="cadastre-dgi-fr source : Direction Générale des Impôts - Cadastre. Mise à jour : 2011"/>
 </way>
 <way id="139964459" visible="true" version="2" changeset="52398914" timestamp="2017-09-26T22:30:09Z" user="VinceBot" uid="2814778">
  <nd ref="1533801235"/>
  <nd ref="1533801021"/>
  <nd ref="1533800286"/>
  <nd ref="1533800419"/>
  <nd ref="1533800484"/>
  <nd ref="1533800495"/>
  <nd ref="1533800552"/>
  <nd ref="1533800570"/>
  <nd ref="1533800662"/>
  <nd ref="1533800703"/>
  <nd ref="1533801007"/>
  <nd ref="1533800993"/>
  <nd ref="1533801028"/>
  <nd ref="1533801011"/>
  <nd ref="1533801070"/>
  <nd ref="1533801172"/>
  <nd ref="1533801235"/>
  <tag k="building" v="yes"/>
  <tag k="height" v="12"/>
  <tag k="source" v="cadastre-dgi-fr source : Direction Générale des Impôts - Cadastre. Mise à jour : 2011"/>
 </way>
 <way id="139964462" visible="true" version="2" changeset="52398914" timestamp="2017-09-26T22:30:07Z" user="VinceBot" uid="2814778">
  <nd ref="1533800819"/>
  <nd ref="1533800782"/>
  <nd ref="1533800772"/>
  <nd ref="1533800660"/>
  <nd ref="1533800599"/>
  <nd ref="1533800821"/>
  <nd ref="1533800593"/>
  <nd ref="1533800862"/>
  <nd ref="1533800893"/>
  <nd ref="1533801126"/>
  <nd ref="1533801114"/>
  <nd ref="1533801297"/>
  <nd ref="1533801433"/>
  <nd ref="1533800942"/>
  <nd ref="1533800857"/>
  <nd ref="1533800915"/>
  <nd ref="1533800844"/>
  <nd ref="1533800819"/>
  <tag k="building" v="yes"/>
  <tag k="height" v="13"/>
  <tag k="source" v="cadastre-dgi-fr source : Direction Générale des Impôts - Cadastre. Mise à jour : 2011"/>
 </way>
 <way id="139964484" visible="true" version="2" changeset="52398914" timestamp="2017-09-26T22:29:53Z" user="VinceBot" uid="2814778">
  <nd ref="1533800472"/>
  <nd ref="1533800376"/>
  <nd ref="1533800289"/>
  <nd ref="1533800269"/>
  <nd ref="1533800246"/>
  <nd ref="1533800238"/>
  <nd ref="1533800235"/>
  <nd ref="1533800231"/>
  <nd ref="1533800232"/>
  <nd ref="1533800233"/>
  <nd ref="1533800213"/>
  <nd ref="1533800194"/>
  <nd ref="1533800169"/>
  <nd ref="1533800147"/>
  <nd ref="1533800123"/>
  <nd ref="1533800116"/>
  <nd ref="1533800096"/>
  <nd ref="1533800093"/>
  <nd ref="1533800098"/>
  <nd ref="1533800119"/>
  <nd ref="1533800152"/>
  <nd ref="1533800160"/>
  <nd ref="1533800322"/>
  <nd ref="1533800395"/>
  <nd ref="1533800342"/>
  <nd ref="1533800472"/>
  <tag k="building" v="yes"/>
  <tag k="height" v="6"/>
  <tag k="source" v="cadastre-dgi-fr source : Direction Générale des Impôts - Cadastre. Mise à jour : 2011"/>
 </way>
 <way id="139964485" visible="true" version="10" changeset="143599425" timestamp="2023-11-04T05:48:11Z" user="b-jazz-bot" uid="9451067">
  <nd ref="7886979762"/>
  <nd ref="1533798115"/>
  <nd ref="1533798253"/>
  <nd ref="1533798246"/>
  <nd ref="1533799030"/>
  <nd ref="1533798975"/>
  <nd ref="1533799104"/>
  <nd ref="7886936784"/>
  <nd ref="7886973687"/>
  <nd ref="7886973685"/>
  <nd ref="7886973689"/>
  <nd ref="1533799547"/>
  <nd ref="1533799521"/>
  <nd ref="1533799442"/>
  <nd ref="1533799435"/>
  <nd ref="1533799293"/>
  <nd ref="1533799252"/>
  <nd ref="1533798809"/>
  <nd ref="1533798884"/>
  <nd ref="1533798953"/>
  <nd ref="1533799223"/>
  <nd ref="7886936782"/>
  <nd ref="7886973688"/>
  <nd ref="7886979762"/>
  <tag k="addr:housename" v="Résidence Valrose"/>
  <tag k="addr:housenumber" v="44"/>
  <tag k="addr:street" v="Avenue de Brancolar"/>
  <tag k="amenity" v="social_facility"/>
  <tag k="building" v="residential"/>
  <tag k="capacity" v="51"/>
  <tag k="email" v="dg@ccas-nice.fr"/>
  <tag k="fax" v="+33 4 93 83 99 11"/>
  <tag k="height" v="20"/>
  <tag k="name" v="EHPAD Valrose"/>
  <tag k="operator" v="Centre Communal d'Action Social"/>
  <tag k="operator:type" v="public"/>
  <tag k="phone" v="+33 4 93 83 57 07"/>
  <tag k="ref:FR:FINESS" v="060783008"/>
  <tag k="ref:FR:SIRET" v="26060047300383"/>
  <tag k="social_facility" v="nursing_home"/>
  <tag k="social_facility:for" v="senior"/>
  <tag k="source" v="cadastre-dgi-fr source : Direction Générale des Impôts - Cadastre. Mise à jour : 2020;Le ministère des solidarités et de la santé - 03/2019"/>
  <tag k="type:FR:FINESS" v="500"/>
  <tag k="website" v="https://ccas-nice.fr/"/>
  <tag k="wikidata" v="Q112996759"/>
 </way>
 <way id="139964509" visible="true" version="2" changeset="52398914" timestamp="2017-09-26T22:29:42Z" user="VinceBot" uid="2814778">
  <nd ref="1533801593"/>
  <nd ref="1533801491"/>
  <nd ref="1533801413"/>
  <nd ref="1533801478"/>
  <nd ref="1533801593"/>
  <tag k="building" v="yes"/>
  <tag k="height" v="3"/>
  <tag k="source" v="cadastre-dgi-fr source : Direction Générale des Impôts - Cadastre. Mise à jour : 2011"/>
 </way>
 <way id="139964514" visible="true" version="2" changeset="52398914" timestamp="2017-09-26T22:29:39Z" user="VinceBot" uid="2814778">
  <nd ref="1533798464"/>
  <nd ref="1533798562"/>
  <nd ref="1533798401"/>
  <nd ref="1533798313"/>
  <nd ref="1533798464"/>
  <tag k="building" v="yes"/>
  <tag k="height" v="4"/>
  <tag k="source" v="cadastre-dgi-fr source : Direction Générale des Impôts - Cadastre. Mise à jour : 2011"/>
 </way>
 <way id="139964518" visible="true" version="3" changeset="52398914" timestamp="2017-09-26T22:29:38Z" user="VinceBot" uid="2814778">
  <nd ref="1533798512"/>
  <nd ref="1533798338"/>
  <nd ref="4069784365"/>
  <nd ref="1533798191"/>
  <nd ref="1533798301"/>
  <nd ref="1533798512"/>
  <tag k="addr:housenumber" v="3"/>
  <tag k="addr:street" v="Avenue Maréchal Maunoury"/>
  <tag k="building" v="yes"/>
  <tag k="height" v="5"/>
  <tag k="source" v="cadastre-dgi-fr source : Direction Générale des Impôts - Cadastre. Mise à jour : 2011"/>
 </way>
 <way id="139964531" visible="true" version="4" changeset="115427958" timestamp="2021-12-27T13:52:16Z" user="divulmappeur" uid="8490885">
  <nd ref="1533799146"/>
  <nd ref="1533798974"/>
  <nd ref="1533798827"/>
  <nd ref="1533799010"/>
  <nd ref="1533799146"/>
  <tag k="addr:housename" v="Villa Alexandrine"/>
  <tag k="addr:street" v="Rue des Poilus"/>
  <tag k="building" v="yes"/>
  <tag k="height" v="6"/>
  <tag k="source" v="cadastre-dgi-fr source : Direction Générale des Impôts - Cadastre. Mise à jour : 2011"/>
 </way>
 <way id="139964534" visible="true" version="2" changeset="52398914" timestamp="2017-09-26T22:29:35Z" user="VinceBot" uid="2814778">
  <nd ref="1533798895"/>
  <nd ref="1533798778"/>
  <nd ref="1533798640"/>
  <nd ref="1533798784"/>
  <nd ref="1533798895"/>
  <tag k="building" v="yes"/>
  <tag k="height" v="6"/>
  <tag k="source" v="cadastre-dgi-fr source : Direction Générale des Impôts - Cadastre. Mise à jour : 2011"/>
 </way>
 <way id="139964539" visible="true" version="5" changeset="177330481" timestamp="2026-01-17T10:53:34Z" user="GanKonMalade" uid="23067975">
  <nd ref="1533798679"/>
  <nd ref="1533798848"/>
  <nd ref="1533798701"/>
  <nd ref="1533798517"/>
  <nd ref="1533798679"/>
  <tag k="addr:housename" v="Villa Athéna"/>
  <tag k="addr:housenumber" v="8"/>
  <tag k="addr:street" v="Rue des Poilus"/>
  <tag k="building" v="yes"/>
  <tag k="height" v="4"/>
  <tag k="source" v="cadastre-dgi-fr source : Direction Générale des Impôts - Cadastre. Mise à jour : 2011"/>
 </way>
 <way id="139964544" visible="true" version="2" changeset="52398914" timestamp="2017-09-26T22:29:33Z" user="VinceBot" uid="2814778">
  <nd ref="1533799038"/>
  <nd ref="1533798967"/>
  <nd ref="1533798847"/>
  <nd ref="1533798890"/>
  <nd ref="1533799038"/>
  <tag k="building" v="yes"/>
  <tag k="height" v="2"/>
  <tag k="source" v="cadastre-dgi-fr source : Direction Générale des Impôts - Cadastre. Mise à jour : 2011"/>
 </way>
 <way id="139964546" visible="true" version="1" changeset="10048062" timestamp="2011-12-06T09:00:15Z" user="Vlad" uid="24247">
  <nd ref="1533801277"/>
  <nd ref="1533801206"/>
  <nd ref="1533801150"/>
  <nd ref="1533801218"/>
  <nd ref="1533801277"/>
  <tag k="building" v="yes"/>
  <tag k="source" v="cadastre-dgi-fr source : Direction Générale des Impôts - Cadastre. Mise à jour : 2011"/>
  <tag k="wall" v="no"/>
 </way>
 <way id="139964558" visible="true" version="4" changeset="177031400" timestamp="2026-01-09T15:40:52Z" user="GanKonMalade" uid="23067975">
  <nd ref="1533800854"/>
  <nd ref="1533800706"/>
  <nd ref="1533800478"/>
  <nd ref="1533800688"/>
  <nd ref="1533800854"/>
  <tag k="addr:housenumber" v="1"/>
  <tag k="addr:street" v="Rue Auguste Bercy"/>
  <tag k="building" v="yes"/>
  <tag k="height" v="6"/>
  <tag k="source" v="cadastre-dgi-fr source : Direction Générale des Impôts - Cadastre. Mise à jour : 2011"/>
 </way>
 <way id="139964562" visible="true" version="4" changeset="177330481" timestamp="2026-01-17T10:53:34Z" user="GanKonMalade" uid="23067975">
  <nd ref="1533799913"/>
  <nd ref="1533799612"/>
  <nd ref="1533799373"/>
  <nd ref="1533799632"/>
  <nd ref="1533799913"/>
  <tag k="addr:housename" v="Villa Denis Thérèse"/>
  <tag k="addr:housenumber" v="2"/>
  <tag k="addr:street" v="Rue des Poilus"/>
  <tag k="building" v="yes"/>
  <tag k="height" v="6"/>
  <tag k="source" v="cadastre-dgi-fr source : Direction Générale des Impôts - Cadastre. Mise à jour : 2011"/>
 </way>
 <way id="139964584" visible="true" version="1" changeset="10048062" timestamp="2011-12-06T09:00:23Z" user="Vlad" uid="24247">
  <nd ref="1533798741"/>
  <nd ref="1533798713"/>
  <nd ref="1533798775"/>
  <nd ref="1533798793"/>
  <nd ref="1533798741"/>
  <tag k="building" v="yes"/>
  <tag k="source" v="cadastre-dgi-fr source : Direction Générale des Impôts - Cadastre. Mise à jour : 2011"/>
  <tag k="wall" v="no"/>
 </way>
 <way id="139964601" visible="true" version="5" changeset="177031400" timestamp="2026-01-09T15:40:52Z" user="GanKonMalade" uid="23067975">
  <nd ref="1533802080"/>
  <nd ref="1533801871"/>
  <nd ref="1533801671"/>
  <nd ref="1533801827"/>
  <nd ref="1533802080"/>
  <tag k="addr:housenumber" v="6"/>
  <tag k="addr:street" v="Rue Auguste Bercy"/>
  <tag k="building" v="apartments"/>
  <tag k="height" v="7"/>
  <tag k="source" v="cadastre-dgi-fr source : Direction Générale des Impôts - Cadastre. Mise à jour : 2011"/>
 </way>
 <way id="139964613" visible="true" version="2" changeset="52398914" timestamp="2017-09-26T22:29:15Z" user="VinceBot" uid="2814778">
  <nd ref="1533798836"/>
  <nd ref="1533798716"/>
  <nd ref="1533798563"/>
  <nd ref="1533798706"/>
  <nd ref="1533798836"/>
  <tag k="building" v="yes"/>
  <tag k="height" v="8"/>
  <tag k="source" v="cadastre-dgi-fr source : Direction Générale des Impôts - Cadastre. Mise à jour : 2011"/>
 </way>
 <way id="139964627" visible="true" version="2" changeset="52398914" timestamp="2017-09-26T22:29:11Z" user="VinceBot" uid="2814778">
  <nd ref="1533800331"/>
  <nd ref="1533800427"/>
  <nd ref="1533800539"/>
  <nd ref="1533800417"/>
  <nd ref="1533800331"/>
  <tag k="building" v="yes"/>
  <tag k="height" v="10"/>
  <tag k="source" v="cadastre-dgi-fr source : Direction Générale des Impôts - Cadastre. Mise à jour : 2011"/>
  <tag k="wall" v="no"/>
 </way>
 <way id="139964651" visible="true" version="3" changeset="52398914" timestamp="2017-09-26T22:29:01Z" user="VinceBot" uid="2814778">
  <nd ref="1533798914"/>
  <nd ref="1533799081"/>
  <nd ref="1533798933"/>
  <nd ref="1533798780"/>
  <nd ref="1533798914"/>
  <tag k="addr:housenumber" v="6"/>
  <tag k="addr:street" v="Rue des Poilus"/>
  <tag k="building" v="yes"/>
  <tag k="height" v="10"/>
  <tag k="source" v="cadastre-dgi-fr source : Direction Générale des Impôts - Cadastre. Mise à jour : 2011"/>
 </way>
 <way id="139964662" visible="true" version="1" changeset="10048062" timestamp="2011-12-06T09:00:43Z" user="Vlad" uid="24247">
  <nd ref="1533800780"/>
  <nd ref="1533800729"/>
  <nd ref="1533800659"/>
  <nd ref="1533800700"/>
  <nd ref="1533800731"/>
  <nd ref="1533800780"/>
  <tag k="building" v="yes"/>
  <tag k="source" v="cadastre-dgi-fr source : Direction Générale des Impôts - Cadastre. Mise à jour : 2011"/>
  <tag k="wall" v="no"/>
 </way>
 <way id="139964700" visible="true" version="4" changeset="100373094" timestamp="2021-03-03T20:11:59Z" user="FvGordon" uid="161619">
  <nd ref="1533798171"/>
  <nd ref="1533798077"/>
  <nd ref="1533797871"/>
  <nd ref="1533798027"/>
  <nd ref="1533798171"/>
  <tag k="addr:housenumber" v="75"/>
  <tag k="addr:street" v="Avenue Valrose"/>
  <tag k="building" v="yes"/>
  <tag k="height" v="7"/>
  <tag k="source" v="cadastre-dgi-fr source : Direction Générale des Impôts - Cadastre. Mise à jour : 2011"/>
 </way>
 <way id="139964703" visible="true" version="2" changeset="52398914" timestamp="2017-09-26T22:28:37Z" user="VinceBot" uid="2814778">
  <nd ref="1533798222"/>
  <nd ref="1533798228"/>
  <nd ref="1533798367"/>
  <nd ref="1533798227"/>
  <nd ref="1533798135"/>
  <nd ref="1533798222"/>
  <tag k="building" v="yes"/>
  <tag k="height" v="7"/>
  <tag k="source" v="cadastre-dgi-fr source : Direction Générale des Impôts - Cadastre. Mise à jour : 2011"/>
 </way>
 <way id="139964709" visible="true" version="3" changeset="52398914" timestamp="2017-09-26T22:28:33Z" user="VinceBot" uid="2814778">
  <nd ref="1533800473"/>
  <nd ref="1533800315"/>
  <nd ref="1533800179"/>
  <nd ref="1533800279"/>
  <nd ref="1533800320"/>
  <nd ref="1533800379"/>
  <nd ref="1533800473"/>
  <tag k="addr:housenumber" v="89"/>
  <tag k="addr:street" v="Avenue Valrose"/>
  <tag k="building" v="yes"/>
  <tag k="height" v="6"/>
  <tag k="source" v="cadastre-dgi-fr source : Direction Générale des Impôts - Cadastre. Mise à jour : 2011"/>
 </way>
 <way id="139964712" visible="true" version="5" changeset="177031400" timestamp="2026-01-09T15:40:52Z" user="GanKonMalade" uid="23067975">
  <nd ref="1533801335"/>
  <nd ref="1533801216"/>
  <nd ref="1533801120"/>
  <nd ref="1533801132"/>
  <nd ref="1533801055"/>
  <nd ref="1533801206"/>
  <nd ref="1533801335"/>
  <tag k="addr:housenumber" v="2"/>
  <tag k="addr:street" v="Rue Auguste Bercy"/>
  <tag k="building" v="apartments"/>
  <tag k="height" v="7"/>
  <tag k="source" v="cadastre-dgi-fr source : Direction Générale des Impôts - Cadastre. Mise à jour : 2011"/>
 </way>
 <way id="139964728" visible="true" version="3" changeset="52398914" timestamp="2017-09-26T22:28:23Z" user="VinceBot" uid="2814778">
  <nd ref="1533800240"/>
  <nd ref="1533800066"/>
  <nd ref="1533799941"/>
  <nd ref="1533800044"/>
  <nd ref="1533800081"/>
  <nd ref="1533800161"/>
  <nd ref="1533800240"/>
  <tag k="addr:housename" v="So'halong"/>
  <tag k="addr:housenumber" v="87"/>
  <tag k="addr:street" v="Avenue Valrose"/>
  <tag k="building" v="yes"/>
  <tag k="height" v="7"/>
  <tag k="source" v="cadastre-dgi-fr source : Direction Générale des Impôts - Cadastre. Mise à jour : 2011"/>
 </way>
 <way id="139964730" visible="true" version="3" changeset="52398914" timestamp="2017-09-26T22:28:22Z" user="VinceBot" uid="2814778">
  <nd ref="1533800988"/>
  <nd ref="1533800975"/>
  <nd ref="1533801068"/>
  <nd ref="1533801154"/>
  <nd ref="1533800907"/>
  <nd ref="1533800842"/>
  <nd ref="1533800988"/>
  <tag k="addr:housenumber" v="47"/>
  <tag k="addr:street" v="Avenue de Brancolar"/>
  <tag k="building" v="yes"/>
  <tag k="height" v="7"/>
  <tag k="source" v="cadastre-dgi-fr source : Direction Générale des Impôts - Cadastre. Mise à jour : 2011"/>
 </way>
 <way id="139964732" visible="true" version="5" changeset="52398914" timestamp="2017-09-26T22:28:21Z" user="VinceBot" uid="2814778">
  <nd ref="1533801529"/>
  <nd ref="1533801456"/>
  <nd ref="1533801436"/>
  <nd ref="1533801350"/>
  <nd ref="1533800906"/>
  <nd ref="1533801101"/>
  <nd ref="1533801529"/>
  <tag k="addr:housename" v="Résidence Le Séréna"/>
  <tag k="addr:housenumber" v="52"/>
  <tag k="addr:street" v="Avenue de Brancolar"/>
  <tag k="building" v="residential"/>
  <tag k="height" v="13"/>
  <tag k="source" v="cadastre-dgi-fr source : Direction Générale des Impôts - Cadastre. Mise à jour : 2011"/>
 </way>
 <way id="139964739" visible="true" version="4" changeset="177031400" timestamp="2026-01-09T15:40:52Z" user="GanKonMalade" uid="23067975">
  <nd ref="1533801500"/>
  <nd ref="1533801584"/>
  <nd ref="1533801706"/>
  <nd ref="1533801517"/>
  <nd ref="1533801406"/>
  <nd ref="1533801480"/>
  <nd ref="1533801500"/>
  <tag k="addr:housename" v="Le petit prince"/>
  <tag k="addr:housenumber" v="5 bis"/>
  <tag k="addr:street" v="Rue Auguste Bercy"/>
  <tag k="building" v="yes"/>
  <tag k="height" v="7"/>
  <tag k="source" v="cadastre-dgi-fr source : Direction Générale des Impôts - Cadastre. Mise à jour : 2011"/>
 </way>
 <way id="139964750" visible="true" version="3" changeset="115585304" timestamp="2021-12-30T22:37:02Z" user="divulmappeur" uid="8490885">
  <nd ref="1533801578"/>
  <nd ref="1533801708"/>
  <nd ref="1533801532"/>
  <nd ref="1533801407"/>
  <nd ref="1533801420"/>
  <nd ref="1533801490"/>
  <nd ref="1533801578"/>
  <tag k="building" v="yes"/>
  <tag k="height" v="4"/>
  <tag k="name" v="Villa La Libellule"/>
  <tag k="source" v="cadastre-dgi-fr source : Direction Générale des Impôts - Cadastre. Mise à jour : 2011"/>
 </way>
 <way id="139964787" visible="true" version="4" changeset="177031400" timestamp="2026-01-09T15:40:52Z" user="GanKonMalade" uid="23067975">
  <nd ref="1533801149"/>
  <nd ref="1533801148"/>
  <nd ref="1533801209"/>
  <nd ref="1533801157"/>
  <nd ref="1533801048"/>
  <nd ref="1533800841"/>
  <nd ref="1533801023"/>
  <nd ref="1533801149"/>
  <tag k="addr:housename" v="Villa Diane"/>
  <tag k="addr:housenumber" v="3"/>
  <tag k="addr:street" v="Rue Auguste Bercy"/>
  <tag k="building" v="yes"/>
  <tag k="height" v="8"/>
  <tag k="source" v="cadastre-dgi-fr source : Direction Générale des Impôts - Cadastre. Mise à jour : 2011"/>
 </way>
 <way id="139964795" visible="true" version="1" changeset="10048062" timestamp="2011-12-06T09:01:19Z" user="Vlad" uid="24247">
  <nd ref="1533801790"/>
  <nd ref="1533801732"/>
  <nd ref="1533801770"/>
  <nd ref="1533801972"/>
  <nd ref="1533801941"/>
  <nd ref="1533801884"/>
  <nd ref="1533801841"/>
  <nd ref="1533801790"/>
  <tag k="building" v="yes"/>
  <tag k="source" v="cadastre-dgi-fr source : Direction Générale des Impôts - Cadastre. Mise à jour : 2011"/>
 </way>
 <way id="139964802" visible="true" version="2" changeset="52398914" timestamp="2017-09-26T22:27:45Z" user="VinceBot" uid="2814778">
  <nd ref="1533800191"/>
  <nd ref="1533800073"/>
  <nd ref="1533800018"/>
  <nd ref="1533799980"/>
  <nd ref="1533800065"/>
  <nd ref="1533800138"/>
  <nd ref="1533800350"/>
  <nd ref="1533800191"/>
  <tag k="building" v="yes"/>
  <tag k="height" v="4"/>
  <tag k="source" v="cadastre-dgi-fr source : Direction Générale des Impôts - Cadastre. Mise à jour : 2011"/>
 </way>
 <way id="139964861" visible="true" version="4" changeset="177031400" timestamp="2026-01-09T15:40:52Z" user="GanKonMalade" uid="23067975">
  <nd ref="1533801460"/>
  <nd ref="1533801372"/>
  <nd ref="1533801340"/>
  <nd ref="1533801284"/>
  <nd ref="1533801073"/>
  <nd ref="1533801272"/>
  <nd ref="1533801403"/>
  <nd ref="1533801412"/>
  <nd ref="1533801460"/>
  <tag k="addr:housenumber" v="5"/>
  <tag k="addr:street" v="Rue Auguste Bercy"/>
  <tag k="building" v="yes"/>
  <tag k="height" v="9"/>
  <tag k="source" v="cadastre-dgi-fr source : Direction Générale des Impôts - Cadastre. Mise à jour : 2011"/>
 </way>
 <way id="139964863" visible="true" version="1" changeset="10048062" timestamp="2011-12-06T09:01:28Z" user="Vlad" uid="24247">
  <nd ref="1533798304"/>
  <nd ref="1533798225"/>
  <nd ref="1533798369"/>
  <nd ref="1533798466"/>
  <nd ref="1533798435"/>
  <nd ref="1533798380"/>
  <nd ref="1533798298"/>
  <nd ref="1533798364"/>
  <nd ref="1533798304"/>
  <tag k="building" v="yes"/>
  <tag k="source" v="cadastre-dgi-fr source : Direction Générale des Impôts - Cadastre. Mise à jour : 2011"/>
  <tag k="wall" v="no"/>
 </way>
 <way id="139964884" visible="true" version="2" changeset="52398914" timestamp="2017-09-26T22:27:16Z" user="VinceBot" uid="2814778">
  <nd ref="1533799775"/>
  <nd ref="1533799886"/>
  <nd ref="1533799847"/>
  <nd ref="1533799972"/>
  <nd ref="1533799844"/>
  <nd ref="1533799790"/>
  <nd ref="1533799635"/>
  <nd ref="1533799455"/>
  <nd ref="1533799775"/>
  <tag k="building" v="yes"/>
  <tag k="height" v="8"/>
  <tag k="source" v="cadastre-dgi-fr source : Direction Générale des Impôts - Cadastre. Mise à jour : 2011"/>
 </way>
 <way id="139964895" visible="true" version="4" changeset="177330481" timestamp="2026-01-17T10:53:34Z" user="GanKonMalade" uid="23067975">
  <nd ref="1533799298"/>
  <nd ref="1533799400"/>
  <nd ref="1533799313"/>
  <nd ref="1533799443"/>
  <nd ref="1533799227"/>
  <nd ref="1533799009"/>
  <nd ref="1533799124"/>
  <nd ref="1533799246"/>
  <nd ref="1533799298"/>
  <tag k="addr:housename" v="Villa Adele F. Lazzareschi"/>
  <tag k="addr:housenumber" v="4"/>
  <tag k="addr:street" v="Rue des Poilus"/>
  <tag k="building" v="yes"/>
  <tag k="height" v="6"/>
  <tag k="source" v="cadastre-dgi-fr source : Direction Générale des Impôts - Cadastre. Mise à jour : 2011"/>
 </way>
 <way id="139964908" visible="true" version="2" changeset="52398914" timestamp="2017-09-26T22:27:09Z" user="VinceBot" uid="2814778">
  <nd ref="1533798304"/>
  <nd ref="1533798364"/>
  <nd ref="1533798298"/>
  <nd ref="1533798380"/>
  <nd ref="1533798435"/>
  <nd ref="1533798466"/>
  <nd ref="1533798608"/>
  <nd ref="1533798456"/>
  <nd ref="1533798304"/>
  <tag k="building" v="yes"/>
  <tag k="height" v="8"/>
  <tag k="source" v="cadastre-dgi-fr source : Direction Générale des Impôts - Cadastre. Mise à jour : 2011"/>
 </way>
 <way id="139964927" visible="true" version="5" changeset="177031400" timestamp="2026-01-09T15:40:52Z" user="GanKonMalade" uid="23067975">
  <nd ref="1533801669"/>
  <nd ref="1533801772"/>
  <nd ref="1533801734"/>
  <nd ref="1533801755"/>
  <nd ref="1533801598"/>
  <nd ref="1533801434"/>
  <nd ref="1533801537"/>
  <nd ref="1533801520"/>
  <nd ref="1533801669"/>
  <tag k="addr:housenumber" v="4"/>
  <tag k="addr:street" v="Rue Auguste Bercy"/>
  <tag k="building" v="residential"/>
  <tag k="height" v="5"/>
  <tag k="source" v="cadastre-dgi-fr source : Direction Générale des Impôts - Cadastre. Mise à jour : 2011"/>
 </way>
 <way id="139964937" visible="true" version="2" changeset="52398914" timestamp="2017-09-26T22:26:59Z" user="VinceBot" uid="2814778">
  <nd ref="1533800204"/>
  <nd ref="1533800210"/>
  <nd ref="1533800365"/>
  <nd ref="1533800338"/>
  <nd ref="1533800576"/>
  <nd ref="1533800433"/>
  <nd ref="1533799607"/>
  <nd ref="1533799727"/>
  <nd ref="1533799890"/>
  <nd ref="1533800204"/>
  <tag k="building" v="yes"/>
  <tag k="height" v="13"/>
  <tag k="source" v="cadastre-dgi-fr source : Direction Générale des Impôts - Cadastre. Mise à jour : 2011"/>
 </way>
 <way id="139964948" visible="true" version="2" changeset="52398914" timestamp="2017-09-26T22:26:54Z" user="VinceBot" uid="2814778">
  <nd ref="1533800785"/>
  <nd ref="1533800812"/>
  <nd ref="1533800828"/>
  <nd ref="1533800891"/>
  <nd ref="1533800692"/>
  <nd ref="1533800543"/>
  <nd ref="1533800563"/>
  <nd ref="1533800463"/>
  <nd ref="1533800574"/>
  <nd ref="1533800785"/>
  <tag k="building" v="yes"/>
  <tag k="height" v="12"/>
  <tag k="source" v="cadastre-dgi-fr source : Direction Générale des Impôts - Cadastre. Mise à jour : 2011"/>
 </way>
 <way id="139964984" visible="true" version="5" changeset="52398914" timestamp="2017-09-26T22:26:44Z" user="VinceBot" uid="2814778">
  <nd ref="1533800417"/>
  <nd ref="1533800539"/>
  <nd ref="1533800579"/>
  <nd ref="1533800548"/>
  <nd ref="1533800724"/>
  <nd ref="1533800779"/>
  <nd ref="1533800802"/>
  <nd ref="1533801224"/>
  <nd ref="1533800920"/>
  <nd ref="1533800417"/>
  <tag k="addr:housename" v="Résidence La Major"/>
  <tag k="addr:housenumber" v="50"/>
  <tag k="addr:street" v="Avenue de Brancolar"/>
  <tag k="building" v="residential"/>
  <tag k="height" v="15"/>
  <tag k="source" v="cadastre-dgi-fr source : Direction Générale des Impôts - Cadastre. Mise à jour : 2011"/>
 </way>
 <way id="139974827" visible="true" version="9" changeset="128052687" timestamp="2022-10-25T18:54:46Z" user="Syl" uid="224440">
  <nd ref="1533873301"/>
  <nd ref="1533873311"/>
  <nd ref="1533873093"/>
  <nd ref="1533873081"/>
  <nd ref="1533873301"/>
  <tag k="building" v="university"/>
  <tag k="height" v="23"/>
  <tag k="name" v="Bâtiment Hippolyte Fizeau"/>
  <tag k="name:fr" v="Bâtiment Hippolyte Fizeau"/>
  <tag k="operator" v="Université Côte d'Azur"/>
  <tag k="operator:type" v="university"/>
  <tag k="source" v="cadastre-dgi-fr source : Direction Générale des Impôts - Cadastre. Mise à jour : 2011"/>
  <tag k="wheelchair" v="yes"/>
 </way>
 <way id="139974828" visible="true" version="7" changeset="128962772" timestamp="2022-11-15T23:08:00Z" user="divulmappeur" uid="8490885">
  <nd ref="1533873260"/>
  <nd ref="1533873271"/>
  <nd ref="1533873164"/>
  <nd ref="1533873161"/>
  <nd ref="1533873187"/>
  <nd ref="1533873190"/>
  <nd ref="1533873193"/>
  <nd ref="1533873260"/>
  <tag k="building" v="university"/>
  <tag k="height" v="18"/>
  <tag k="name" v="Centre de biochimie"/>
  <tag k="name:de" v="Zentrum für Biochemie"/>
  <tag k="name:en" v="Biochemistry Center"/>
  <tag k="name:fr" v="Centre de biochimie"/>
  <tag k="operator" v="Université Côte d'Azur"/>
  <tag k="source" v="cadastre-dgi-fr source : Direction Générale des Impôts - Cadastre. Mise à jour : 2011"/>
 </way>
 <way id="139974830" visible="true" version="10" changeset="128962772" timestamp="2022-11-15T23:08:00Z" user="divulmappeur" uid="8490885">
  <nd ref="1533873608"/>
  <nd ref="1533873672"/>
  <nd ref="1533873695"/>
  <nd ref="1533873679"/>
  <nd ref="1533873824"/>
  <nd ref="1533873821"/>
  <nd ref="1533873793"/>
  <nd ref="1533873777"/>
  <nd ref="1533873829"/>
  <nd ref="1533873841"/>
  <nd ref="1533873801"/>
  <nd ref="1533873807"/>
  <nd ref="1533873799"/>
  <nd ref="1533873775"/>
  <nd ref="1533873839"/>
  <nd ref="1533873848"/>
  <nd ref="1533873877"/>
  <nd ref="1533873907"/>
  <nd ref="1533873916"/>
  <nd ref="1533873924"/>
  <nd ref="1533873977"/>
  <nd ref="1533873971"/>
  <nd ref="1533874008"/>
  <nd ref="1533874022"/>
  <nd ref="1533874005"/>
  <nd ref="1533874019"/>
  <nd ref="1533874021"/>
  <nd ref="1533874051"/>
  <nd ref="1533874053"/>
  <nd ref="1533874074"/>
  <nd ref="1533874068"/>
  <nd ref="1533874096"/>
  <nd ref="1533874061"/>
  <nd ref="1533873973"/>
  <nd ref="1533873975"/>
  <nd ref="1533873981"/>
  <nd ref="1533874018"/>
  <nd ref="1533874023"/>
  <nd ref="1533874017"/>
  <nd ref="1533873993"/>
  <nd ref="1533873978"/>
  <nd ref="1533873957"/>
  <nd ref="1533873947"/>
  <nd ref="1533873920"/>
  <nd ref="1533873906"/>
  <nd ref="1533873874"/>
  <nd ref="1533873843"/>
  <nd ref="1533873760"/>
  <nd ref="1533873697"/>
  <nd ref="1533873723"/>
  <nd ref="1533873706"/>
  <nd ref="1533873567"/>
  <nd ref="1533873560"/>
  <nd ref="1533873466"/>
  <nd ref="1533873488"/>
  <nd ref="1533873456"/>
  <nd ref="1533873458"/>
  <nd ref="1533873464"/>
  <nd ref="1533873490"/>
  <nd ref="1533873460"/>
  <nd ref="1533873462"/>
  <nd ref="1533873485"/>
  <nd ref="1533873533"/>
  <nd ref="1533873517"/>
  <nd ref="1533873528"/>
  <nd ref="1533873545"/>
  <nd ref="1533873564"/>
  <nd ref="1533873547"/>
  <nd ref="1533873561"/>
  <nd ref="1533873584"/>
  <nd ref="1533873589"/>
  <nd ref="1533873608"/>
  <tag k="building" v="university"/>
  <tag k="height" v="20"/>
  <tag k="name" v="Grand Château - Administration Université"/>
  <tag k="name:de" v="Großes Schloss - Verwaltung"/>
  <tag k="name:fr" v="Grand Château - Administration Université"/>
  <tag k="operator" v="Université Côte d'Azur"/>
  <tag k="source" v="cadastre-dgi-fr source : Direction Générale des Impôts - Cadastre. Mise à jour : 2011"/>
  <tag k="wheelchair" v="limited"/>
 </way>
 <way id="139974831" visible="true" version="8" changeset="156157359" timestamp="2024-09-03T19:40:20Z" user="Pyb" uid="150474">
  <nd ref="1533874402"/>
  <nd ref="1533874436"/>
  <nd ref="1533874354"/>
  <nd ref="1533874326"/>
  <nd ref="1533874323"/>
  <nd ref="1533874304"/>
  <nd ref="1533874300"/>
  <nd ref="1533874302"/>
  <nd ref="1533874279"/>
  <nd ref="1533874341"/>
  <nd ref="1533874348"/>
  <nd ref="1533874402"/>
  <tag k="addr:city" v="Nice"/>
  <tag k="addr:housenumber" v="65"/>
  <tag k="addr:postcode" v="06108"/>
  <tag k="addr:street" v="Avenue Valrose"/>
  <tag k="building" v="sports_centre"/>
  <tag k="height" v="18"/>
  <tag k="leisure" v="sports_centre"/>
  <tag k="name:signed" v="no"/>
  <tag k="operator" v="Université Côte d'Azur"/>
  <tag k="source" v="cadastre-dgi-fr source : Direction Générale des Impôts - Cadastre. Mise à jour : 2011"/>
  <tag k="website" v="https://sport.univ-cotedazur.fr/"/>
 </way>
 <way id="139974832" visible="true" version="6" changeset="128962772" timestamp="2022-11-15T23:08:00Z" user="divulmappeur" uid="8490885">
  <nd ref="1533873047"/>
  <nd ref="1533873128"/>
  <nd ref="1533872944"/>
  <nd ref="1533872817"/>
  <nd ref="1533873047"/>
  <tag k="building" v="yes"/>
  <tag k="height" v="15"/>
  <tag k="name" v="Laboratoire Jean-Alexandre Dieudonné"/>
  <tag k="operator" v="Université Côte d'Azur"/>
  <tag k="source" v="cadastre-dgi-fr source : Direction Générale des Impôts - Cadastre. Mise à jour : 2011"/>
 </way>
 <way id="139974833" visible="true" version="5" changeset="100373094" timestamp="2021-03-03T20:11:59Z" user="FvGordon" uid="161619">
  <nd ref="1533872821"/>
  <nd ref="1533872837"/>
  <nd ref="1533872705"/>
  <nd ref="1533872690"/>
  <nd ref="1533872896"/>
  <nd ref="1533872895"/>
  <nd ref="1533873019"/>
  <nd ref="1533873022"/>
  <nd ref="1533872821"/>
  <tag k="height" v="7"/>
  <tag k="source" v="cadastre-dgi-fr source : Direction Générale des Impôts - Cadastre. Mise à jour : 2011"/>
  <tag k="wheelchair" v="limited"/>
 </way>
 <way id="139974834" visible="true" version="4" changeset="99982207" timestamp="2021-02-25T14:04:51Z" user="Corentin_" uid="12664994">
  <nd ref="1533873659"/>
  <nd ref="1533873646"/>
  <nd ref="1533873808"/>
  <nd ref="1533873810"/>
  <nd ref="1533873909"/>
  <nd ref="1533873928"/>
  <nd ref="1533873434"/>
  <nd ref="1533873403"/>
  <nd ref="1533873469"/>
  <nd ref="1533873483"/>
  <nd ref="1533873587"/>
  <nd ref="1533873595"/>
  <nd ref="1533873659"/>
  <tag k="addr:housenumber" v="37"/>
  <tag k="building" v="university"/>
  <tag k="height" v="22"/>
  <tag k="name" v="Le Rambouillet"/>
  <tag k="source" v="cadastre-dgi-fr source : Direction Générale des Impôts - Cadastre. Mise à jour : 2011"/>
 </way>
 <way id="139974835" visible="true" version="10" changeset="128962772" timestamp="2022-11-15T23:08:00Z" user="divulmappeur" uid="8490885">
  <nd ref="1533872626"/>
  <nd ref="1533872685"/>
  <nd ref="1533872631"/>
  <nd ref="1533872489"/>
  <nd ref="1533872517"/>
  <nd ref="1533872626"/>
  <tag k="building" v="university"/>
  <tag k="height" v="10"/>
  <tag k="name" v="Petit Château - Administration et Scolarité"/>
  <tag k="name:de" v="Kleines Schloss"/>
  <tag k="name:fr" v="Petit Château - Administration et Scolarité"/>
  <tag k="operator" v="Université Côte d'Azur"/>
  <tag k="operator:type" v="university"/>
  <tag k="source" v="cadastre-dgi-fr source : Direction Générale des Impôts - Cadastre. Mise à jour : 2011"/>
  <tag k="wheelchair" v="no"/>
 </way>
 <way id="139974837" visible="true" version="1" changeset="10048527" timestamp="2011-12-06T10:04:40Z" user="Vlad" uid="24247">
  <nd ref="1533874045"/>
  <nd ref="1533873950"/>
  <tag k="highway" v="footway"/>
 </way>
 <way id="139974838" visible="true" version="1" changeset="10048527" timestamp="2011-12-06T10:04:40Z" user="Vlad" uid="24247">
  <nd ref="1533873950"/>
  <nd ref="1533873876"/>
  <tag k="bridge" v="yes"/>
  <tag k="highway" v="footway"/>
  <tag k="layer" v="1"/>
 </way>
 <way id="139974839" visible="true" version="3" changeset="40766147" timestamp="2016-07-15T18:29:01Z" user="beweta" uid="152074">
  <nd ref="1533874164"/>
  <nd ref="295560710"/>
  <nd ref="276007641"/>
  <tag k="highway" v="service"/>
  <tag k="service" v="driveway"/>
 </way>
 <way id="139974840" visible="true" version="4" changeset="174774738" timestamp="2025-11-17T14:29:43Z" user="NicholasNCE" uid="186141">
  <nd ref="295561296"/>
  <nd ref="13311009169"/>
  <nd ref="295561298"/>
  <nd ref="13311009177"/>
  <nd ref="13311009168"/>
  <nd ref="13311009178"/>
  <nd ref="295561300"/>
  <nd ref="13311009176"/>
  <nd ref="13311009175"/>
  <nd ref="1533874324"/>
  <nd ref="13311009179"/>
  <nd ref="13311009185"/>
  <nd ref="276007235"/>
  <nd ref="13311009184"/>
  <nd ref="13311009180"/>
  <nd ref="13311009183"/>
  <nd ref="276007236"/>
  <nd ref="13311009181"/>
  <nd ref="13311009182"/>
  <nd ref="276007237"/>
  <nd ref="1533874164"/>
  <tag k="bridge" v="yes"/>
  <tag k="highway" v="service"/>
  <tag k="layer" v="1"/>
  <tag k="service" v="driveway"/>
 </way>
 <way id="139974841" visible="true" version="4" changeset="89272654" timestamp="2020-08-11T23:47:01Z" user="divulmappeur" uid="8490885">
  <nd ref="1533873718"/>
  <nd ref="1533873440"/>
  <nd ref="1533873436"/>
  <nd ref="1533873509"/>
  <nd ref="1533873693"/>
  <nd ref="1533873750"/>
  <nd ref="1533873831"/>
  <nd ref="1533873914"/>
  <nd ref="1533873995"/>
  <nd ref="1533874020"/>
  <nd ref="1533873901"/>
  <nd ref="1533873770"/>
  <nd ref="1533873718"/>
 </way>
 <way id="139974842" visible="true" version="12" changeset="128962772" timestamp="2022-11-15T23:08:00Z" user="divulmappeur" uid="8490885">
  <nd ref="1533873896"/>
  <nd ref="1533873919"/>
  <nd ref="1533873948"/>
  <nd ref="1533873951"/>
  <nd ref="1533874131"/>
  <nd ref="1533874162"/>
  <nd ref="1533873990"/>
  <nd ref="7805118285"/>
  <nd ref="1533873969"/>
  <nd ref="5309176952"/>
  <nd ref="1533873410"/>
  <nd ref="7805118287"/>
  <nd ref="1533873373"/>
  <nd ref="1533873896"/>
  <tag k="alt_name" v="Mathématiques"/>
  <tag k="building" v="university"/>
  <tag k="height" v="12"/>
  <tag k="name" v="Amphi Maths &amp; Batiment M"/>
  <tag k="name:de" v="Aula Mathematik"/>
  <tag k="name:fr" v="Amphi Maths &amp; Batiment M"/>
  <tag k="operator" v="Université Côte d'Azur"/>
  <tag k="operator:type" v="university"/>
  <tag k="source" v="cadastre-dgi-fr source : Direction Générale des Impôts - Cadastre. Mise à jour : 2011"/>
  <tag k="wheelchair" v="yes"/>
 </way>
 <way id="139974852" visible="true" version="4" changeset="89272654" timestamp="2020-08-11T23:47:01Z" user="divulmappeur" uid="8490885">
  <nd ref="1533874344"/>
  <nd ref="1533874374"/>
  <nd ref="1533874378"/>
  <nd ref="1533874376"/>
  <nd ref="1533874361"/>
  <nd ref="5309176961"/>
  <nd ref="5309176960"/>
  <nd ref="1533874297"/>
  <nd ref="1533874170"/>
  <nd ref="7805118291"/>
  <nd ref="1533874130"/>
  <nd ref="1533874107"/>
  <nd ref="7805118292"/>
  <nd ref="1533874298"/>
  <nd ref="1533874322"/>
  <nd ref="1533874344"/>
  <tag k="building" v="roof"/>
  <tag k="height" v="5"/>
  <tag k="source" v="cadastre-dgi-fr source : Direction Générale des Impôts - Cadastre. Mise à jour : 2011"/>
  <tag k="wall" v="no"/>
 </way>
 <way id="139974853" visible="true" version="4" changeset="52398551" timestamp="2017-09-26T22:00:50Z" user="VinceBot" uid="2814778">
  <nd ref="1533872690"/>
  <nd ref="1533872705"/>
  <nd ref="1533872673"/>
  <nd ref="3218446484"/>
  <nd ref="1533872652"/>
  <nd ref="1533872895"/>
  <nd ref="1533872896"/>
  <nd ref="1533872690"/>
  <tag k="building" v="yes"/>
  <tag k="height" v="6"/>
  <tag k="source" v="cadastre-dgi-fr source : Direction Générale des Impôts - Cadastre. Mise à jour : 2011"/>
  <tag k="wall" v="no"/>
 </way>
 <way id="139974854" visible="true" version="2" changeset="52398551" timestamp="2017-09-26T22:00:50Z" user="VinceBot" uid="2814778">
  <nd ref="1533872726"/>
  <nd ref="1533872746"/>
  <nd ref="1533872785"/>
  <nd ref="1533872799"/>
  <nd ref="1533872744"/>
  <nd ref="1533872721"/>
  <nd ref="1533872695"/>
  <nd ref="1533872634"/>
  <nd ref="1533872610"/>
  <nd ref="1533872572"/>
  <nd ref="1533872661"/>
  <nd ref="1533872726"/>
  <tag k="building" v="yes"/>
  <tag k="height" v="6"/>
  <tag k="source" v="cadastre-dgi-fr source : Direction Générale des Impôts - Cadastre. Mise à jour : 2011"/>
 </way>
 <way id="139974857" visible="true" version="2" changeset="52398551" timestamp="2017-09-26T22:00:49Z" user="VinceBot" uid="2814778">
  <nd ref="1533872413"/>
  <nd ref="1533872438"/>
  <nd ref="1533872430"/>
  <nd ref="1533872440"/>
  <nd ref="1533872434"/>
  <nd ref="1533872441"/>
  <nd ref="1533872442"/>
  <nd ref="1533872463"/>
  <nd ref="1533872415"/>
  <nd ref="1533872389"/>
  <nd ref="1533872378"/>
  <nd ref="1533872322"/>
  <nd ref="1533872413"/>
  <tag k="building" v="yes"/>
  <tag k="height" v="13"/>
  <tag k="source" v="cadastre-dgi-fr source : Direction Générale des Impôts - Cadastre. Mise à jour : 2011"/>
 </way>
 <way id="139974860" visible="true" version="4" changeset="52398551" timestamp="2017-09-26T22:00:48Z" user="VinceBot" uid="2814778">
  <nd ref="1533874133"/>
  <nd ref="1533874151"/>
  <nd ref="1533874153"/>
  <nd ref="1987115990"/>
  <nd ref="1533874121"/>
  <nd ref="1533874103"/>
  <nd ref="1533874078"/>
  <nd ref="1533874072"/>
  <nd ref="1533874048"/>
  <nd ref="1533874027"/>
  <nd ref="1533874066"/>
  <nd ref="1533874076"/>
  <nd ref="1533874101"/>
  <nd ref="1533874123"/>
  <nd ref="2628293150"/>
  <nd ref="1533874133"/>
  <tag k="building" v="yes"/>
  <tag k="height" v="21"/>
  <tag k="source" v="cadastre-dgi-fr source : Direction Générale des Impôts - Cadastre. Mise à jour : 2011"/>
 </way>
 <way id="139974861" visible="true" version="4" changeset="52398551" timestamp="2017-09-26T22:00:48Z" user="VinceBot" uid="2814778">
  <nd ref="1533874213"/>
  <nd ref="1533874239"/>
  <nd ref="1533874247"/>
  <nd ref="1533874265"/>
  <nd ref="1533874272"/>
  <nd ref="1533874282"/>
  <nd ref="1533874256"/>
  <nd ref="1533874249"/>
  <nd ref="1533874242"/>
  <nd ref="1533874220"/>
  <nd ref="1533874182"/>
  <nd ref="1533874178"/>
  <nd ref="2628293152"/>
  <nd ref="1533874213"/>
  <tag k="building" v="yes"/>
  <tag k="height" v="22"/>
  <tag k="source" v="cadastre-dgi-fr source : Direction Générale des Impôts - Cadastre. Mise à jour : 2011"/>
 </way>
 <way id="139974867" visible="true" version="9" changeset="136230609" timestamp="2023-05-17T21:56:17Z" user="user_18305684" uid="18305684">
  <nd ref="1533873167"/>
  <nd ref="1533873221"/>
  <nd ref="1533873174"/>
  <nd ref="1533873025"/>
  <nd ref="1533873115"/>
  <nd ref="1533873167"/>
  <tag k="building" v="university"/>
  <tag k="height" v="19"/>
  <tag k="name" v="Amphi Informatique"/>
  <tag k="operator" v="Université Côte d'Azur"/>
  <tag k="operator:type" v="university"/>
  <tag k="source" v="cadastre-dgi-fr source : Direction Générale des Impôts - Cadastre. Mise à jour : 2011"/>
  <tag k="wheelchair" v="yes"/>
 </way>
 <way id="139974871" visible="true" version="2" changeset="52398551" timestamp="2017-09-26T22:00:44Z" user="VinceBot" uid="2814778">
  <nd ref="1533872533"/>
  <nd ref="1533872554"/>
  <nd ref="1533872542"/>
  <nd ref="1533872537"/>
  <nd ref="1533872558"/>
  <nd ref="1533872511"/>
  <nd ref="1533872498"/>
  <nd ref="1533872487"/>
  <nd ref="1533872484"/>
  <nd ref="1533872485"/>
  <nd ref="1533872467"/>
  <nd ref="1533872456"/>
  <nd ref="1533872452"/>
  <nd ref="1533872445"/>
  <nd ref="1533872465"/>
  <nd ref="1533872468"/>
  <nd ref="1533872470"/>
  <nd ref="1533872486"/>
  <nd ref="1533872510"/>
  <nd ref="1533872515"/>
  <nd ref="1533872528"/>
  <nd ref="1533872549"/>
  <nd ref="1533872533"/>
  <tag k="building" v="yes"/>
  <tag k="height" v="8"/>
  <tag k="source" v="cadastre-dgi-fr source : Direction Générale des Impôts - Cadastre. Mise à jour : 2011"/>
 </way>
 <way id="139974877" visible="true" version="2" changeset="52398551" timestamp="2017-09-26T22:00:43Z" user="VinceBot" uid="2814778">
  <nd ref="1533872574"/>
  <nd ref="1533872677"/>
  <nd ref="1533872573"/>
  <nd ref="1533872535"/>
  <nd ref="1533872574"/>
  <tag k="building" v="yes"/>
  <tag k="height" v="2"/>
  <tag k="source" v="cadastre-dgi-fr source : Direction Générale des Impôts - Cadastre. Mise à jour : 2011"/>
  <tag k="wall" v="no"/>
 </way>
 <way id="139974879" visible="true" version="5" changeset="177097081" timestamp="2026-01-11T13:53:00Z" user="GanKonMalade" uid="23067975">
  <nd ref="1533872681"/>
  <nd ref="1533872778"/>
  <nd ref="1533872632"/>
  <nd ref="1533872560"/>
  <nd ref="1533872681"/>
  <tag k="addr:housename" v="Le Florange"/>
  <tag k="building" v="yes"/>
  <tag k="height" v="16"/>
  <tag k="name" v="Le Florange"/>
  <tag k="source" v="cadastre-dgi-fr source : Direction Générale des Impôts - Cadastre. Mise à jour : 2011"/>
 </way>
 <way id="139974880" visible="true" version="4" changeset="99774141" timestamp="2021-02-22T21:50:29Z" user="Corentin_" uid="12664994">
  <nd ref="1533872492"/>
  <nd ref="1533872491"/>
  <nd ref="1533872444"/>
  <nd ref="1533872450"/>
  <nd ref="1533872492"/>
  <tag k="building" v="university"/>
  <tag k="height" v="6"/>
  <tag k="name" v="Concierge"/>
  <tag k="source" v="cadastre-dgi-fr source : Direction Générale des Impôts - Cadastre. Mise à jour : 2011"/>
 </way>
 <way id="139974888" visible="true" version="1" changeset="10048527" timestamp="2011-12-06T10:04:56Z" user="Vlad" uid="24247">
  <nd ref="1533872551"/>
  <nd ref="1533872540"/>
  <nd ref="1533872446"/>
  <nd ref="1533872454"/>
  <nd ref="1533872551"/>
  <tag k="building" v="yes"/>
  <tag k="source" v="cadastre-dgi-fr source : Direction Générale des Impôts - Cadastre. Mise à jour : 2011"/>
 </way>
 <way id="139974890" visible="true" version="2" changeset="52398551" timestamp="2017-09-26T22:00:40Z" user="VinceBot" uid="2814778">
  <nd ref="1533872825"/>
  <nd ref="1533872868"/>
  <nd ref="1533872893"/>
  <nd ref="1533872842"/>
  <nd ref="1533872825"/>
  <tag k="building" v="yes"/>
  <tag k="height" v="3"/>
  <tag k="source" v="cadastre-dgi-fr source : Direction Générale des Impôts - Cadastre. Mise à jour : 2011"/>
 </way>
 <way id="139974897" visible="true" version="2" changeset="52398551" timestamp="2017-09-26T22:00:39Z" user="VinceBot" uid="2814778">
  <nd ref="1533872411"/>
  <nd ref="1533872382"/>
  <nd ref="1533872427"/>
  <nd ref="1533872458"/>
  <nd ref="1533872411"/>
  <tag k="building" v="yes"/>
  <tag k="height" v="10"/>
  <tag k="source" v="cadastre-dgi-fr source : Direction Générale des Impôts - Cadastre. Mise à jour : 2011"/>
 </way>
 <way id="139974899" visible="true" version="1" changeset="10048527" timestamp="2011-12-06T10:04:59Z" user="Vlad" uid="24247">
  <nd ref="1533872513"/>
  <nd ref="1533872506"/>
  <nd ref="1533872490"/>
  <nd ref="1533872502"/>
  <nd ref="1533872513"/>
  <tag k="building" v="yes"/>
  <tag k="source" v="cadastre-dgi-fr source : Direction Générale des Impôts - Cadastre. Mise à jour : 2011"/>
  <tag k="wall" v="no"/>
 </way>
 <way id="139974904" visible="true" version="1" changeset="10048527" timestamp="2011-12-06T10:05:00Z" user="Vlad" uid="24247">
  <nd ref="1533873137"/>
  <nd ref="1533873147"/>
  <nd ref="1533873117"/>
  <nd ref="1533873113"/>
  <nd ref="1533873137"/>
  <tag k="building" v="yes"/>
  <tag k="source" v="cadastre-dgi-fr source : Direction Générale des Impôts - Cadastre. Mise à jour : 2011"/>
 </way>
 <way id="139974909" visible="true" version="2" changeset="52398551" timestamp="2017-09-26T22:00:38Z" user="VinceBot" uid="2814778">
  <nd ref="1533872525"/>
  <nd ref="1533872523"/>
  <nd ref="1533872335"/>
  <nd ref="1533872356"/>
  <nd ref="1533872525"/>
  <tag k="building" v="yes"/>
  <tag k="height" v="2"/>
  <tag k="source" v="cadastre-dgi-fr source : Direction Générale des Impôts - Cadastre. Mise à jour : 2011"/>
 </way>
 <way id="139974910" visible="true" version="4" changeset="156157359" timestamp="2024-09-03T19:41:07Z" user="Pyb" uid="150474">
  <nd ref="1533872609"/>
  <nd ref="1533872636"/>
  <nd ref="1533872719"/>
  <nd ref="1533872717"/>
  <nd ref="1533872609"/>
  <tag k="building" v="yes"/>
  <tag k="height" v="6"/>
  <tag k="source" v="cadastre-dgi-fr source : Direction Générale des Impôts - Cadastre. Mise à jour : 2011"/>
 </way>
 <way id="139974914" visible="true" version="1" changeset="10048527" timestamp="2011-12-06T10:05:03Z" user="Vlad" uid="24247">
  <nd ref="1533872486"/>
  <nd ref="1533872470"/>
  <nd ref="1533872466"/>
  <nd ref="1533872475"/>
  <nd ref="1533872486"/>
  <tag k="building" v="yes"/>
  <tag k="source" v="cadastre-dgi-fr source : Direction Générale des Impôts - Cadastre. Mise à jour : 2011"/>
  <tag k="wall" v="no"/>
 </way>
 <way id="139974918" visible="true" version="10" changeset="128052687" timestamp="2022-10-25T18:54:46Z" user="Syl" uid="224440">
  <nd ref="1533872483"/>
  <nd ref="1533872556"/>
  <nd ref="1533872464"/>
  <nd ref="1533872412"/>
  <nd ref="1533872483"/>
  <tag k="building" v="university"/>
  <tag k="height" v="27"/>
  <tag k="name" v="Biologie &amp; Géologie"/>
  <tag k="name:de" v="Biologie &amp; Geologie"/>
  <tag k="name:en" v="Biology &amp; Geology"/>
  <tag k="name:fr" v="Biologie &amp; Géologie"/>
  <tag k="operator" v="Université Côte d'Azur"/>
  <tag k="source" v="cadastre-dgi-fr source : Direction Générale des Impôts - Cadastre. Mise à jour : 2011"/>
  <tag k="wheelchair" v="yes"/>
 </way>
 <way id="139974922" visible="true" version="2" changeset="52398551" timestamp="2017-09-26T22:00:36Z" user="VinceBot" uid="2814778">
  <nd ref="1533872718"/>
  <nd ref="1533872765"/>
  <nd ref="1533872825"/>
  <nd ref="1533872842"/>
  <nd ref="1533872814"/>
  <nd ref="1533872718"/>
  <tag k="building" v="yes"/>
  <tag k="height" v="2"/>
  <tag k="source" v="cadastre-dgi-fr source : Direction Générale des Impôts - Cadastre. Mise à jour : 2011"/>
  <tag k="wall" v="no"/>
 </way>
 <way id="139974925" visible="true" version="1" changeset="10048527" timestamp="2011-12-06T10:05:06Z" user="Vlad" uid="24247">
  <nd ref="1533872700"/>
  <nd ref="1533872761"/>
  <nd ref="1533872787"/>
  <nd ref="1533872697"/>
  <nd ref="1533872606"/>
  <nd ref="1533872700"/>
  <tag k="building" v="yes"/>
  <tag k="source" v="cadastre-dgi-fr source : Direction Générale des Impôts - Cadastre. Mise à jour : 2011"/>
  <tag k="wall" v="no"/>
 </way>
 <way id="139974926" visible="true" version="2" changeset="52398551" timestamp="2017-09-26T22:00:35Z" user="VinceBot" uid="2814778">
  <nd ref="1533872576"/>
  <nd ref="1533872571"/>
  <nd ref="1533872563"/>
  <nd ref="1533872531"/>
  <nd ref="1533872565"/>
  <nd ref="1533872576"/>
  <tag k="building" v="yes"/>
  <tag k="height" v="2"/>
  <tag k="source" v="cadastre-dgi-fr source : Direction Générale des Impôts - Cadastre. Mise à jour : 2011"/>
  <tag k="wall" v="no"/>
 </way>
 <way id="139974927" visible="true" version="2" changeset="52398551" timestamp="2017-09-26T22:00:35Z" user="VinceBot" uid="2814778">
  <nd ref="1533872602"/>
  <nd ref="1533872668"/>
  <nd ref="1533872624"/>
  <nd ref="1533872571"/>
  <nd ref="1533872576"/>
  <nd ref="1533872602"/>
  <tag k="building" v="yes"/>
  <tag k="height" v="8"/>
  <tag k="source" v="cadastre-dgi-fr source : Direction Générale des Impôts - Cadastre. Mise à jour : 2011"/>
 </way>
 <way id="139974931" visible="true" version="10" changeset="128962772" timestamp="2022-11-15T23:08:00Z" user="divulmappeur" uid="8490885">
  <nd ref="1533874376"/>
  <nd ref="1533874380"/>
  <nd ref="1533874284"/>
  <nd ref="1533874186"/>
  <nd ref="1533874361"/>
  <nd ref="1533874376"/>
  <tag k="building" v="university"/>
  <tag k="height" v="11"/>
  <tag k="name" v="TP Chimie"/>
  <tag k="name:fr" v="TP Chimie"/>
  <tag k="operator" v="Université Côte d'Azur"/>
  <tag k="operator:type" v="university"/>
  <tag k="source" v="cadastre-dgi-fr source : Direction Générale des Impôts - Cadastre. Mise à jour : 2011"/>
  <tag k="wheelchair" v="yes"/>
 </way>
 <way id="139974933" visible="true" version="1" changeset="10048527" timestamp="2011-12-06T10:05:08Z" user="Vlad" uid="24247">
  <nd ref="1533872679"/>
  <nd ref="1533872643"/>
  <nd ref="1533872607"/>
  <nd ref="1533872624"/>
  <nd ref="1533872668"/>
  <nd ref="1533872679"/>
  <tag k="building" v="yes"/>
  <tag k="source" v="cadastre-dgi-fr source : Direction Générale des Impôts - Cadastre. Mise à jour : 2011"/>
 </way>
 <way id="139974935" visible="true" version="10" changeset="128962772" timestamp="2022-11-15T23:08:00Z" user="divulmappeur" uid="8490885">
  <nd ref="1533874344"/>
  <nd ref="1533874322"/>
  <nd ref="1533874298"/>
  <nd ref="1533874396"/>
  <nd ref="1533874419"/>
  <nd ref="1533874344"/>
  <tag k="building" v="university"/>
  <tag k="height" v="21"/>
  <tag k="name" v="Chimie Recherche"/>
  <tag k="name:fr" v="Chimie Recherche"/>
  <tag k="operator" v="Université Côte d'Azur"/>
  <tag k="operator:type" v="university"/>
  <tag k="source" v="cadastre-dgi-fr source : Direction Générale des Impôts - Cadastre. Mise à jour : 2011"/>
  <tag k="wheelchair" v="yes"/>
 </way>
 <way id="139974940" visible="true" version="11" changeset="128962772" timestamp="2022-11-15T23:08:00Z" user="divulmappeur" uid="8490885">
  <nd ref="1533874107"/>
  <nd ref="1533874130"/>
  <nd ref="1533874160"/>
  <nd ref="1533874063"/>
  <nd ref="1533873805"/>
  <nd ref="1533873931"/>
  <nd ref="1533874107"/>
  <tag k="building" v="university"/>
  <tag k="height" v="7"/>
  <tag k="name" v="Amphi Chimie"/>
  <tag k="name:de" v="Aula Chemie"/>
  <tag k="name:fr" v="Amphi Chimie"/>
  <tag k="operator" v="Université Côte d'Azur"/>
  <tag k="operator:type" v="university"/>
  <tag k="source" v="cadastre-dgi-fr source : Direction Générale des Impôts - Cadastre. Mise à jour : 2011"/>
  <tag k="wheelchair" v="yes"/>
 </way>
 <way id="139974949" visible="true" version="2" changeset="52398551" timestamp="2017-09-26T22:00:30Z" user="VinceBot" uid="2814778">
  <nd ref="1533874218"/>
  <nd ref="1533874216"/>
  <nd ref="1533874205"/>
  <nd ref="1533874175"/>
  <nd ref="1533874171"/>
  <nd ref="1533874208"/>
  <nd ref="1533874268"/>
  <nd ref="1533874270"/>
  <nd ref="1533874218"/>
  <tag k="building" v="yes"/>
  <tag k="height" v="2"/>
  <tag k="source" v="cadastre-dgi-fr source : Direction Générale des Impôts - Cadastre. Mise à jour : 2011"/>
 </way>
 <way id="139974958" visible="true" version="2" changeset="45569550" timestamp="2017-01-27T18:16:55Z" user="MikoBert" uid="5209311">
  <nd ref="1533873700"/>
  <nd ref="1533873744"/>
  <nd ref="4638181572"/>
  <nd ref="1533873838"/>
  <nd ref="1533873898"/>
  <nd ref="1533873905"/>
  <nd ref="1533873876"/>
  <nd ref="1533873871"/>
  <nd ref="1533873819"/>
  <nd ref="1533873763"/>
  <nd ref="1533873700"/>
 </way>
 <way id="141225380" visible="true" version="2" changeset="52399394" timestamp="2017-09-26T23:04:42Z" user="VinceBot" uid="2814778">
  <nd ref="1545952731"/>
  <nd ref="1545952734"/>
  <nd ref="1545952743"/>
  <nd ref="1545952745"/>
  <nd ref="1545952753"/>
  <nd ref="1545952762"/>
  <nd ref="1545952716"/>
  <nd ref="1545952720"/>
  <nd ref="1545952695"/>
  <nd ref="1545952646"/>
  <nd ref="1545952644"/>
  <nd ref="1545952614"/>
  <nd ref="1545952611"/>
  <nd ref="1545952638"/>
  <nd ref="1545952635"/>
  <nd ref="1545952658"/>
  <nd ref="1545952669"/>
  <nd ref="1545952700"/>
  <nd ref="1545952697"/>
  <nd ref="1545952731"/>
  <tag k="addr:housenumber" v="26"/>
  <tag k="addr:street" v="Boulevard Prince de Galles"/>
  <tag k="building" v="yes"/>
  <tag k="height" v="15"/>
  <tag k="source" v="cadastre-dgi-fr source : Direction Générale des Impôts - Cadastre. Mise à jour : 2011"/>
 </way>
 <way id="141225383" visible="true" version="3" changeset="52399394" timestamp="2017-09-26T23:04:41Z" user="VinceBot" uid="2814778">
  <nd ref="1545951737"/>
  <nd ref="1545951741"/>
  <nd ref="1545951750"/>
  <nd ref="1545951755"/>
  <nd ref="1545951749"/>
  <nd ref="1545951754"/>
  <nd ref="1545951682"/>
  <nd ref="1545951672"/>
  <nd ref="1545951642"/>
  <nd ref="1545951634"/>
  <nd ref="1545951651"/>
  <nd ref="1545951676"/>
  <nd ref="1545951699"/>
  <nd ref="1545951692"/>
  <nd ref="1545951737"/>
  <tag k="addr:housename" v="Le Melrose"/>
  <tag k="addr:housenumber" v="1"/>
  <tag k="addr:street" v="Avenue du Puits"/>
  <tag k="building" v="yes"/>
  <tag k="height" v="11"/>
  <tag k="source" v="cadastre-dgi-fr source : Direction Générale des Impôts - Cadastre. Mise à jour : 2011"/>
 </way>
 <way id="141225384" visible="true" version="4" changeset="166796021" timestamp="2025-05-26T19:57:20Z" user="orhapsodos" uid="13118161">
  <nd ref="1545951731"/>
  <nd ref="1545951734"/>
  <nd ref="1545951745"/>
  <nd ref="1545951747"/>
  <nd ref="1545951763"/>
  <nd ref="1545951781"/>
  <nd ref="1545951711"/>
  <nd ref="1545951643"/>
  <nd ref="1545951674"/>
  <nd ref="1545951678"/>
  <nd ref="1545951731"/>
  <tag k="addr:housename" v="Le Puits d'Édith"/>
  <tag k="addr:housenumber" v="2"/>
  <tag k="addr:street" v="Avenue du Puit"/>
  <tag k="building" v="yes"/>
  <tag k="height" v="17"/>
  <tag k="source" v="cadastre-dgi-fr source : Direction Générale des Impôts - Cadastre. Mise à jour : 2011"/>
 </way>
 <way id="141225385" visible="true" version="2" changeset="52399394" timestamp="2017-09-26T23:04:40Z" user="VinceBot" uid="2814778">
  <nd ref="1545952428"/>
  <nd ref="1545952445"/>
  <nd ref="1545952444"/>
  <nd ref="1545952439"/>
  <nd ref="1545952436"/>
  <nd ref="1545952430"/>
  <nd ref="1545952427"/>
  <nd ref="1545952364"/>
  <nd ref="1545952337"/>
  <nd ref="1545952332"/>
  <nd ref="1545952406"/>
  <nd ref="1545952409"/>
  <nd ref="1545952428"/>
  <tag k="addr:housenumber" v="36"/>
  <tag k="building" v="yes"/>
  <tag k="height" v="24"/>
  <tag k="name" v="Le Senlis"/>
  <tag k="source" v="cadastre-dgi-fr source : Direction Générale des Impôts - Cadastre. Mise à jour : 2011"/>
 </way>
 <way id="141225390" visible="true" version="4" changeset="52399394" timestamp="2017-09-26T23:04:38Z" user="VinceBot" uid="2814778">
  <nd ref="1545952462"/>
  <nd ref="1545952513"/>
  <nd ref="1545952517"/>
  <nd ref="1545952788"/>
  <nd ref="1545952808"/>
  <nd ref="1545952528"/>
  <nd ref="1545952538"/>
  <nd ref="1545952516"/>
  <nd ref="1545952491"/>
  <nd ref="1545952480"/>
  <nd ref="1545952475"/>
  <nd ref="1545952483"/>
  <nd ref="1545952477"/>
  <nd ref="1545952464"/>
  <nd ref="1545952462"/>
  <tag k="addr:housename" v="Les Églantiers"/>
  <tag k="addr:housenumber" v="24"/>
  <tag k="addr:street" v="Boulevard Prince de Galles"/>
  <tag k="building" v="yes"/>
  <tag k="height" v="18"/>
  <tag k="source" v="cadastre-dgi-fr source : Direction Générale des Impôts - Cadastre. Mise à jour : 2011"/>
 </way>
 <way id="141225444" visible="true" version="2" changeset="52399394" timestamp="2017-09-26T23:04:15Z" user="VinceBot" uid="2814778">
  <nd ref="1545951542"/>
  <nd ref="1545951540"/>
  <nd ref="1545951541"/>
  <nd ref="1545951545"/>
  <nd ref="1545951546"/>
  <nd ref="1545951543"/>
  <nd ref="1545951539"/>
  <nd ref="1545951530"/>
  <nd ref="1545951528"/>
  <nd ref="1545951504"/>
  <nd ref="1545951507"/>
  <nd ref="1545951518"/>
  <nd ref="1545951521"/>
  <nd ref="1545951524"/>
  <nd ref="1545951525"/>
  <nd ref="1545951542"/>
  <tag k="building" v="yes"/>
  <tag k="height" v="13"/>
  <tag k="source" v="cadastre-dgi-fr source : Direction Générale des Impôts - Cadastre. Mise à jour : 2011"/>
 </way>
 <way id="141225481" visible="true" version="1" changeset="10117247" timestamp="2011-12-14T16:24:59Z" user="Vlad" uid="24247">
  <nd ref="1545951676"/>
  <nd ref="1545951651"/>
  <nd ref="1545951644"/>
  <nd ref="1545951662"/>
  <nd ref="1545951676"/>
  <tag k="building" v="yes"/>
  <tag k="source" v="cadastre-dgi-fr source : Direction Générale des Impôts - Cadastre. Mise à jour : 2011"/>
  <tag k="wall" v="no"/>
 </way>
 <way id="141225545" visible="true" version="2" changeset="52399394" timestamp="2017-09-26T23:03:41Z" user="VinceBot" uid="2814778">
  <nd ref="1545951800"/>
  <nd ref="1545951882"/>
  <nd ref="1545951948"/>
  <nd ref="1545951985"/>
  <nd ref="1545951913"/>
  <nd ref="1545951818"/>
  <nd ref="1545951800"/>
  <tag k="building" v="yes"/>
  <tag k="height" v="14"/>
  <tag k="source" v="cadastre-dgi-fr source : Direction Générale des Impôts - Cadastre. Mise à jour : 2011"/>
 </way>
 <way id="141225546" visible="true" version="2" changeset="52399394" timestamp="2017-09-26T23:03:40Z" user="VinceBot" uid="2814778">
  <nd ref="1545952480"/>
  <nd ref="1545952491"/>
  <nd ref="1545952516"/>
  <nd ref="1545952520"/>
  <nd ref="1545952487"/>
  <nd ref="1545952486"/>
  <nd ref="1545952480"/>
  <tag k="building" v="yes"/>
  <tag k="height" v="2"/>
  <tag k="source" v="cadastre-dgi-fr source : Direction Générale des Impôts - Cadastre. Mise à jour : 2011"/>
 </way>
 <way id="163433175" visible="true" version="8" changeset="157957968" timestamp="2024-10-16T10:36:21Z" user="haltef4" uid="24661">
  <nd ref="276839259"/>
  <nd ref="276839260"/>
  <nd ref="4638182158"/>
  <nd ref="276839261"/>
  <nd ref="5309176954"/>
  <nd ref="276839262"/>
  <nd ref="295560694"/>
  <tag k="highway" v="service"/>
  <tag k="oneway" v="yes"/>
  <tag k="service" v="driveway"/>
  <tag k="surface" v="asphalt"/>
 </way>
 <way id="164214560" visible="true" version="8" changeset="188319514" timestamp="2026-08-31T17:38:17Z" user="Lisapple" uid="16291142">
  <nd ref="276007645"/>
  <nd ref="276007666"/>
  <nd ref="13311009187"/>
  <nd ref="13311044831"/>
  <nd ref="13311009188"/>
  <nd ref="13311009195"/>
  <nd ref="276007646"/>
  <nd ref="13311009190"/>
  <nd ref="13311009189"/>
  <nd ref="13311009194"/>
  <nd ref="276007647"/>
  <nd ref="13311009193"/>
  <nd ref="13311044807"/>
  <nd ref="13311009191"/>
  <nd ref="13311044806"/>
  <nd ref="13311009192"/>
  <nd ref="13311044808"/>
  <nd ref="276007648"/>
  <nd ref="13311044810"/>
  <nd ref="276007649"/>
  <nd ref="13311044820"/>
  <nd ref="13311044819"/>
  <nd ref="13311044821"/>
  <nd ref="276007650"/>
  <nd ref="13311044812"/>
  <nd ref="13311044811"/>
  <nd ref="13311044813"/>
  <nd ref="276007651"/>
  <nd ref="13311044814"/>
  <nd ref="13311044818"/>
  <nd ref="276007652"/>
  <nd ref="13311044816"/>
  <nd ref="13311044815"/>
  <nd ref="13311044817"/>
  <nd ref="276007653"/>
  <nd ref="276007654"/>
  <nd ref="13311044832"/>
  <nd ref="276007655"/>
  <nd ref="13311044834"/>
  <nd ref="13311044833"/>
  <nd ref="13311044835"/>
  <nd ref="276007656"/>
  <nd ref="13311044837"/>
  <nd ref="13311044836"/>
  <nd ref="276007657"/>
  <nd ref="276007658"/>
  <tag k="highway" v="residential"/>
  <tag k="lane_markings" v="no"/>
  <tag k="maxspeed:type" v="FR:urban"/>
  <tag k="name" v="Avenue Edith Cavell"/>
  <tag k="name:etymology:wikidata" v="Q237564"/>
  <tag k="surface" v="asphalt"/>
 </way>
 <way id="164214588" visible="true" version="4" changeset="48064162" timestamp="2017-04-23T15:49:23Z" user="greecemapper" uid="23785">
  <nd ref="275661990"/>
  <nd ref="1758663187"/>
  <nd ref="2628293060"/>
  <nd ref="2628293058"/>
  <nd ref="2628293057"/>
  <nd ref="2628293059"/>
  <nd ref="1533871962"/>
  <nd ref="1533871960"/>
  <nd ref="296155460"/>
  <nd ref="4811703145"/>
  <nd ref="2628293061"/>
  <nd ref="2628293062"/>
  <nd ref="295689132"/>
  <nd ref="295689138"/>
  <nd ref="2628293065"/>
  <nd ref="296155465"/>
  <nd ref="295689114"/>
  <nd ref="1878323578"/>
  <nd ref="276007661"/>
  <tag k="boundary" v="political"/>
  <tag k="political_division" v="canton"/>
 </way>
 <way id="188087203" visible="true" version="1" changeset="13663343" timestamp="2012-10-28T16:01:29Z" user="sergio7826" uid="411998">
  <nd ref="1533874133"/>
  <nd ref="295560711"/>
  <nd ref="1987115990"/>
  <tag k="covered" v="yes"/>
  <tag k="highway" v="steps"/>
 </way>
 <way id="188087205" visible="true" version="1" changeset="13663343" timestamp="2012-10-28T16:01:29Z" user="sergio7826" uid="411998">
  <nd ref="1987115990"/>
  <nd ref="295560712"/>
  <nd ref="445774063"/>
  <nd ref="445774067"/>
  <nd ref="295560696"/>
  <tag k="highway" v="steps"/>
 </way>
 <way id="218682304" visible="true" version="1" changeset="15844891" timestamp="2013-04-24T05:59:24Z" user="nrjfmr" uid="901534">
  <nd ref="2279115645"/>
  <nd ref="2279115639"/>
  <nd ref="2279115636"/>
  <nd ref="2279115633"/>
  <nd ref="2279115635"/>
  <nd ref="2279115637"/>
  <nd ref="2279115638"/>
  <nd ref="2279115640"/>
  <nd ref="2279115641"/>
  <nd ref="2279115643"/>
  <nd ref="2279115647"/>
  <nd ref="2279115645"/>
  <tag k="access" v="private"/>
  <tag k="leisure" v="swimming_pool"/>
  <tag k="source" v="cadastre-dgi-fr source : Direction Générale des Impôts - Cadastre. Mise à jour : 2013"/>
 </way>
 <way id="218682351" visible="true" version="1" changeset="15844891" timestamp="2013-04-24T05:59:28Z" user="nrjfmr" uid="901534">
  <nd ref="2279115618"/>
  <nd ref="2279115620"/>
  <nd ref="2279115617"/>
  <nd ref="2279115615"/>
  <nd ref="2279115618"/>
  <tag k="access" v="private"/>
  <tag k="leisure" v="swimming_pool"/>
  <tag k="source" v="cadastre-dgi-fr source : Direction Générale des Impôts - Cadastre. Mise à jour : 2013"/>
 </way>
 <way id="218682388" visible="true" version="1" changeset="15844891" timestamp="2013-04-24T05:59:32Z" user="nrjfmr" uid="901534">
  <nd ref="2279115610"/>
  <nd ref="2279115605"/>
  <nd ref="2279115604"/>
  <nd ref="2279115607"/>
  <nd ref="2279115610"/>
  <tag k="access" v="private"/>
  <tag k="leisure" v="swimming_pool"/>
  <tag k="source" v="cadastre-dgi-fr source : Direction Générale des Impôts - Cadastre. Mise à jour : 2013"/>
 </way>
 <way id="218682411" visible="true" version="1" changeset="15844891" timestamp="2013-04-24T05:59:35Z" user="nrjfmr" uid="901534">
  <nd ref="2279115611"/>
  <nd ref="2279115609"/>
  <nd ref="2279115612"/>
  <nd ref="2279115613"/>
  <nd ref="2279115611"/>
  <tag k="access" v="private"/>
  <tag k="leisure" v="swimming_pool"/>
  <tag k="source" v="cadastre-dgi-fr source : Direction Générale des Impôts - Cadastre. Mise à jour : 2013"/>
 </way>
 <way id="218682412" visible="true" version="1" changeset="15844891" timestamp="2013-04-24T05:59:35Z" user="nrjfmr" uid="901534">
  <nd ref="2279115662"/>
  <nd ref="2279115659"/>
  <nd ref="2279115657"/>
  <nd ref="2279115658"/>
  <nd ref="2279115662"/>
  <tag k="access" v="private"/>
  <tag k="leisure" v="swimming_pool"/>
  <tag k="source" v="cadastre-dgi-fr source : Direction Générale des Impôts - Cadastre. Mise à jour : 2013"/>
 </way>
 <way id="218682448" visible="true" version="1" changeset="15844891" timestamp="2013-04-24T05:59:38Z" user="nrjfmr" uid="901534">
  <nd ref="2279115586"/>
  <nd ref="2279115589"/>
  <nd ref="2279115591"/>
  <nd ref="2279115587"/>
  <nd ref="2279115585"/>
  <nd ref="2279115586"/>
  <tag k="access" v="private"/>
  <tag k="leisure" v="swimming_pool"/>
  <tag k="source" v="cadastre-dgi-fr source : Direction Générale des Impôts - Cadastre. Mise à jour : 2013"/>
 </way>
 <way id="218682555" visible="true" version="1" changeset="15844891" timestamp="2013-04-24T05:59:49Z" user="nrjfmr" uid="901534">
  <nd ref="2279115478"/>
  <nd ref="2279115475"/>
  <nd ref="2279115473"/>
  <nd ref="2279115472"/>
  <nd ref="2279115474"/>
  <nd ref="2279115476"/>
  <nd ref="2279115477"/>
  <nd ref="2279115478"/>
  <tag k="access" v="private"/>
  <tag k="leisure" v="swimming_pool"/>
  <tag k="source" v="cadastre-dgi-fr source : Direction Générale des Impôts - Cadastre. Mise à jour : 2013"/>
 </way>
 <way id="218682597" visible="true" version="1" changeset="15844891" timestamp="2013-04-24T05:59:54Z" user="nrjfmr" uid="901534">
  <nd ref="2279115652"/>
  <nd ref="2279115653"/>
  <nd ref="2279115648"/>
  <nd ref="2279115634"/>
  <nd ref="2279115630"/>
  <nd ref="2279115632"/>
  <nd ref="2279115642"/>
  <nd ref="2279115651"/>
  <nd ref="2279115655"/>
  <nd ref="2279115652"/>
  <tag k="access" v="private"/>
  <tag k="leisure" v="swimming_pool"/>
  <tag k="source" v="cadastre-dgi-fr source : Direction Générale des Impôts - Cadastre. Mise à jour : 2013"/>
 </way>
 <way id="257231875" visible="true" version="19" changeset="186248596" timestamp="2026-07-23T17:30:50Z" user="Lisapple" uid="16291142">
  <nd ref="296155460"/>
  <nd ref="4811703145"/>
  <nd ref="2628293061"/>
  <nd ref="2628293062"/>
  <nd ref="295689132"/>
  <nd ref="295689138"/>
  <nd ref="2628293065"/>
  <nd ref="296155465"/>
  <nd ref="295689114"/>
  <nd ref="445774057"/>
  <nd ref="1533872352"/>
  <nd ref="1533872365"/>
  <nd ref="2628293066"/>
  <nd ref="2628293068"/>
  <nd ref="2628293075"/>
  <nd ref="2628293081"/>
  <nd ref="1533872718"/>
  <nd ref="1533872765"/>
  <nd ref="2628293088"/>
  <nd ref="2628293082"/>
  <nd ref="1533872679"/>
  <nd ref="1533872668"/>
  <nd ref="1533872602"/>
  <nd ref="2628293105"/>
  <nd ref="2628293106"/>
  <nd ref="2628293107"/>
  <nd ref="2628293110"/>
  <nd ref="2628293122"/>
  <nd ref="2628293130"/>
  <nd ref="2628293131"/>
  <nd ref="2628293135"/>
  <nd ref="2628293137"/>
  <nd ref="2628293134"/>
  <nd ref="2628293133"/>
  <nd ref="2628293132"/>
  <nd ref="2628293136"/>
  <nd ref="2628293143"/>
  <nd ref="2628293141"/>
  <nd ref="2628293142"/>
  <nd ref="2628293144"/>
  <nd ref="2628293145"/>
  <nd ref="2628293146"/>
  <nd ref="2628293147"/>
  <nd ref="2628293148"/>
  <nd ref="8458683235"/>
  <nd ref="2628293149"/>
  <nd ref="2628293150"/>
  <nd ref="1533874133"/>
  <nd ref="1533874151"/>
  <nd ref="1533874178"/>
  <nd ref="2628293152"/>
  <nd ref="2628293151"/>
  <nd ref="2628293153"/>
  <nd ref="2628293154"/>
  <nd ref="2628293155"/>
  <nd ref="2628293156"/>
  <nd ref="8458683222"/>
  <nd ref="2628293177"/>
  <nd ref="2628293179"/>
  <nd ref="2628293180"/>
  <nd ref="2628293182"/>
  <nd ref="2628293187"/>
  <nd ref="2628293189"/>
  <nd ref="2628293200"/>
  <nd ref="2628293204"/>
  <nd ref="2628293206"/>
  <nd ref="2628293202"/>
  <nd ref="2628293191"/>
  <nd ref="2628293190"/>
  <nd ref="2628293196"/>
  <nd ref="2628293198"/>
  <nd ref="2628293207"/>
  <nd ref="2628293208"/>
  <nd ref="2628293209"/>
  <nd ref="2628293210"/>
  <nd ref="2628293211"/>
  <nd ref="2628293212"/>
  <nd ref="8206074940"/>
  <nd ref="4423581789"/>
  <nd ref="8206074939"/>
  <nd ref="2628293213"/>
  <nd ref="2628293188"/>
  <nd ref="2628293186"/>
  <nd ref="2628293185"/>
  <nd ref="2628293184"/>
  <nd ref="2628293183"/>
  <nd ref="2628293181"/>
  <nd ref="2628293178"/>
  <nd ref="2628293176"/>
  <nd ref="2628293175"/>
  <nd ref="5725490245"/>
  <nd ref="2628293140"/>
  <nd ref="2628293139"/>
  <nd ref="2628293138"/>
  <nd ref="2628293104"/>
  <nd ref="1533872717"/>
  <nd ref="1533872609"/>
  <nd ref="2628293080"/>
  <nd ref="2628293079"/>
  <nd ref="2628293078"/>
  <nd ref="2628293076"/>
  <nd ref="2628293074"/>
  <nd ref="2628293073"/>
  <nd ref="2628293072"/>
  <nd ref="2628293071"/>
  <nd ref="2628293070"/>
  <nd ref="2628293063"/>
  <nd ref="1758663187"/>
  <nd ref="2628293060"/>
  <nd ref="2628293058"/>
  <nd ref="2628293057"/>
  <nd ref="2628293059"/>
  <nd ref="1533871962"/>
  <nd ref="1533871960"/>
  <nd ref="296155460"/>
  <tag k="addr:housenumber" v="81"/>
  <tag k="addr:street" v="Avenue Valrose"/>
  <tag k="amenity" v="university"/>
  <tag k="description" v="Campus Valrose - Sciences"/>
  <tag k="heritage" v="2"/>
  <tag k="heritage:operator" v="mhs"/>
  <tag k="mhs:inscription_date" v="1991-07-22"/>
  <tag k="name" v="Parc Valrose - Université Côte d'Azur - Faculté des Sciences"/>
  <tag k="old_name" v="Châteaux de Valrose"/>
  <tag k="operator" v="Université Côte d'Azur"/>
  <tag k="operator:type" v="university"/>
  <tag k="ref:FR:NAF" v="85.42Z"/>
  <tag k="ref:FR:SIREN" v="130025661"/>
  <tag k="ref:FR:SIRET" v="13002566100013"/>
  <tag k="ref:mhs" v="PA00080785"/>
  <tag k="ref:UAI" v="0061076M"/>
  <tag k="source" v="INSEE - 2026-07"/>
  <tag k="source:heritage" v="Ministère de la Culture - 06/2019"/>
  <tag k="start_date" v="1965"/>
  <tag k="wheelchair" v="yes"/>
  <tag k="wikidata" v="Q2970898"/>
  <tag k="wikipedia" v="fr:Parc et Château de Valrose"/>
 </way>
 <way id="257231884" visible="true" version="4" changeset="173282837" timestamp="2025-10-14T16:31:39Z" user="divulmappeur" uid="8490885">
  <nd ref="2628293064"/>
  <nd ref="2628293067"/>
  <nd ref="2628293069"/>
  <tag k="highway" v="residential"/>
  <tag k="lane_markings" v="no"/>
  <tag k="noname" v="yes"/>
  <tag k="surface" v="asphalt"/>
 </way>
 <way id="257231885" visible="true" version="2" changeset="48064162" timestamp="2017-04-23T15:49:24Z" user="greecemapper" uid="23785">
  <nd ref="1533871960"/>
  <nd ref="296155460"/>
  <nd ref="4811703145"/>
  <nd ref="2628293061"/>
  <nd ref="2628293062"/>
  <nd ref="295689132"/>
  <nd ref="295689138"/>
  <nd ref="2628293065"/>
  <nd ref="296155465"/>
  <nd ref="295689114"/>
  <nd ref="445774057"/>
  <nd ref="1533872352"/>
  <tag k="barrier" v="wall"/>
 </way>
 <way id="257231886" visible="true" version="1" changeset="20081651" timestamp="2014-01-19T10:08:15Z" user="zerpou" uid="1238664">
  <nd ref="1533872609"/>
  <nd ref="2628293080"/>
  <nd ref="2628293079"/>
  <nd ref="2628293078"/>
  <nd ref="2628293077"/>
  <nd ref="2628293076"/>
  <nd ref="2628293074"/>
  <nd ref="2628293073"/>
  <nd ref="2628293072"/>
  <nd ref="2628293071"/>
  <nd ref="2628293070"/>
  <nd ref="2628293063"/>
  <nd ref="1758663187"/>
  <tag k="barrier" v="wall"/>
 </way>
 <way id="257231888" visible="true" version="1" changeset="20081651" timestamp="2014-01-19T10:08:15Z" user="zerpou" uid="1238664">
  <nd ref="2628293088"/>
  <nd ref="2628293136"/>
  <tag k="barrier" v="wall"/>
 </way>
 <way id="257231891" visible="true" version="3" changeset="115585304" timestamp="2021-12-30T22:37:02Z" user="divulmappeur" uid="8490885">
  <nd ref="2628293152"/>
  <nd ref="2628293151"/>
  <nd ref="2628293153"/>
  <nd ref="2628293154"/>
  <nd ref="2628293155"/>
  <nd ref="2628293156"/>
  <nd ref="8458683222"/>
  <nd ref="2628293177"/>
  <nd ref="2628293179"/>
  <nd ref="2628293180"/>
  <nd ref="2628293182"/>
  <nd ref="2628293187"/>
  <nd ref="2628293189"/>
  <nd ref="2628293200"/>
  <nd ref="2628293204"/>
  <nd ref="2628293206"/>
  <nd ref="2628293202"/>
  <nd ref="1533313699"/>
  <tag k="barrier" v="wall"/>
 </way>
 <way id="257231892" visible="true" version="2" changeset="99995835" timestamp="2021-02-25T18:05:36Z" user="divulmappeur" uid="8490885">
  <nd ref="1533872602"/>
  <nd ref="2628293105"/>
  <nd ref="2628293106"/>
  <nd ref="2628293107"/>
  <nd ref="2628293110"/>
  <nd ref="2628293122"/>
  <nd ref="2628293130"/>
  <nd ref="2628293131"/>
  <nd ref="2628293135"/>
  <nd ref="2628293137"/>
  <nd ref="2628293134"/>
  <nd ref="2628293133"/>
  <nd ref="2628293132"/>
  <nd ref="2628293136"/>
  <nd ref="2628293143"/>
  <nd ref="2628293141"/>
  <nd ref="2628293142"/>
  <nd ref="2628293144"/>
  <nd ref="2628293145"/>
  <nd ref="2628293146"/>
  <nd ref="2628293147"/>
  <nd ref="2628293148"/>
  <nd ref="8458683235"/>
  <nd ref="2628293149"/>
  <nd ref="2628293150"/>
  <tag k="barrier" v="wall"/>
 </way>
 <way id="257231893" visible="true" version="1" changeset="20081651" timestamp="2014-01-19T10:08:16Z" user="zerpou" uid="1238664">
  <nd ref="1533874151"/>
  <nd ref="1533874164"/>
  <nd ref="1533874178"/>
  <tag k="barrier" v="wall"/>
 </way>
 <way id="257231895" visible="true" version="6" changeset="115585304" timestamp="2021-12-30T22:37:02Z" user="divulmappeur" uid="8490885">
  <nd ref="2628293202"/>
  <nd ref="2628293191"/>
  <nd ref="2628293190"/>
  <nd ref="2628293196"/>
  <nd ref="2628293198"/>
  <nd ref="2628293207"/>
  <nd ref="2628293208"/>
  <nd ref="2628293209"/>
  <nd ref="2628293210"/>
  <nd ref="2628293211"/>
  <nd ref="2628293212"/>
  <nd ref="8206074940"/>
  <nd ref="4423581789"/>
  <nd ref="8206074939"/>
  <nd ref="2628293213"/>
  <nd ref="2628293188"/>
  <nd ref="2628293186"/>
  <nd ref="2628293185"/>
  <nd ref="2628293184"/>
  <nd ref="2628293183"/>
  <nd ref="2628293181"/>
  <nd ref="2628293178"/>
  <nd ref="2628293176"/>
  <nd ref="2628293175"/>
  <nd ref="5725490245"/>
  <nd ref="2628293140"/>
  <nd ref="2628293139"/>
  <nd ref="2628293138"/>
  <nd ref="2628293104"/>
  <nd ref="1533872717"/>
  <tag k="barrier" v="wall"/>
 </way>
 <way id="257231897" visible="true" version="1" changeset="20081651" timestamp="2014-01-19T10:08:16Z" user="zerpou" uid="1238664">
  <nd ref="1533872765"/>
  <nd ref="2628293088"/>
  <nd ref="2628293082"/>
  <nd ref="1533872679"/>
  <tag k="barrier" v="wall"/>
 </way>
 <way id="257231899" visible="true" version="1" changeset="20081651" timestamp="2014-01-19T10:08:16Z" user="zerpou" uid="1238664">
  <nd ref="1533872365"/>
  <nd ref="2628293066"/>
  <nd ref="2628293068"/>
  <nd ref="2628293075"/>
  <nd ref="2628293081"/>
  <nd ref="1533872718"/>
  <tag k="barrier" v="wall"/>
 </way>
 <way id="315713341" visible="true" version="4" changeset="155916217" timestamp="2024-08-29T08:43:31Z" user="Pyb" uid="150474">
  <nd ref="3218446480"/>
  <nd ref="8206074945"/>
  <nd ref="3218446481"/>
  <nd ref="3218446482"/>
  <tag k="access" v="permit"/>
  <tag k="highway" v="service"/>
  <tag k="service" v="parking_aisle"/>
  <tag k="surface" v="asphalt"/>
 </way>
 <way id="315713345" visible="true" version="13" changeset="185803109" timestamp="2026-07-15T18:39:45Z" user="Lisapple" uid="16291142">
  <nd ref="25743615"/>
  <nd ref="25743594"/>
  <nd ref="25743595"/>
  <nd ref="25743596"/>
  <nd ref="9632952356"/>
  <nd ref="25743597"/>
  <nd ref="25743598"/>
  <nd ref="9632952357"/>
  <nd ref="25743599"/>
  <nd ref="9632952358"/>
  <nd ref="25743600"/>
  <nd ref="25743601"/>
  <nd ref="25743602"/>
  <nd ref="6984373972"/>
  <nd ref="8206074918"/>
  <nd ref="25743603"/>
  <nd ref="2920655862"/>
  <nd ref="9632952360"/>
  <nd ref="9632952361"/>
  <nd ref="25743604"/>
  <nd ref="9632952359"/>
  <nd ref="250312485"/>
  <nd ref="250312486"/>
  <nd ref="6984373970"/>
  <nd ref="250312487"/>
  <nd ref="250312489"/>
  <nd ref="7886979753"/>
  <nd ref="250312491"/>
  <nd ref="25744222"/>
  <tag k="cycleway:both" v="no"/>
  <tag k="highway" v="tertiary"/>
  <tag k="name" v="Avenue de Brancolar"/>
  <tag k="parking:both" v="no"/>
  <tag k="ref:FR:FANTOIR" v="060880950"/>
  <tag k="surface" v="asphalt"/>
 </way>
 <way id="329821820" visible="true" version="10" changeset="186309066" timestamp="2026-07-24T17:26:06Z" user="Lisapple" uid="16291142">
  <nd ref="25744222"/>
  <nd ref="9786472501"/>
  <nd ref="250312493"/>
  <nd ref="9632952362"/>
  <nd ref="6984373969"/>
  <nd ref="2920638884"/>
  <nd ref="250312494"/>
  <tag k="cycleway:both" v="no"/>
  <tag k="highway" v="tertiary"/>
  <tag k="lanes" v="2"/>
  <tag k="name" v="Avenue de Brancolar"/>
  <tag k="ref:FR:FANTOIR" v="060880950"/>
  <tag k="surface" v="asphalt"/>
 </way>
 <way id="351227720" visible="true" version="2" changeset="89272654" timestamp="2020-08-11T23:47:01Z" user="divulmappeur" uid="8490885">
  <nd ref="1533874082"/>
  <nd ref="7805118255"/>
  <nd ref="7805118256"/>
  <nd ref="7805118257"/>
  <nd ref="7805118258"/>
  <nd ref="7805118259"/>
  <nd ref="7805118260"/>
  <nd ref="3569786697"/>
  <nd ref="7805118261"/>
  <nd ref="3569786696"/>
  <tag k="highway" v="steps"/>
 </way>
 <way id="351227721" visible="true" version="2" changeset="45569550" timestamp="2017-01-27T18:16:56Z" user="MikoBert" uid="5209311">
  <nd ref="3569786696"/>
  <nd ref="3569786695"/>
  <nd ref="4638181579"/>
  <nd ref="3569786694"/>
  <tag k="highway" v="footway"/>
 </way>
 <way id="363728808" visible="true" version="5" changeset="156070342" timestamp="2024-09-01T19:52:31Z" user="Pyb" uid="150474">
  <nd ref="3678684431"/>
  <nd ref="3678684447"/>
  <nd ref="3678684449"/>
  <nd ref="3678684455"/>
  <nd ref="3678684453"/>
  <nd ref="3678684497"/>
  <nd ref="3678684498"/>
  <nd ref="3678684495"/>
  <nd ref="3678684496"/>
  <nd ref="3678684491"/>
  <nd ref="3678684493"/>
  <nd ref="3678684487"/>
  <nd ref="3678684486"/>
  <nd ref="3678684478"/>
  <nd ref="3678684479"/>
  <nd ref="3678684472"/>
  <nd ref="3678684474"/>
  <nd ref="3678684468"/>
  <nd ref="3678684467"/>
  <nd ref="3678684462"/>
  <nd ref="3678684461"/>
  <nd ref="3678684458"/>
  <nd ref="3678684457"/>
  <nd ref="3678684451"/>
  <nd ref="3678684450"/>
  <nd ref="3678684446"/>
  <nd ref="3678684445"/>
  <nd ref="3678684442"/>
  <nd ref="3678684441"/>
  <nd ref="3678684437"/>
  <nd ref="3678684436"/>
  <nd ref="3678684433"/>
  <nd ref="3678684432"/>
  <nd ref="3678684427"/>
  <nd ref="3678684323"/>
  <nd ref="3678684318"/>
  <nd ref="3678684316"/>
  <nd ref="3678684311"/>
  <nd ref="3678684308"/>
  <nd ref="3678684304"/>
  <nd ref="3678684300"/>
  <nd ref="3678684295"/>
  <nd ref="3678684290"/>
  <nd ref="3678684285"/>
  <nd ref="3678684281"/>
  <nd ref="3678684278"/>
  <nd ref="3678684276"/>
  <nd ref="3678684272"/>
  <nd ref="3678684270"/>
  <nd ref="3678684267"/>
  <nd ref="3678684264"/>
  <nd ref="3678684261"/>
  <nd ref="3678684260"/>
  <nd ref="3678684257"/>
  <nd ref="3678684255"/>
  <nd ref="3678684253"/>
  <nd ref="3678684251"/>
  <nd ref="3678684250"/>
  <nd ref="3678684248"/>
  <nd ref="3678684246"/>
  <nd ref="3678684245"/>
  <nd ref="3678684243"/>
  <nd ref="3678684240"/>
  <nd ref="3678684239"/>
  <nd ref="3678684241"/>
  <nd ref="3678684242"/>
  <nd ref="3678684244"/>
  <nd ref="3678684247"/>
  <nd ref="3678684249"/>
  <nd ref="3678684252"/>
  <nd ref="3678684254"/>
  <nd ref="3678684256"/>
  <nd ref="3678684259"/>
  <nd ref="3678684262"/>
  <nd ref="3678684265"/>
  <nd ref="3678684269"/>
  <nd ref="3678684271"/>
  <nd ref="3678684275"/>
  <nd ref="3678684277"/>
  <nd ref="3678684280"/>
  <nd ref="3678684284"/>
  <nd ref="3678684289"/>
  <nd ref="3678684293"/>
  <nd ref="3678684298"/>
  <nd ref="3678684302"/>
  <nd ref="3678684307"/>
  <nd ref="3678684310"/>
  <nd ref="3678684313"/>
  <nd ref="3678684317"/>
  <nd ref="3678684319"/>
  <nd ref="3678684321"/>
  <nd ref="3678684322"/>
  <nd ref="3678684426"/>
  <nd ref="3678684428"/>
  <nd ref="3678684430"/>
  <nd ref="3678684431"/>
  <tag k="amenity" v="library"/>
  <tag k="building" v="university"/>
  <tag k="check_date" v="2024-09-01"/>
  <tag k="height" v="12"/>
  <tag k="name" v="Bibliothèque universitaire"/>
  <tag k="name:de" v="Universitätsbibliothek"/>
  <tag k="name:en" v="University Library"/>
  <tag k="name:fr" v="Bibliothèque universitaire"/>
  <tag k="operator" v="Université Côte d'Azur"/>
  <tag k="operator:type" v="university"/>
  <tag k="source" v="cadastre-dgi-fr source : Direction Générale des Impôts - Cadastre. Mise à jour : 2011"/>
  <tag k="website" v="https://bu.univ-cotedazur.fr/fr/bibliotheques/bu-sciences"/>
  <tag k="wheelchair" v="yes"/>
 </way>
 <way id="363728809" visible="true" version="11" changeset="154644106" timestamp="2024-07-31T11:18:23Z" user="merylstreet" uid="1159672">
  <nd ref="3678684465"/>
  <nd ref="3678684471"/>
  <nd ref="3678684480"/>
  <nd ref="3678684485"/>
  <nd ref="3678684490"/>
  <nd ref="3678684494"/>
  <nd ref="3678684492"/>
  <nd ref="3678684488"/>
  <nd ref="3678684482"/>
  <nd ref="3678684476"/>
  <nd ref="3678684469"/>
  <nd ref="3678684464"/>
  <nd ref="3678684460"/>
  <nd ref="3678684454"/>
  <nd ref="3678684444"/>
  <nd ref="3678684439"/>
  <nd ref="3678684434"/>
  <nd ref="3678684324"/>
  <nd ref="3678684314"/>
  <nd ref="3678684306"/>
  <nd ref="3678684299"/>
  <nd ref="3678684294"/>
  <nd ref="3678684288"/>
  <nd ref="3678684286"/>
  <nd ref="3678684282"/>
  <nd ref="3678684283"/>
  <nd ref="3678684287"/>
  <nd ref="3678684291"/>
  <nd ref="3678684296"/>
  <nd ref="3678684303"/>
  <nd ref="3678684292"/>
  <nd ref="3678684297"/>
  <nd ref="3678684301"/>
  <nd ref="3678684305"/>
  <nd ref="3678684309"/>
  <nd ref="3678684312"/>
  <nd ref="3678684315"/>
  <nd ref="3678684320"/>
  <nd ref="3678684425"/>
  <nd ref="3678684429"/>
  <nd ref="3678684435"/>
  <nd ref="3678684438"/>
  <nd ref="3678684440"/>
  <nd ref="3678684443"/>
  <nd ref="3678684448"/>
  <nd ref="3678684452"/>
  <nd ref="3678684456"/>
  <nd ref="3678684459"/>
  <nd ref="3678684463"/>
  <nd ref="3678684466"/>
  <nd ref="3678684470"/>
  <nd ref="3678684473"/>
  <nd ref="3678684477"/>
  <nd ref="7805104465"/>
  <nd ref="3678684465"/>
  <tag k="addr:housenumber" v="96"/>
  <tag k="addr:street" v="Avenue Valrose"/>
  <tag k="amenity" v="restaurant"/>
  <tag k="building" v="yes"/>
  <tag k="height" v="14"/>
  <tag k="name" v="Resto U Montebello"/>
  <tag k="name:en" v="university restaurant Montebello"/>
  <tag k="name:fr" v="Resto U Montebello"/>
  <tag k="opening_hours" v="Mo-Fr 11:30-13:45"/>
  <tag k="operator" v="CROUS"/>
  <tag k="phone" v="+33 4 92 07 77 17"/>
  <tag k="ref:FR:SIRET" v="18060004100032"/>
  <tag k="source" v="cadastre-dgi-fr source : Direction Générale des Impôts - Cadastre. Mise à jour : 2011"/>
  <tag k="website" v="https://www.crous-nice.fr/restaurant/resto-u-montebello/"/>
 </way>
 <way id="363728810" visible="true" version="3" changeset="57838743" timestamp="2018-04-05T15:13:23Z" user="rusefkuma" uid="7637564">
  <nd ref="3678684229"/>
  <nd ref="3678684233"/>
  <nd ref="3678684232"/>
  <nd ref="3678684235"/>
  <nd ref="3678684234"/>
  <nd ref="3678684230"/>
  <nd ref="3678684227"/>
  <nd ref="3678684225"/>
  <nd ref="3678684226"/>
  <nd ref="3678684228"/>
  <nd ref="3678684229"/>
 </way>
 <way id="363728811" visible="true" version="1" changeset="33065648" timestamp="2015-08-03T10:15:23Z" user="PipoCanaja" uid="1872287">
  <nd ref="3678684475"/>
  <nd ref="3678684481"/>
  <nd ref="3678684489"/>
  <nd ref="3678684483"/>
  <nd ref="3678684475"/>
  <tag k="building" v="yes"/>
  <tag k="source" v="cadastre-dgi-fr source : Direction Générale des Finances Publiques - Cadastre. Mise à jour : 2015"/>
 </way>
 <way id="363728812" visible="true" version="1" changeset="33065648" timestamp="2015-08-03T10:15:23Z" user="PipoCanaja" uid="1872287">
  <nd ref="3678684239"/>
  <nd ref="3678684240"/>
  <nd ref="3678684238"/>
  <nd ref="3678684237"/>
  <nd ref="3678684239"/>
  <tag k="building" v="yes"/>
  <tag k="source" v="cadastre-dgi-fr source : Direction Générale des Finances Publiques - Cadastre. Mise à jour : 2015"/>
  <tag k="wall" v="no"/>
 </way>
 <way id="363728813" visible="true" version="4" changeset="128962772" timestamp="2022-11-15T23:08:00Z" user="divulmappeur" uid="8490885">
  <nd ref="3678684229"/>
  <nd ref="7805118196"/>
  <nd ref="10187074324"/>
  <nd ref="3678684236"/>
  <nd ref="7805118195"/>
  <nd ref="3678684233"/>
  <nd ref="3678684229"/>
  <tag k="building" v="yes"/>
  <tag k="height" v="2"/>
  <tag k="source" v="cadastre-dgi-fr source : Direction Générale des Finances Publiques - Cadastre. Mise à jour : 2015"/>
  <tag k="wall" v="no"/>
 </way>
 <way id="363728816" visible="true" version="1" changeset="33065648" timestamp="2015-08-03T10:15:23Z" user="PipoCanaja" uid="1872287">
  <nd ref="3678684268"/>
  <nd ref="3678684273"/>
  <nd ref="3678684279"/>
  <nd ref="3678684274"/>
  <nd ref="3678684268"/>
  <tag k="building" v="yes"/>
  <tag k="source" v="cadastre-dgi-fr source : Direction Générale des Finances Publiques - Cadastre. Mise à jour : 2015"/>
 </way>
 <way id="363728818" visible="true" version="2" changeset="52401155" timestamp="2017-09-27T01:49:21Z" user="VinceBot" uid="2814778">
  <nd ref="3678684258"/>
  <nd ref="3678684266"/>
  <nd ref="3678684273"/>
  <nd ref="3678684268"/>
  <nd ref="3678684263"/>
  <nd ref="3678684258"/>
  <tag k="building" v="yes"/>
  <tag k="height" v="20"/>
  <tag k="source" v="cadastre-dgi-fr source : Direction Générale des Finances Publiques - Cadastre. Mise à jour : 2015"/>
  <tag k="wall" v="no"/>
 </way>
 <way id="363729913" visible="true" version="4" changeset="89272654" timestamp="2020-08-11T23:47:01Z" user="divulmappeur" uid="8490885">
  <nd ref="3678693198"/>
  <nd ref="3678693191"/>
  <nd ref="3678693183"/>
  <nd ref="3678693175"/>
  <nd ref="3678693168"/>
  <nd ref="3678693162"/>
  <nd ref="3678693157"/>
  <nd ref="3678693152"/>
  <nd ref="3678693145"/>
  <nd ref="3678693140"/>
  <nd ref="3678693135"/>
  <nd ref="3678693129"/>
  <nd ref="3678691523"/>
  <nd ref="3678691518"/>
  <nd ref="3678691517"/>
  <nd ref="3678691500"/>
  <nd ref="3678691509"/>
  <nd ref="3678691507"/>
  <nd ref="3678691503"/>
  <nd ref="3678691495"/>
  <nd ref="3678691498"/>
  <nd ref="3678691504"/>
  <nd ref="3678691510"/>
  <nd ref="3678691515"/>
  <nd ref="3678691520"/>
  <nd ref="3678693126"/>
  <nd ref="3678693132"/>
  <nd ref="3678693137"/>
  <nd ref="3678693142"/>
  <nd ref="3678693147"/>
  <nd ref="3678693153"/>
  <nd ref="3678693159"/>
  <nd ref="3678693164"/>
  <nd ref="3678693171"/>
  <nd ref="3678693177"/>
  <nd ref="3678693188"/>
  <nd ref="3678693211"/>
  <nd ref="3678693213"/>
  <nd ref="3678693216"/>
  <nd ref="3678693218"/>
  <nd ref="3678693217"/>
  <nd ref="3678693198"/>
  <tag k="building" v="dormitory"/>
  <tag k="height" v="17"/>
  <tag k="name" v="Résidence universitaire Montebello"/>
  <tag k="operator" v="CROUS"/>
  <tag k="source" v="cadastre-dgi-fr source : Direction Générale des Impôts - Cadastre. Mise à jour : 2009"/>
 </way>
 <way id="363729914" visible="true" version="4" changeset="89272654" timestamp="2020-08-11T23:47:01Z" user="divulmappeur" uid="8490885">
  <nd ref="3678693190"/>
  <nd ref="3678693187"/>
  <nd ref="3678693184"/>
  <nd ref="3678693178"/>
  <nd ref="3678693174"/>
  <nd ref="3678693169"/>
  <nd ref="3678693165"/>
  <nd ref="3678693161"/>
  <nd ref="3678693158"/>
  <nd ref="3678693155"/>
  <nd ref="3678693151"/>
  <nd ref="3678693149"/>
  <nd ref="3678693144"/>
  <nd ref="3678693141"/>
  <nd ref="3678693138"/>
  <nd ref="3678693134"/>
  <nd ref="3678693131"/>
  <nd ref="3678693127"/>
  <nd ref="3678693125"/>
  <nd ref="3678691519"/>
  <nd ref="3678691516"/>
  <nd ref="3678691514"/>
  <nd ref="3678691511"/>
  <nd ref="3678691505"/>
  <nd ref="3678691499"/>
  <nd ref="3678691497"/>
  <nd ref="3678691494"/>
  <nd ref="3678691496"/>
  <nd ref="3678691501"/>
  <nd ref="3678691506"/>
  <nd ref="3678691492"/>
  <nd ref="3678691488"/>
  <nd ref="3678691490"/>
  <nd ref="3678691491"/>
  <nd ref="3678691493"/>
  <nd ref="3678691502"/>
  <nd ref="3678691513"/>
  <nd ref="3678691521"/>
  <nd ref="3678691524"/>
  <nd ref="3678693128"/>
  <nd ref="3678693130"/>
  <nd ref="3678693133"/>
  <nd ref="3678693136"/>
  <nd ref="3678693139"/>
  <nd ref="3678693143"/>
  <nd ref="3678693146"/>
  <nd ref="3678693148"/>
  <nd ref="3678693150"/>
  <nd ref="3678693154"/>
  <nd ref="3678693156"/>
  <nd ref="3678693160"/>
  <nd ref="3678693163"/>
  <nd ref="3678693166"/>
  <nd ref="3678693170"/>
  <nd ref="3678693173"/>
  <nd ref="3678693176"/>
  <nd ref="3678693179"/>
  <nd ref="3678693185"/>
  <nd ref="3678693189"/>
  <nd ref="3678693193"/>
  <nd ref="3678693195"/>
  <nd ref="3678693197"/>
  <nd ref="3678693206"/>
  <nd ref="3678693207"/>
  <nd ref="3678693205"/>
  <nd ref="3678693190"/>
  <tag k="building" v="dormitory"/>
  <tag k="height" v="16"/>
  <tag k="name" v="Résidence universitaire Montebello"/>
  <tag k="operator" v="CROUS"/>
  <tag k="source" v="cadastre-dgi-fr source : Direction Générale des Impôts - Cadastre. Mise à jour : 2009"/>
 </way>
 <way id="363729915" visible="true" version="2" changeset="52401118" timestamp="2017-09-27T01:44:37Z" user="VinceBot" uid="2814778">
  <nd ref="3678693340"/>
  <nd ref="3678693335"/>
  <nd ref="3678693331"/>
  <nd ref="3678693223"/>
  <nd ref="3678693209"/>
  <nd ref="3678693203"/>
  <nd ref="3678693194"/>
  <nd ref="3678693180"/>
  <nd ref="3678693181"/>
  <nd ref="3678693192"/>
  <nd ref="3678693172"/>
  <nd ref="3678693199"/>
  <nd ref="3678693182"/>
  <nd ref="3678693200"/>
  <nd ref="3678693202"/>
  <nd ref="3678693215"/>
  <nd ref="3678693224"/>
  <nd ref="3678693325"/>
  <nd ref="3678693329"/>
  <nd ref="3678693330"/>
  <nd ref="3678693334"/>
  <nd ref="3678693333"/>
  <nd ref="3678693339"/>
  <nd ref="3678693338"/>
  <nd ref="3678693340"/>
  <tag k="building" v="yes"/>
  <tag k="height" v="13"/>
  <tag k="source" v="cadastre-dgi-fr source : Direction Générale des Finances Publiques - Cadastre. Mise à jour : 2015"/>
 </way>
 <way id="363729916" visible="true" version="1" changeset="33065812" timestamp="2015-08-03T10:21:56Z" user="PipoCanaja" uid="1872287">
  <nd ref="3678693203"/>
  <nd ref="3678693209"/>
  <nd ref="3678693222"/>
  <nd ref="3678693214"/>
  <nd ref="3678693203"/>
  <tag k="building" v="yes"/>
  <tag k="source" v="cadastre-dgi-fr source : Direction Générale des Finances Publiques - Cadastre. Mise à jour : 2015"/>
  <tag k="wall" v="no"/>
 </way>
 <way id="363729917" visible="true" version="2" changeset="52401118" timestamp="2017-09-27T01:44:36Z" user="VinceBot" uid="2814778">
  <nd ref="3678691489"/>
  <nd ref="3678691508"/>
  <nd ref="3678691522"/>
  <nd ref="3678691512"/>
  <nd ref="3678691489"/>
  <tag k="building" v="yes"/>
  <tag k="height" v="15"/>
  <tag k="source" v="cadastre-dgi-fr source : Direction Générale des Finances Publiques - Cadastre. Mise à jour : 2015"/>
  <tag k="wall" v="no"/>
 </way>
 <way id="363729918" visible="true" version="1" changeset="33065812" timestamp="2015-08-03T10:21:56Z" user="PipoCanaja" uid="1872287">
  <nd ref="3678693212"/>
  <nd ref="3678693326"/>
  <nd ref="3678693327"/>
  <nd ref="3678693220"/>
  <nd ref="3678693212"/>
  <tag k="building" v="yes"/>
  <tag k="source" v="cadastre-dgi-fr source : Direction Générale des Finances Publiques - Cadastre. Mise à jour : 2015"/>
 </way>
 <way id="363729919" visible="true" version="1" changeset="33065812" timestamp="2015-08-03T10:21:56Z" user="PipoCanaja" uid="1872287">
  <nd ref="3678691480"/>
  <nd ref="3678691482"/>
  <nd ref="3678691483"/>
  <nd ref="3678691481"/>
  <nd ref="3678691480"/>
  <tag k="building" v="yes"/>
  <tag k="source" v="cadastre-dgi-fr source : Direction Générale des Finances Publiques - Cadastre. Mise à jour : 2015"/>
  <tag k="wall" v="no"/>
 </way>
 <way id="363729920" visible="true" version="1" changeset="33065812" timestamp="2015-08-03T10:21:57Z" user="PipoCanaja" uid="1872287">
  <nd ref="3678693181"/>
  <nd ref="3678693167"/>
  <nd ref="3678693172"/>
  <nd ref="3678693192"/>
  <nd ref="3678693181"/>
  <tag k="building" v="yes"/>
  <tag k="source" v="cadastre-dgi-fr source : Direction Générale des Finances Publiques - Cadastre. Mise à jour : 2015"/>
  <tag k="wall" v="no"/>
 </way>
 <way id="363729921" visible="true" version="2" changeset="52401118" timestamp="2017-09-27T01:44:35Z" user="VinceBot" uid="2814778">
  <nd ref="3678691486"/>
  <nd ref="3678691484"/>
  <nd ref="3678691485"/>
  <nd ref="3678691487"/>
  <nd ref="3678691486"/>
  <tag k="building" v="yes"/>
  <tag k="height" v="3"/>
  <tag k="source" v="cadastre-dgi-fr source : Direction Générale des Finances Publiques - Cadastre. Mise à jour : 2015"/>
 </way>
 <way id="363729923" visible="true" version="2" changeset="52401118" timestamp="2017-09-27T01:44:34Z" user="VinceBot" uid="2814778">
  <nd ref="3678693330"/>
  <nd ref="3678693329"/>
  <nd ref="3678693325"/>
  <nd ref="3678693332"/>
  <nd ref="3678693337"/>
  <nd ref="3678693330"/>
  <tag k="building" v="yes"/>
  <tag k="height" v="4"/>
  <tag k="source" v="cadastre-dgi-fr source : Direction Générale des Finances Publiques - Cadastre. Mise à jour : 2015"/>
  <tag k="wall" v="no"/>
 </way>
 <way id="363729924" visible="true" version="2" changeset="52401118" timestamp="2017-09-27T01:44:33Z" user="VinceBot" uid="2814778">
  <nd ref="3678693186"/>
  <nd ref="3678693219"/>
  <nd ref="3678693336"/>
  <nd ref="3678693328"/>
  <nd ref="3678693221"/>
  <nd ref="3678693210"/>
  <nd ref="3678693186"/>
  <tag k="building" v="yes"/>
  <tag k="height" v="9"/>
  <tag k="source" v="cadastre-dgi-fr source : Direction Générale des Finances Publiques - Cadastre. Mise à jour : 2015"/>
 </way>
 <way id="365674242" visible="true" version="3" changeset="112341643" timestamp="2021-10-10T16:53:45Z" user="abeu" uid="14202407">
  <nd ref="3696766918"/>
  <nd ref="3696766921"/>
  <nd ref="3696766922"/>
  <nd ref="3696766923"/>
  <nd ref="3696766920"/>
  <tag k="highway" v="service"/>
  <tag k="service" v="parking_aisle"/>
  <tag k="surface" v="asphalt"/>
 </way>
 <way id="404707367" visible="true" version="1" changeset="37955229" timestamp="2016-03-20T13:03:58Z" user="Fabimaru" uid="324552">
  <nd ref="4069784366"/>
  <nd ref="4069784367"/>
  <nd ref="4069784368"/>
  <tag k="access" v="private"/>
  <tag k="highway" v="service"/>
 </way>
 <way id="409582976" visible="true" version="6" changeset="156155724" timestamp="2024-09-03T18:53:33Z" user="Pyb" uid="150474">
  <nd ref="3696766901"/>
  <nd ref="3696767825"/>
  <nd ref="25369268"/>
  <tag k="cycleway:both" v="no"/>
  <tag k="highway" v="residential"/>
  <tag k="lit" v="yes"/>
  <tag k="maxspeed" v="30"/>
  <tag k="name" v="Avenue Valrose"/>
  <tag k="parking:left" v="lane"/>
  <tag k="parking:left:orientation" v="parallel"/>
  <tag k="sidewalk" v="right"/>
  <tag k="surface" v="asphalt"/>
 </way>
 <way id="409582977" visible="true" version="4" changeset="99817667" timestamp="2021-02-23T10:46:17Z" user="Corentin_" uid="12664994">
  <nd ref="4114731096"/>
  <nd ref="4114731097"/>
  <nd ref="4114731098"/>
  <nd ref="4114731099"/>
  <nd ref="4114731100"/>
  <nd ref="4114731096"/>
  <tag k="addr:housenumber" v="1"/>
  <tag k="addr:street" v="Chemin Bessi"/>
  <tag k="building" v="dormitory"/>
  <tag k="building:levels" v="4"/>
  <tag k="name" v="Résidence Universitaire Alvéole"/>
  <tag k="operator" v="Crous Nice-Toulon"/>
  <tag k="roof:levels" v="0"/>
  <tag k="website" v="https://www.crous-nice.fr/logement/lalveole/"/>
 </way>
 <way id="444893991" visible="true" version="7" changeset="99995835" timestamp="2021-02-25T18:05:36Z" user="divulmappeur" uid="8490885">
  <nd ref="4423536242"/>
  <nd ref="4423581789"/>
  <nd ref="4423536243"/>
  <nd ref="4423536253"/>
  <nd ref="4423536244"/>
  <nd ref="4423565030"/>
  <nd ref="8458683237"/>
  <nd ref="8458683238"/>
  <nd ref="4423536245"/>
  <nd ref="4423536246"/>
  <nd ref="4423566473"/>
  <nd ref="7805104455"/>
  <nd ref="7805118208"/>
  <nd ref="4423536268"/>
  <nd ref="4423536267"/>
  <nd ref="4423536269"/>
  <nd ref="4423536249"/>
  <nd ref="8458683227"/>
  <nd ref="7805104456"/>
  <nd ref="8458683228"/>
  <nd ref="7805104457"/>
  <nd ref="7805104458"/>
  <nd ref="4423536248"/>
  <tag k="access" v="private"/>
  <tag k="highway" v="service"/>
  <tag k="maxspeed" v="10"/>
  <tag k="service" v="driveway"/>
 </way>
 <way id="444893992" visible="true" version="2" changeset="99995835" timestamp="2021-02-25T18:05:36Z" user="divulmappeur" uid="8490885">
  <nd ref="4423536253"/>
  <nd ref="4423536255"/>
  <nd ref="4423536254"/>
  <tag k="access" v="private"/>
  <tag k="highway" v="service"/>
  <tag k="service" v="driveway"/>
 </way>
 <way id="444893993" visible="true" version="3" changeset="99995835" timestamp="2021-02-25T18:05:36Z" user="divulmappeur" uid="8490885">
  <nd ref="4423536257"/>
  <nd ref="4423536258"/>
  <nd ref="4423536260"/>
  <nd ref="4423536261"/>
  <nd ref="4423536262"/>
  <nd ref="4423536264"/>
  <nd ref="4423536257"/>
  <tag k="access" v="private"/>
  <tag k="amenity" v="parking"/>
 </way>
 <way id="444893994" visible="true" version="2" changeset="89272654" timestamp="2020-08-11T23:47:01Z" user="divulmappeur" uid="8490885">
  <nd ref="4423536265"/>
  <nd ref="4423536266"/>
  <nd ref="4423536267"/>
  <nd ref="4423536268"/>
  <nd ref="4423536265"/>
  <tag k="amenity" v="parking"/>
  <tag k="capacity:disabled" v="yes"/>
 </way>
 <way id="444893995" visible="true" version="3" changeset="99995835" timestamp="2021-02-25T18:05:36Z" user="divulmappeur" uid="8490885">
  <nd ref="4423536269"/>
  <nd ref="7805118209"/>
  <nd ref="7805118211"/>
  <nd ref="7805118210"/>
  <nd ref="4423536270"/>
  <tag k="access" v="private"/>
  <tag k="highway" v="service"/>
  <tag k="service" v="driveway"/>
 </way>
 <way id="444895060" visible="true" version="5" changeset="119756973" timestamp="2022-04-15T16:03:58Z" user="Patchi" uid="591881">
  <nd ref="25743623"/>
  <nd ref="9668459021"/>
  <nd ref="9668459022"/>
  <nd ref="2628293185"/>
  <nd ref="4423565027"/>
  <nd ref="4423565032"/>
  <nd ref="4423565031"/>
  <nd ref="4423565028"/>
  <nd ref="4423565033"/>
  <nd ref="4423565029"/>
  <nd ref="4423565030"/>
  <nd ref="7805118202"/>
  <nd ref="7805118203"/>
  <nd ref="7805118204"/>
  <nd ref="7805118205"/>
  <nd ref="7805118206"/>
  <nd ref="7805118207"/>
  <nd ref="7805118208"/>
  <tag k="access" v="private"/>
  <tag k="bicycle" v="private"/>
  <tag k="foot" v="private"/>
  <tag k="highway" v="footway"/>
  <tag k="horse" v="no"/>
  <tag k="lit" v="yes"/>
  <tag k="motor_vehicle" v="no"/>
  <tag k="width" v="5"/>
 </way>
 <way id="444895225" visible="true" version="3" changeset="128962772" timestamp="2022-11-15T23:08:00Z" user="divulmappeur" uid="8490885">
  <nd ref="1533874082"/>
  <nd ref="4423566470"/>
  <nd ref="4423566471"/>
  <nd ref="10187074328"/>
  <tag k="highway" v="footway"/>
 </way>
 <way id="469518616" visible="true" version="5" changeset="128962772" timestamp="2022-11-15T23:08:00Z" user="divulmappeur" uid="8490885">
  <nd ref="4638181507"/>
  <nd ref="8458683217"/>
  <nd ref="8458683225"/>
  <nd ref="8458683220"/>
  <nd ref="8458683219"/>
  <nd ref="4638181509"/>
  <nd ref="4638181563"/>
  <nd ref="4638181510"/>
  <nd ref="8458683232"/>
  <nd ref="4638181511"/>
  <nd ref="8458683233"/>
  <nd ref="4638181512"/>
  <nd ref="4638181513"/>
  <nd ref="1533874104"/>
  <nd ref="1533873878"/>
  <nd ref="1533873491"/>
  <nd ref="1533873444"/>
  <nd ref="4810624494"/>
  <nd ref="1533873397"/>
  <nd ref="1533873401"/>
  <nd ref="1533873453"/>
  <nd ref="1533873530"/>
  <nd ref="1533873656"/>
  <nd ref="1533873779"/>
  <nd ref="10187074322"/>
  <nd ref="10187074323"/>
  <nd ref="5725490246"/>
  <nd ref="1533874082"/>
  <nd ref="1533874155"/>
  <nd ref="5725490245"/>
  <nd ref="2628293139"/>
  <nd ref="2628293138"/>
  <nd ref="2628293104"/>
  <nd ref="2628293080"/>
  <nd ref="2628293079"/>
  <nd ref="2628293078"/>
  <nd ref="4638181507"/>
  <tag k="leisure" v="park"/>
  <tag k="name" v="Parc du Chateau de Valrose, Coté Grand Chateau"/>
 </way>
 <way id="469518617" visible="true" version="4" changeset="99995835" timestamp="2021-02-25T18:05:36Z" user="divulmappeur" uid="8490885">
  <nd ref="7805118253"/>
  <nd ref="7805118199"/>
  <nd ref="4638181529"/>
  <nd ref="8458683221"/>
  <nd ref="7805118254"/>
  <tag k="highway" v="footway"/>
 </way>
 <way id="469518619" visible="true" version="3" changeset="89272654" timestamp="2020-08-11T23:47:01Z" user="divulmappeur" uid="8490885">
  <nd ref="4638181529"/>
  <nd ref="7805118243"/>
  <tag k="highway" v="steps"/>
  <tag k="incline" v="up"/>
 </way>
 <way id="469518620" visible="true" version="2" changeset="89272654" timestamp="2020-08-11T23:47:01Z" user="divulmappeur" uid="8490885">
  <nd ref="7805118243"/>
  <nd ref="4638181546"/>
  <nd ref="4638181547"/>
  <nd ref="4638181548"/>
  <nd ref="7805118241"/>
  <nd ref="7805118244"/>
  <nd ref="7805118242"/>
  <tag k="highway" v="footway"/>
 </way>
 <way id="469518622" visible="true" version="2" changeset="89272654" timestamp="2020-08-11T23:47:01Z" user="divulmappeur" uid="8490885">
  <nd ref="4638181546"/>
  <nd ref="4638181559"/>
  <nd ref="4638181560"/>
  <nd ref="7805118246"/>
  <nd ref="4638181562"/>
  <nd ref="4638181563"/>
  <nd ref="299136251"/>
  <tag k="highway" v="footway"/>
 </way>
 <way id="469518623" visible="true" version="3" changeset="99995835" timestamp="2021-02-25T18:05:36Z" user="divulmappeur" uid="8490885">
  <nd ref="4638181562"/>
  <nd ref="7805118249"/>
  <nd ref="4638181564"/>
  <nd ref="4638181565"/>
  <nd ref="4638181566"/>
  <nd ref="1533873878"/>
  <tag k="highway" v="footway"/>
 </way>
 <way id="469518624" visible="true" version="2" changeset="89272654" timestamp="2020-08-11T23:47:01Z" user="divulmappeur" uid="8490885">
  <nd ref="4638181566"/>
  <nd ref="7805118251"/>
  <nd ref="4638181569"/>
  <nd ref="4638181570"/>
  <nd ref="4638181571"/>
  <nd ref="4638181572"/>
  <nd ref="4638181573"/>
  <nd ref="1533873876"/>
  <tag k="highway" v="footway"/>
 </way>
 <way id="469518625" visible="true" version="3" changeset="157161558" timestamp="2024-09-27T09:20:08Z" user="Pyb" uid="150474">
  <nd ref="7805118252"/>
  <nd ref="1533873440"/>
  <nd ref="1533873718"/>
  <nd ref="7805118251"/>
  <tag k="highway" v="footway"/>
  <tag k="surface" v="ground"/>
 </way>
 <way id="469518626" visible="true" version="1" changeset="45569550" timestamp="2017-01-27T18:16:54Z" user="MikoBert" uid="5209311">
  <nd ref="4638181553"/>
  <nd ref="4638181575"/>
  <nd ref="4638181576"/>
  <nd ref="4638181577"/>
  <nd ref="4638181578"/>
  <nd ref="4638181579"/>
  <tag k="highway" v="footway"/>
 </way>
 <way id="469518627" visible="true" version="2" changeset="99995835" timestamp="2021-02-25T18:05:36Z" user="divulmappeur" uid="8490885">
  <nd ref="4638181580"/>
  <nd ref="2628293073"/>
  <nd ref="2628293072"/>
  <nd ref="2628293071"/>
  <nd ref="2628293070"/>
  <nd ref="2628293063"/>
  <nd ref="4638181581"/>
  <nd ref="4638181582"/>
  <nd ref="4638181583"/>
  <nd ref="4638181584"/>
  <nd ref="4638181585"/>
  <nd ref="2628293065"/>
  <nd ref="296155465"/>
  <nd ref="295689114"/>
  <nd ref="2628293066"/>
  <nd ref="2628293068"/>
  <nd ref="2628293075"/>
  <nd ref="2628293081"/>
  <nd ref="2628293088"/>
  <nd ref="2628293082"/>
  <nd ref="1533872602"/>
  <nd ref="2628293105"/>
  <nd ref="2628293106"/>
  <nd ref="2628293107"/>
  <nd ref="2628293110"/>
  <nd ref="2628293130"/>
  <nd ref="2628293131"/>
  <nd ref="2628293135"/>
  <nd ref="2628293137"/>
  <nd ref="2628293134"/>
  <nd ref="2628293133"/>
  <nd ref="2628293132"/>
  <nd ref="2628293136"/>
  <nd ref="2628293143"/>
  <nd ref="2628293141"/>
  <nd ref="2628293142"/>
  <nd ref="2628293144"/>
  <nd ref="2628293145"/>
  <nd ref="2628293146"/>
  <nd ref="2628293147"/>
  <nd ref="8458683235"/>
  <nd ref="2628293149"/>
  <nd ref="2628293150"/>
  <nd ref="1533874164"/>
  <nd ref="2628293152"/>
  <nd ref="2628293151"/>
  <nd ref="2628293153"/>
  <nd ref="2628293154"/>
  <nd ref="2628293155"/>
  <nd ref="2628293156"/>
  <nd ref="8458683222"/>
  <nd ref="2628293177"/>
  <nd ref="2628293179"/>
  <nd ref="2628293180"/>
  <nd ref="2628293182"/>
  <nd ref="5725490230"/>
  <nd ref="8458683223"/>
  <nd ref="4638182100"/>
  <nd ref="8458683224"/>
  <nd ref="299136267"/>
  <nd ref="8458683240"/>
  <nd ref="4638182102"/>
  <nd ref="4638182103"/>
  <nd ref="4638182104"/>
  <nd ref="4638182105"/>
  <nd ref="4638182116"/>
  <nd ref="4638182106"/>
  <nd ref="4638182107"/>
  <nd ref="4638181580"/>
  <tag k="leisure" v="park"/>
  <tag k="name" v="Parc du Chateau de Valrose, Coté Batiments Université"/>
 </way>
 <way id="469518628" visible="true" version="3" changeset="157957968" timestamp="2024-10-16T10:30:21Z" user="haltef4" uid="24661">
  <nd ref="450126526"/>
  <nd ref="4638182113"/>
  <nd ref="4638182114"/>
  <nd ref="4638182115"/>
  <nd ref="4638182116"/>
  <nd ref="4638182117"/>
  <nd ref="4638182118"/>
  <nd ref="4638182119"/>
  <nd ref="4638182120"/>
  <tag k="highway" v="footway"/>
  <tag k="surface" v="dirt"/>
 </way>
 <way id="469518629" visible="true" version="2" changeset="99995835" timestamp="2021-02-25T18:05:36Z" user="divulmappeur" uid="8490885">
  <nd ref="299136255"/>
  <nd ref="4638182121"/>
  <nd ref="4638182122"/>
  <nd ref="4638182123"/>
  <nd ref="4638182124"/>
  <nd ref="4638182126"/>
  <nd ref="4638182127"/>
  <nd ref="4638182128"/>
  <tag k="highway" v="footway"/>
 </way>
 <way id="469518630" visible="true" version="1" changeset="45569550" timestamp="2017-01-27T18:16:55Z" user="MikoBert" uid="5209311">
  <nd ref="4638182122"/>
  <nd ref="4638182129"/>
  <nd ref="4638182130"/>
  <nd ref="299136260"/>
  <tag k="highway" v="footway"/>
 </way>
 <way id="469518631" visible="true" version="3" changeset="99995835" timestamp="2021-02-25T18:05:36Z" user="divulmappeur" uid="8490885">
  <nd ref="4638182131"/>
  <nd ref="4638182132"/>
  <nd ref="4638182133"/>
  <nd ref="4638182134"/>
  <nd ref="4638182135"/>
  <nd ref="4638182136"/>
  <nd ref="4638182137"/>
  <nd ref="4638182139"/>
  <tag k="highway" v="footway"/>
 </way>
 <way id="469518632" visible="true" version="3" changeset="158044618" timestamp="2024-10-18T10:46:41Z" user="haltef4" uid="24661">
  <nd ref="4638182137"/>
  <nd ref="4638182140"/>
  <nd ref="4638182141"/>
  <nd ref="4638182142"/>
  <nd ref="4810624493"/>
  <tag k="highway" v="footway"/>
  <tag k="surface" v="dirt"/>
 </way>
 <way id="469518633" visible="true" version="2" changeset="157957968" timestamp="2024-10-16T10:36:43Z" user="haltef4" uid="24661">
  <nd ref="4638182139"/>
  <nd ref="4638182143"/>
  <nd ref="4638182144"/>
  <tag k="highway" v="footway"/>
  <tag k="surface" v="dirt"/>
 </way>
 <way id="469518634" visible="true" version="1" changeset="45569550" timestamp="2017-01-27T18:16:55Z" user="MikoBert" uid="5209311">
  <nd ref="450126528"/>
  <nd ref="4638182145"/>
  <nd ref="4638182146"/>
  <nd ref="4638182147"/>
  <nd ref="4638182148"/>
  <nd ref="4638182108"/>
  <tag k="highway" v="footway"/>
 </way>
 <way id="469578591" visible="true" version="1" changeset="45577937" timestamp="2017-01-27T23:28:17Z" user="MikoBert" uid="5209311">
  <nd ref="4638181575"/>
  <nd ref="4638785835"/>
  <nd ref="4638785836"/>
  <nd ref="4638785837"/>
  <nd ref="4638785838"/>
  <nd ref="4638785839"/>
  <nd ref="4638785840"/>
  <nd ref="4638785841"/>
  <nd ref="4638785842"/>
  <nd ref="4638785843"/>
  <nd ref="4638785844"/>
  <nd ref="4638785845"/>
  <nd ref="4638785846"/>
  <tag k="highway" v="footway"/>
 </way>
 <way id="469578593" visible="true" version="3" changeset="128962772" timestamp="2022-11-15T23:08:00Z" user="divulmappeur" uid="8490885">
  <nd ref="1533873656"/>
  <nd ref="1533873530"/>
  <nd ref="1533873453"/>
  <nd ref="1533873401"/>
  <nd ref="1533873397"/>
  <nd ref="4810624494"/>
  <nd ref="1533873444"/>
  <nd ref="1533873491"/>
  <nd ref="1533873878"/>
  <nd ref="1533874104"/>
  <nd ref="4638785857"/>
  <nd ref="8458683234"/>
  <nd ref="5725490226"/>
  <nd ref="5725490252"/>
  <nd ref="5725490251"/>
  <nd ref="4638785861"/>
  <nd ref="7805118219"/>
  <nd ref="4423566472"/>
  <nd ref="7805118186"/>
  <nd ref="7805118188"/>
  <nd ref="7805104477"/>
  <nd ref="7805104479"/>
  <nd ref="7805118190"/>
  <nd ref="7805118192"/>
  <nd ref="4423566470"/>
  <nd ref="1533874082"/>
  <nd ref="10187074325"/>
  <nd ref="10187074323"/>
  <nd ref="10187074322"/>
  <nd ref="1533873779"/>
  <nd ref="1533873656"/>
  <tag k="leisure" v="park"/>
  <tag k="name" v="Grand Chateau de Valrose"/>
 </way>
 <way id="469578595" visible="true" version="3" changeset="99995835" timestamp="2021-02-25T18:05:36Z" user="divulmappeur" uid="8490885">
  <nd ref="4638785872"/>
  <nd ref="4638785880"/>
  <nd ref="4638785881"/>
  <nd ref="4638785882"/>
  <nd ref="4638786193"/>
  <nd ref="4638785883"/>
  <nd ref="4638785884"/>
  <nd ref="8458683229"/>
  <nd ref="4638786189"/>
  <tag k="highway" v="footway"/>
 </way>
 <way id="469578596" visible="true" version="2" changeset="89272654" timestamp="2020-08-11T23:47:01Z" user="divulmappeur" uid="8490885">
  <nd ref="4638786193"/>
  <nd ref="4638786194"/>
  <nd ref="4638786195"/>
  <nd ref="4638786196"/>
  <nd ref="4638786197"/>
  <nd ref="4638786198"/>
  <nd ref="4638786199"/>
  <nd ref="4638786200"/>
  <nd ref="4638786201"/>
  <nd ref="4638786202"/>
  <nd ref="1533873878"/>
  <tag k="highway" v="steps"/>
  <tag k="incline" v="down"/>
 </way>
 <way id="469578598" visible="true" version="3" changeset="128962772" timestamp="2022-11-15T23:08:00Z" user="divulmappeur" uid="8490885">
  <nd ref="7805118189"/>
  <nd ref="7805118190"/>
  <nd ref="7805118191"/>
  <nd ref="7805118192"/>
  <nd ref="7805118193"/>
  <nd ref="10187074328"/>
  <nd ref="7805104474"/>
  <nd ref="7805104481"/>
  <nd ref="7805104482"/>
  <nd ref="7805104483"/>
  <nd ref="7805104484"/>
  <nd ref="7805118185"/>
  <nd ref="4423566472"/>
  <nd ref="7805104480"/>
  <nd ref="7805118186"/>
  <nd ref="7805118187"/>
  <nd ref="7805118188"/>
  <nd ref="7805104477"/>
  <nd ref="7805104478"/>
  <nd ref="7805104479"/>
  <nd ref="7805118189"/>
  <tag k="highway" v="footway"/>
 </way>
 <way id="469582804" visible="true" version="1" changeset="45578764" timestamp="2017-01-28T00:17:06Z" user="MikoBert" uid="5209311">
  <nd ref="4638182112"/>
  <nd ref="4638830744"/>
  <tag k="highway" v="footway"/>
 </way>
 <way id="469582805" visible="true" version="1" changeset="45578764" timestamp="2017-01-28T00:17:06Z" user="MikoBert" uid="5209311">
  <nd ref="4638830745"/>
  <nd ref="4638830746"/>
  <nd ref="4638830747"/>
  <nd ref="4638830748"/>
  <nd ref="4638830749"/>
  <nd ref="4638830750"/>
  <nd ref="4638830751"/>
  <nd ref="4638830752"/>
  <nd ref="4638830753"/>
  <nd ref="4638830754"/>
  <nd ref="4638830755"/>
  <nd ref="4638830756"/>
  <nd ref="4638830757"/>
  <nd ref="4638830758"/>
  <nd ref="4638830759"/>
  <nd ref="4638830760"/>
  <nd ref="4638830761"/>
  <nd ref="4638830762"/>
  <nd ref="4638188603"/>
  <tag k="highway" v="footway"/>
 </way>
 <way id="469582806" visible="true" version="1" changeset="45578764" timestamp="2017-01-28T00:17:06Z" user="MikoBert" uid="5209311">
  <nd ref="4638830757"/>
  <nd ref="4638830763"/>
  <nd ref="450126533"/>
  <tag k="highway" v="footway"/>
 </way>
 <way id="469582807" visible="true" version="1" changeset="45578764" timestamp="2017-01-28T00:17:06Z" user="MikoBert" uid="5209311">
  <nd ref="4638830763"/>
  <nd ref="4638830764"/>
  <nd ref="4638830765"/>
  <nd ref="4638830766"/>
  <nd ref="4638830767"/>
  <nd ref="4638830768"/>
  <nd ref="450126532"/>
  <tag k="highway" v="footway"/>
 </way>
 <way id="469582808" visible="true" version="1" changeset="45578764" timestamp="2017-01-28T00:17:06Z" user="MikoBert" uid="5209311">
  <nd ref="4638182120"/>
  <nd ref="4638830769"/>
  <tag k="highway" v="footway"/>
 </way>
 <way id="469582809" visible="true" version="2" changeset="99995835" timestamp="2021-02-25T18:05:36Z" user="divulmappeur" uid="8490885">
  <nd ref="4638830770"/>
  <nd ref="4638830774"/>
  <nd ref="4638182139"/>
  <tag k="highway" v="footway"/>
 </way>
 <way id="488772485" visible="true" version="3" changeset="99995835" timestamp="2021-02-25T18:05:36Z" user="divulmappeur" uid="8490885">
  <nd ref="276291146"/>
  <nd ref="4638182107"/>
  <nd ref="4638182108"/>
  <nd ref="4638182109"/>
  <nd ref="4638182110"/>
  <nd ref="4638182111"/>
  <nd ref="4638182112"/>
  <tag k="highway" v="footway"/>
  <tag k="surface" v="asphalt"/>
 </way>
 <way id="488772486" visible="true" version="2" changeset="89272654" timestamp="2020-08-11T23:47:01Z" user="divulmappeur" uid="8490885">
  <nd ref="7805118233"/>
  <nd ref="4810624494"/>
  <tag k="highway" v="footway"/>
 </way>
 <way id="549624368" visible="true" version="1" changeset="54994452" timestamp="2017-12-28T21:19:22Z" user="MikoBert" uid="5209311">
  <nd ref="364686552"/>
  <nd ref="5309176948"/>
  <nd ref="5309176949"/>
  <nd ref="5309176950"/>
  <nd ref="5309176951"/>
  <nd ref="5309176952"/>
  <tag k="highway" v="footway"/>
 </way>
 <way id="549624369" visible="true" version="3" changeset="90037631" timestamp="2020-08-27T16:37:33Z" user="Kalaallit Nunaat" uid="400383">
  <nd ref="364686546"/>
  <nd ref="7805118288"/>
  <tag k="highway" v="footway"/>
 </way>
 <way id="549624370" visible="true" version="4" changeset="157161558" timestamp="2024-09-27T09:21:13Z" user="Pyb" uid="150474">
  <nd ref="1774752348"/>
  <nd ref="7805118281"/>
  <nd ref="5309176956"/>
  <nd ref="1533874045"/>
  <tag k="highway" v="footway"/>
  <tag k="surface" v="gravel"/>
 </way>
 <way id="549624371" visible="true" version="3" changeset="157161558" timestamp="2024-09-27T09:21:16Z" user="Pyb" uid="150474">
  <nd ref="7805118281"/>
  <nd ref="7805118279"/>
  <tag k="highway" v="footway"/>
  <tag k="surface" v="gravel"/>
 </way>
 <way id="549624372" visible="true" version="3" changeset="157161558" timestamp="2024-09-27T09:21:33Z" user="Pyb" uid="150474">
  <nd ref="5309176959"/>
  <nd ref="5309176964"/>
  <nd ref="7805118291"/>
  <tag k="highway" v="footway"/>
  <tag k="surface" v="gravel"/>
 </way>
 <way id="576798466" visible="true" version="2" changeset="89272654" timestamp="2020-08-11T23:47:01Z" user="divulmappeur" uid="8490885">
  <nd ref="5531183476"/>
  <nd ref="5531183477"/>
  <nd ref="5531183478"/>
  <nd ref="5531183479"/>
  <nd ref="5531183480"/>
  <nd ref="5531183481"/>
  <nd ref="5531183482"/>
  <nd ref="5531183483"/>
  <nd ref="5531183484"/>
  <nd ref="1533874224"/>
  <nd ref="5531183467"/>
  <nd ref="5531183470"/>
  <nd ref="5531183471"/>
  <nd ref="5531183472"/>
  <nd ref="5531183473"/>
  <nd ref="5531183474"/>
  <nd ref="5531183475"/>
  <nd ref="5531183468"/>
  <nd ref="5531183469"/>
  <nd ref="5531183476"/>
  <tag k="amenity" v="fountain"/>
  <tag k="barrier" v="kerb"/>
 </way>
 <way id="576798467" visible="true" version="2" changeset="89272654" timestamp="2020-08-11T23:47:01Z" user="divulmappeur" uid="8490885">
  <nd ref="5531183485"/>
  <nd ref="5531183486"/>
  <nd ref="5531183487"/>
  <nd ref="5531183488"/>
  <nd ref="5531183489"/>
  <nd ref="5531183490"/>
  <nd ref="5531183491"/>
  <nd ref="5531183492"/>
  <nd ref="5531183493"/>
  <nd ref="5531183494"/>
  <nd ref="5531183495"/>
  <nd ref="5531183496"/>
  <nd ref="5531183497"/>
  <nd ref="5531183498"/>
  <nd ref="5531183499"/>
  <nd ref="5531183500"/>
  <nd ref="5531183501"/>
  <nd ref="5531183502"/>
  <nd ref="5531183503"/>
  <nd ref="5531183485"/>
  <tag k="amenity" v="fountain"/>
  <tag k="barrier" v="kerb"/>
 </way>
 <way id="576799348" visible="true" version="2" changeset="89272654" timestamp="2020-08-11T23:47:01Z" user="divulmappeur" uid="8490885">
  <nd ref="5531189801"/>
  <nd ref="5531189802"/>
  <nd ref="5531189782"/>
  <nd ref="5531189783"/>
  <nd ref="5531189784"/>
  <nd ref="5531189785"/>
  <nd ref="5531189786"/>
  <nd ref="5531189787"/>
  <nd ref="5531189788"/>
  <nd ref="5531189789"/>
  <nd ref="5531189790"/>
  <nd ref="5531189791"/>
  <nd ref="5531189792"/>
  <nd ref="5531189793"/>
  <nd ref="5531189794"/>
  <nd ref="5531189795"/>
  <nd ref="5531189796"/>
  <nd ref="5531189797"/>
  <nd ref="5531189798"/>
  <nd ref="5531189799"/>
  <nd ref="5531189800"/>
  <nd ref="5531189801"/>
  <tag k="amenity" v="fountain"/>
  <tag k="barrier" v="kerb"/>
  <tag k="source" v="cadastre-dgi-fr source : Direction Générale des Impôts - Cadastre. Mise à jour : 2013"/>
 </way>
 <way id="576799349" visible="true" version="2" changeset="89272654" timestamp="2020-08-11T23:47:01Z" user="divulmappeur" uid="8490885">
  <nd ref="5531189803"/>
  <nd ref="5531189804"/>
  <nd ref="5531189805"/>
  <nd ref="5531189806"/>
  <nd ref="5531189807"/>
  <nd ref="5531189808"/>
  <nd ref="5531189809"/>
  <nd ref="5531189810"/>
  <nd ref="5531189811"/>
  <nd ref="5531189812"/>
  <nd ref="5531190224"/>
  <nd ref="5531189813"/>
  <nd ref="5531189814"/>
  <nd ref="5531189815"/>
  <nd ref="5531189816"/>
  <nd ref="5531189817"/>
  <nd ref="5531189818"/>
  <nd ref="5531189819"/>
  <nd ref="5531189820"/>
  <nd ref="5531190221"/>
  <nd ref="5531190222"/>
  <nd ref="5531190223"/>
  <nd ref="5531189803"/>
  <tag k="amenity" v="fountain"/>
  <tag k="barrier" v="kerb"/>
  <tag k="source" v="cadastre-dgi-fr source : Direction Générale des Impôts - Cadastre. Mise à jour : 2013"/>
 </way>
 <way id="576799350" visible="true" version="2" changeset="89272654" timestamp="2020-08-11T23:47:01Z" user="divulmappeur" uid="8490885">
  <nd ref="5531190225"/>
  <nd ref="5531190226"/>
  <nd ref="5531190227"/>
  <nd ref="5531190228"/>
  <nd ref="5531190229"/>
  <nd ref="5531190230"/>
  <nd ref="5531190231"/>
  <nd ref="5531190232"/>
  <nd ref="5531190233"/>
  <nd ref="5531190234"/>
  <nd ref="5531190235"/>
  <nd ref="5531190236"/>
  <nd ref="5531190237"/>
  <nd ref="5531190238"/>
  <nd ref="5531190239"/>
  <nd ref="5531190240"/>
  <nd ref="5531190241"/>
  <nd ref="5531190242"/>
  <nd ref="5531190243"/>
  <nd ref="5531190244"/>
  <nd ref="5531190245"/>
  <nd ref="5531190225"/>
  <tag k="amenity" v="fountain"/>
  <tag k="barrier" v="kerb"/>
  <tag k="source" v="cadastre-dgi-fr source : Direction Générale des Impôts - Cadastre. Mise à jour : 2013"/>
 </way>
 <way id="602973834" visible="true" version="3" changeset="100373094" timestamp="2021-03-03T20:11:59Z" user="FvGordon" uid="161619">
  <nd ref="4638182103"/>
  <nd ref="4638182102"/>
  <nd ref="8458683240"/>
  <nd ref="299136267"/>
  <nd ref="5725489015"/>
  <nd ref="8458683239"/>
  <nd ref="5725489016"/>
  <nd ref="5725489017"/>
  <nd ref="5725489018"/>
  <nd ref="5725489019"/>
  <nd ref="5725489020"/>
  <nd ref="5725490221"/>
  <nd ref="5725490223"/>
  <nd ref="5725490224"/>
  <nd ref="5725490225"/>
  <nd ref="4638182103"/>
  <tag k="leisure" v="park"/>
  <tag k="name" v="Parc Valrose - Chimie"/>
 </way>
 <way id="602973835" visible="true" version="4" changeset="128962772" timestamp="2022-11-15T23:08:00Z" user="divulmappeur" uid="8490885">
  <nd ref="5725490226"/>
  <nd ref="5725490227"/>
  <nd ref="5725490228"/>
  <nd ref="5725490229"/>
  <nd ref="5725490230"/>
  <nd ref="2628293182"/>
  <nd ref="2628293187"/>
  <nd ref="2628293189"/>
  <nd ref="2628293200"/>
  <nd ref="2628293204"/>
  <nd ref="2628293206"/>
  <nd ref="2628293202"/>
  <nd ref="2628293191"/>
  <nd ref="2628293190"/>
  <nd ref="2628293196"/>
  <nd ref="2628293198"/>
  <nd ref="2628293207"/>
  <nd ref="2628293208"/>
  <nd ref="2628293209"/>
  <nd ref="8458683236"/>
  <nd ref="2628293213"/>
  <nd ref="2628293188"/>
  <nd ref="2628293181"/>
  <nd ref="5725490244"/>
  <nd ref="5725490245"/>
  <nd ref="1533874155"/>
  <nd ref="10187074329"/>
  <nd ref="4423566470"/>
  <nd ref="7805118192"/>
  <nd ref="10187074327"/>
  <nd ref="7805104481"/>
  <nd ref="7805104483"/>
  <nd ref="7805104484"/>
  <nd ref="4423566472"/>
  <nd ref="7805118219"/>
  <nd ref="4638785861"/>
  <nd ref="5725490251"/>
  <nd ref="5725490252"/>
  <nd ref="5725490226"/>
  <tag k="leisure" v="park"/>
  <tag k="name" v="Parc Valrose - Montebello"/>
 </way>
 <way id="828995021" visible="true" version="2" changeset="112341643" timestamp="2021-10-10T16:53:46Z" user="abeu" uid="14202407">
  <nd ref="3696766920"/>
  <nd ref="25369268"/>
  <tag k="highway" v="service"/>
  <tag k="surface" v="asphalt"/>
 </way>
 <way id="828995022" visible="true" version="2" changeset="113009011" timestamp="2021-10-26T20:06:31Z" user="billybug" uid="397998">
  <nd ref="3696766917"/>
  <nd ref="3696766918"/>
  <nd ref="3696766919"/>
  <nd ref="3696766920"/>
  <tag k="highway" v="service"/>
  <tag k="service" v="parking_aisle"/>
  <tag k="surface" v="asphalt"/>
 </way>
 <way id="828995023" visible="true" version="2" changeset="112254974" timestamp="2021-10-08T09:51:16Z" user="abeu" uid="14202407">
  <nd ref="7738379041"/>
  <nd ref="7738379042"/>
  <tag k="highway" v="service"/>
  <tag k="surface" v="asphalt"/>
 </way>
 <way id="836239609" visible="true" version="1" changeset="89272654" timestamp="2020-08-11T23:47:01Z" user="divulmappeur" uid="8490885">
  <nd ref="7805104465"/>
  <nd ref="7805104466"/>
  <nd ref="7805104467"/>
  <nd ref="7805104468"/>
  <nd ref="7805104469"/>
  <nd ref="7805104470"/>
  <tag k="highway" v="steps"/>
  <tag k="incline" v="down"/>
 </way>
 <way id="836239610" visible="true" version="1" changeset="89272654" timestamp="2020-08-11T23:47:01Z" user="divulmappeur" uid="8490885">
  <nd ref="7805104470"/>
  <nd ref="7805104455"/>
  <tag k="highway" v="footway"/>
 </way>
 <way id="836239611" visible="true" version="5" changeset="138152170" timestamp="2023-07-05T14:58:47Z" user="merylstreet" uid="1159672">
  <nd ref="3678684477"/>
  <nd ref="7805104465"/>
  <nd ref="3678684465"/>
  <nd ref="7805104471"/>
  <nd ref="7805104472"/>
  <nd ref="3678684303"/>
  <nd ref="3678684292"/>
  <nd ref="3678684297"/>
  <nd ref="3678684301"/>
  <nd ref="3678684305"/>
  <nd ref="3678684309"/>
  <nd ref="3678684312"/>
  <nd ref="3678684315"/>
  <nd ref="3678684320"/>
  <nd ref="3678684425"/>
  <nd ref="3678684429"/>
  <nd ref="3678684435"/>
  <nd ref="3678684438"/>
  <nd ref="3678684440"/>
  <nd ref="3678684443"/>
  <nd ref="3678684448"/>
  <nd ref="3678684452"/>
  <nd ref="3678684456"/>
  <nd ref="3678684459"/>
  <nd ref="3678684463"/>
  <nd ref="3678684466"/>
  <nd ref="3678684470"/>
  <nd ref="3678684473"/>
  <nd ref="3678684477"/>
  <tag k="addr:city" v="Nice"/>
  <tag k="addr:housenumber" v="96"/>
  <tag k="addr:street" v="Avenue Valrose"/>
  <tag k="building" v="yes"/>
  <tag k="internet_access" v="yes"/>
  <tag k="level" v="1"/>
  <tag k="name" v="Co-Learning Montebello"/>
  <tag k="office" v="coworking"/>
  <tag k="opening_hours" v="24/7"/>
  <tag k="operator" v="CROUS"/>
  <tag k="website" v="https://www.crous-nice.fr/co-learning-montebello/"/>
 </way>
 <way id="836239612" visible="true" version="2" changeset="99995835" timestamp="2021-02-25T18:05:36Z" user="divulmappeur" uid="8490885">
  <nd ref="4423566472"/>
  <nd ref="7805118219"/>
  <nd ref="4638785861"/>
  <nd ref="7805118201"/>
  <nd ref="7805118200"/>
  <nd ref="4423566473"/>
  <tag k="highway" v="footway"/>
 </way>
 <way id="836239613" visible="true" version="2" changeset="99995835" timestamp="2021-02-25T18:05:36Z" user="divulmappeur" uid="8490885">
  <nd ref="7805104477"/>
  <nd ref="4638786189"/>
  <nd ref="4638786206"/>
  <nd ref="4638786207"/>
  <nd ref="7805118220"/>
  <nd ref="7805118221"/>
  <nd ref="7805118201"/>
  <tag k="highway" v="footway"/>
 </way>
 <way id="836239614" visible="true" version="5" changeset="157971041" timestamp="2024-10-16T15:41:26Z" user="haltef4" uid="24661">
  <nd ref="7805118195"/>
  <nd ref="1533874082"/>
  <nd ref="1533874155"/>
  <nd ref="1533874222"/>
  <nd ref="7805118197"/>
  <nd ref="7805118198"/>
  <nd ref="1533874393"/>
  <nd ref="1533874423"/>
  <nd ref="1533874448"/>
  <nd ref="1533874455"/>
  <nd ref="1533874457"/>
  <nd ref="1533874459"/>
  <nd ref="1533874453"/>
  <nd ref="3678684484"/>
  <nd ref="1533874421"/>
  <nd ref="1533874254"/>
  <nd ref="1533873953"/>
  <nd ref="1533873675"/>
  <nd ref="3569786694"/>
  <nd ref="1533873228"/>
  <nd ref="4638785846"/>
  <nd ref="8458683218"/>
  <nd ref="1533872846"/>
  <nd ref="8458656416"/>
  <nd ref="276291146"/>
  <tag k="access" v="private"/>
  <tag k="highway" v="service"/>
  <tag k="service" v="driveway"/>
  <tag k="surface" v="asphalt"/>
 </way>
 <way id="836239615" visible="true" version="1" changeset="89272654" timestamp="2020-08-11T23:47:01Z" user="divulmappeur" uid="8490885">
  <nd ref="7805118196"/>
  <nd ref="7805118195"/>
  <tag k="access" v="private"/>
  <tag k="highway" v="service"/>
  <tag k="layer" v="-1"/>
  <tag k="service" v="driveway"/>
  <tag k="tunnel" v="yes"/>
 </way>
 <way id="836239616" visible="true" version="1" changeset="89272654" timestamp="2020-08-11T23:47:01Z" user="divulmappeur" uid="8490885">
  <nd ref="4423566471"/>
  <nd ref="3678684247"/>
  <tag k="highway" v="footway"/>
 </way>
 <way id="836239617" visible="true" version="1" changeset="89272654" timestamp="2020-08-11T23:47:01Z" user="divulmappeur" uid="8490885">
  <nd ref="4423566471"/>
  <nd ref="7805118214"/>
  <nd ref="7805118215"/>
  <nd ref="7805118216"/>
  <nd ref="7805118217"/>
  <tag k="highway" v="footway"/>
 </way>
 <way id="836239618" visible="true" version="2" changeset="99995835" timestamp="2021-02-25T18:05:36Z" user="divulmappeur" uid="8490885">
  <nd ref="7805118217"/>
  <nd ref="7805118201"/>
  <tag k="highway" v="steps"/>
  <tag k="incline" v="up"/>
 </way>
 <way id="836239619" visible="true" version="1" changeset="89272654" timestamp="2020-08-11T23:47:01Z" user="divulmappeur" uid="8490885">
  <nd ref="7805118214"/>
  <nd ref="7805118219"/>
  <tag k="highway" v="footway"/>
 </way>
 <way id="836239620" visible="true" version="1" changeset="89272654" timestamp="2020-08-11T23:47:01Z" user="divulmappeur" uid="8490885">
  <nd ref="4810624494"/>
  <nd ref="7805118222"/>
  <tag k="crossing" v="marked"/>
  <tag k="footway" v="crossing"/>
  <tag k="highway" v="footway"/>
 </way>
 <way id="836239621" visible="true" version="1" changeset="89272654" timestamp="2020-08-11T23:47:01Z" user="divulmappeur" uid="8490885">
  <nd ref="7805118231"/>
  <nd ref="7805118223"/>
  <tag k="highway" v="steps"/>
  <tag k="incline" v="up"/>
 </way>
 <way id="836239622" visible="true" version="1" changeset="89272654" timestamp="2020-08-11T23:47:01Z" user="divulmappeur" uid="8490885">
  <nd ref="7805118224"/>
  <nd ref="7805118225"/>
  <tag k="highway" v="steps"/>
  <tag k="incline" v="up"/>
 </way>
 <way id="836239623" visible="true" version="1" changeset="89272654" timestamp="2020-08-11T23:47:01Z" user="divulmappeur" uid="8490885">
  <nd ref="7805118226"/>
  <nd ref="7805118227"/>
  <tag k="highway" v="steps"/>
  <tag k="incline" v="up"/>
 </way>
 <way id="836239624" visible="true" version="1" changeset="89272654" timestamp="2020-08-11T23:47:01Z" user="divulmappeur" uid="8490885">
  <nd ref="7805118228"/>
  <nd ref="7805118229"/>
  <tag k="highway" v="steps"/>
  <tag k="incline" v="up"/>
 </way>
 <way id="836239625" visible="true" version="1" changeset="89272654" timestamp="2020-08-11T23:47:01Z" user="divulmappeur" uid="8490885">
  <nd ref="7805118229"/>
  <nd ref="7805118230"/>
  <nd ref="7805118224"/>
  <tag k="highway" v="footway"/>
 </way>
 <way id="836239626" visible="true" version="1" changeset="89272654" timestamp="2020-08-11T23:47:01Z" user="divulmappeur" uid="8490885">
  <nd ref="4638785872"/>
  <nd ref="7805118230"/>
  <tag k="highway" v="footway"/>
 </way>
 <way id="836239627" visible="true" version="1" changeset="89272654" timestamp="2020-08-11T23:47:01Z" user="divulmappeur" uid="8490885">
  <nd ref="7805118227"/>
  <nd ref="7805118228"/>
  <tag k="highway" v="footway"/>
 </way>
 <way id="836239628" visible="true" version="1" changeset="89272654" timestamp="2020-08-11T23:47:01Z" user="divulmappeur" uid="8490885">
  <nd ref="7805118223"/>
  <nd ref="7805118225"/>
  <tag k="highway" v="footway"/>
 </way>
 <way id="836239629" visible="true" version="1" changeset="89272654" timestamp="2020-08-11T23:47:01Z" user="divulmappeur" uid="8490885">
  <nd ref="7805118226"/>
  <nd ref="7805118222"/>
  <nd ref="7805118231"/>
  <tag k="highway" v="footway"/>
 </way>
 <way id="836239630" visible="true" version="1" changeset="89272654" timestamp="2020-08-11T23:47:01Z" user="divulmappeur" uid="8490885">
  <nd ref="4638181548"/>
  <nd ref="7805118233"/>
  <tag k="highway" v="steps"/>
  <tag k="incline" v="up"/>
 </way>
 <way id="836239631" visible="true" version="1" changeset="89272654" timestamp="2020-08-11T23:47:01Z" user="divulmappeur" uid="8490885">
  <nd ref="4638181541"/>
  <nd ref="7805118199"/>
  <tag k="highway" v="steps"/>
  <tag k="incline" v="up"/>
 </way>
 <way id="836239632" visible="true" version="1" changeset="89272654" timestamp="2020-08-11T23:47:01Z" user="divulmappeur" uid="8490885">
  <nd ref="7805118243"/>
  <nd ref="4638181538"/>
  <nd ref="4638181539"/>
  <nd ref="4638181541"/>
  <tag k="highway" v="footway"/>
 </way>
 <way id="836239633" visible="true" version="1" changeset="89272654" timestamp="2020-08-11T23:47:01Z" user="divulmappeur" uid="8490885">
  <nd ref="4638181541"/>
  <nd ref="4638181553"/>
  <nd ref="7805118234"/>
  <nd ref="7805118235"/>
  <nd ref="7805118236"/>
  <nd ref="7805118237"/>
  <nd ref="7805118238"/>
  <nd ref="7805118239"/>
  <nd ref="7805118240"/>
  <nd ref="4638181546"/>
  <tag k="highway" v="footway"/>
 </way>
 <way id="836239634" visible="true" version="1" changeset="89272654" timestamp="2020-08-11T23:47:01Z" user="divulmappeur" uid="8490885">
  <nd ref="7805118244"/>
  <nd ref="7805118245"/>
  <tag k="highway" v="steps"/>
  <tag k="incline" v="down"/>
 </way>
 <way id="836239635" visible="true" version="1" changeset="89272654" timestamp="2020-08-11T23:47:01Z" user="divulmappeur" uid="8490885">
  <nd ref="7805118246"/>
  <nd ref="7805118247"/>
  <nd ref="7805118245"/>
  <nd ref="7805118248"/>
  <nd ref="7805118249"/>
  <tag k="highway" v="footway"/>
 </way>
 <way id="836239636" visible="true" version="2" changeset="157161558" timestamp="2024-09-27T09:21:23Z" user="Pyb" uid="150474">
  <nd ref="7805118268"/>
  <nd ref="7805118269"/>
  <nd ref="7805118270"/>
  <nd ref="7805118271"/>
  <nd ref="7805118272"/>
  <nd ref="7805118273"/>
  <nd ref="7805118264"/>
  <nd ref="7805118265"/>
  <nd ref="7805118266"/>
  <nd ref="7805118274"/>
  <nd ref="5309176958"/>
  <nd ref="7805118275"/>
  <nd ref="7805118276"/>
  <nd ref="7805118277"/>
  <nd ref="7805118278"/>
  <nd ref="7805118279"/>
  <nd ref="7805118263"/>
  <nd ref="7805118280"/>
  <nd ref="7805118267"/>
  <nd ref="7805118268"/>
  <tag k="highway" v="footway"/>
  <tag k="surface" v="gravel"/>
 </way>
 <way id="836239637" visible="true" version="2" changeset="157161558" timestamp="2024-09-27T09:21:29Z" user="Pyb" uid="150474">
  <nd ref="5309176958"/>
  <nd ref="5309176959"/>
  <nd ref="5309176960"/>
  <tag k="highway" v="footway"/>
  <tag k="surface" v="gravel"/>
 </way>
 <way id="836239638" visible="true" version="1" changeset="89272654" timestamp="2020-08-11T23:47:01Z" user="divulmappeur" uid="8490885">
  <nd ref="7805118283"/>
  <nd ref="7805118284"/>
  <tag k="access" v="private"/>
  <tag k="highway" v="service"/>
  <tag k="layer" v="-1"/>
  <tag k="service" v="driveway"/>
  <tag k="tunnel" v="yes"/>
 </way>
 <way id="836239639" visible="true" version="3" changeset="100373094" timestamp="2021-03-03T20:11:59Z" user="FvGordon" uid="161619">
  <nd ref="7805118284"/>
  <nd ref="299136262"/>
  <nd ref="299136263"/>
  <nd ref="299136264"/>
  <nd ref="299136265"/>
  <nd ref="364686553"/>
  <nd ref="8483850214"/>
  <nd ref="299136268"/>
  <nd ref="299136269"/>
  <nd ref="8458683231"/>
  <nd ref="299136270"/>
  <nd ref="299136271"/>
  <nd ref="445773923"/>
  <nd ref="8458683230"/>
  <nd ref="7805118290"/>
  <nd ref="5309176963"/>
  <nd ref="1774752348"/>
  <nd ref="1774752346"/>
  <nd ref="1533874126"/>
  <tag k="access" v="private"/>
  <tag k="highway" v="service"/>
  <tag k="service" v="driveway"/>
 </way>
 <way id="836239640" visible="true" version="1" changeset="89272654" timestamp="2020-08-11T23:47:01Z" user="divulmappeur" uid="8490885">
  <nd ref="5309176948"/>
  <nd ref="7805118285"/>
  <tag k="highway" v="footway"/>
 </way>
 <way id="836239641" visible="true" version="1" changeset="89272654" timestamp="2020-08-11T23:47:01Z" user="divulmappeur" uid="8490885">
  <nd ref="5309176954"/>
  <nd ref="7805118286"/>
  <nd ref="5309176953"/>
  <nd ref="7805118288"/>
  <nd ref="7805118287"/>
  <tag k="access" v="private"/>
  <tag k="highway" v="service"/>
 </way>
 <way id="836239642" visible="true" version="1" changeset="89272654" timestamp="2020-08-11T23:47:01Z" user="divulmappeur" uid="8490885">
  <nd ref="7805118289"/>
  <nd ref="5309176962"/>
  <nd ref="5309176963"/>
  <tag k="highway" v="footway"/>
 </way>
 <way id="836239643" visible="true" version="2" changeset="157161558" timestamp="2024-09-27T09:22:04Z" user="Pyb" uid="150474">
  <nd ref="5309176960"/>
  <nd ref="5309176961"/>
  <nd ref="7805118289"/>
  <tag k="highway" v="footway"/>
  <tag k="layer" v="-1"/>
  <tag k="surface" v="concrete"/>
  <tag k="tunnel" v="yes"/>
 </way>
 <way id="836239644" visible="true" version="1" changeset="89272654" timestamp="2020-08-11T23:47:01Z" user="divulmappeur" uid="8490885">
  <nd ref="7805118292"/>
  <nd ref="5309176965"/>
  <nd ref="5309176966"/>
  <nd ref="5309176967"/>
  <nd ref="5309176968"/>
  <nd ref="5309176969"/>
  <nd ref="299136268"/>
  <tag k="highway" v="footway"/>
 </way>
 <way id="836239645" visible="true" version="1" changeset="89272654" timestamp="2020-08-11T23:47:01Z" user="divulmappeur" uid="8490885">
  <nd ref="7805118291"/>
  <nd ref="7805118292"/>
  <tag k="highway" v="footway"/>
  <tag k="layer" v="-1"/>
  <tag k="tunnel" v="yes"/>
 </way>
 <way id="842361735" visible="true" version="2" changeset="173289624" timestamp="2025-10-14T18:36:28Z" user="divulmappeur" uid="8490885">
  <nd ref="276007608"/>
  <nd ref="7858540585"/>
  <nd ref="7858540586"/>
  <nd ref="7858540587"/>
  <nd ref="7858540592"/>
  <nd ref="295689112"/>
  <nd ref="7858540588"/>
  <nd ref="7858540589"/>
  <nd ref="296155465"/>
  <nd ref="2628293065"/>
  <nd ref="295689138"/>
  <nd ref="295689132"/>
  <nd ref="2628293061"/>
  <nd ref="296155460"/>
  <nd ref="4058818490"/>
  <nd ref="276007608"/>
  <tag k="landuse" v="residential"/>
  <tag k="name" v="Parc Lubonis"/>
 </way>
 <way id="845358526" visible="true" version="1" changeset="90582950" timestamp="2020-09-08T11:06:58Z" user="Hervé TUC" uid="922338">
  <nd ref="7886979759"/>
  <nd ref="7886979758"/>
  <nd ref="7886979757"/>
  <nd ref="7886979756"/>
  <nd ref="7886979755"/>
  <nd ref="7886979754"/>
  <nd ref="7886979753"/>
  <tag k="access" v="private"/>
  <tag k="highway" v="service"/>
 </way>
 <way id="882405955" visible="true" version="2" changeset="166114840" timestamp="2025-05-11T15:44:50Z" user="EnderHero" uid="6378179">
  <nd ref="8206074941"/>
  <nd ref="1533873070"/>
  <nd ref="8206074944"/>
  <nd ref="1533873022"/>
  <nd ref="1533873019"/>
  <nd ref="1533872652"/>
  <nd ref="8206074945"/>
  <nd ref="8206074942"/>
  <nd ref="250127959"/>
  <nd ref="8206074941"/>
  <tag k="access" v="private"/>
  <tag k="amenity" v="parking"/>
  <tag k="operator" v="Université Côte d'Azur"/>
  <tag k="operator:type" v="university"/>
  <tag k="parking" v="surface"/>
 </way>
 <way id="882405956" visible="true" version="4" changeset="140526550" timestamp="2023-08-29T07:34:28Z" user="Joo57" uid="263937">
  <nd ref="7738379042"/>
  <nd ref="8206074946"/>
  <nd ref="8206074947"/>
  <nd ref="8206074948"/>
  <nd ref="8206074949"/>
  <nd ref="8206074952"/>
  <nd ref="8206074946"/>
  <tag k="access" v="permit"/>
  <tag k="highway" v="service"/>
  <tag k="service" v="parking_aisle"/>
  <tag k="surface" v="asphalt"/>
 </way>
 <way id="882405957" visible="true" version="1" changeset="95499339" timestamp="2020-12-08T16:25:57Z" user="divulmappeur" uid="8490885">
  <nd ref="8206074954"/>
  <nd ref="8206074953"/>
  <nd ref="8206074955"/>
  <tag k="highway" v="footway"/>
 </way>
 <way id="882405958" visible="true" version="1" changeset="95499339" timestamp="2020-12-08T16:25:57Z" user="divulmappeur" uid="8490885">
  <nd ref="8206074956"/>
  <nd ref="8206074957"/>
  <tag k="highway" v="footway"/>
 </way>
 <way id="882405959" visible="true" version="1" changeset="95499339" timestamp="2020-12-08T16:25:57Z" user="divulmappeur" uid="8490885">
  <nd ref="8206074955"/>
  <nd ref="8206074956"/>
  <tag k="highway" v="steps"/>
  <tag k="incline" v="up"/>
 </way>
 <way id="882405960" visible="true" version="5" changeset="114340066" timestamp="2021-11-28T23:18:57Z" user="divulmappeur" uid="8490885">
  <nd ref="276007693"/>
  <nd ref="8206074962"/>
  <nd ref="8206074960"/>
  <nd ref="8206074961"/>
  <nd ref="276007693"/>
  <tag k="access" v="yes"/>
  <tag k="amenity" v="parking"/>
  <tag k="fee" v="no"/>
  <tag k="parking" v="surface"/>
 </way>
 <way id="886318940" visible="true" version="1" changeset="96090746" timestamp="2020-12-18T21:14:03Z" user="divulmappeur" uid="8490885">
  <nd ref="8241453735"/>
  <nd ref="8241453736"/>
  <nd ref="8241453737"/>
  <nd ref="8241453738"/>
  <nd ref="1533801540"/>
  <nd ref="1533801775"/>
  <nd ref="1533801834"/>
  <nd ref="8241453735"/>
  <tag k="access" v="customers"/>
  <tag k="amenity" v="parking"/>
  <tag k="parking" v="surface"/>
 </way>
 <way id="910947535" visible="true" version="1" changeset="99995835" timestamp="2021-02-25T18:05:36Z" user="divulmappeur" uid="8490885">
  <nd ref="8458656411"/>
  <nd ref="8458656412"/>
  <nd ref="8458656413"/>
  <nd ref="4423536254"/>
  <tag k="access" v="private"/>
  <tag k="highway" v="service"/>
  <tag k="service" v="parking_aisle"/>
 </way>
 <way id="910947536" visible="true" version="1" changeset="99995835" timestamp="2021-02-25T18:05:36Z" user="divulmappeur" uid="8490885">
  <nd ref="8458656414"/>
  <nd ref="8458656415"/>
  <nd ref="8458656412"/>
  <tag k="access" v="private"/>
  <tag k="highway" v="service"/>
  <tag k="service" v="parking_aisle"/>
 </way>
 <way id="910947537" visible="true" version="2" changeset="157161558" timestamp="2024-09-27T09:18:56Z" user="Pyb" uid="150474">
  <nd ref="4638182116"/>
  <nd ref="8458683226"/>
  <tag k="highway" v="footway"/>
  <tag k="surface" v="ground"/>
 </way>
 <way id="1006731479" visible="true" version="2" changeset="115585304" timestamp="2021-12-30T22:37:02Z" user="divulmappeur" uid="8490885">
  <nd ref="9288127259"/>
  <nd ref="9288127260"/>
  <nd ref="9288127261"/>
  <nd ref="9288127262"/>
  <nd ref="9288127263"/>
  <nd ref="9288127264"/>
  <nd ref="9288127265"/>
  <nd ref="9288127266"/>
  <nd ref="1678222493"/>
  <tag k="access" v="private"/>
  <tag k="highway" v="service"/>
  <tag k="maxheight" v="2.5"/>
  <tag k="maxspeed" v="20"/>
  <tag k="service" v="driveway"/>
 </way>
 <way id="1006731480" visible="true" version="1" changeset="114294455" timestamp="2021-11-27T13:26:24Z" user="divulmappeur" uid="8490885">
  <nd ref="276007641"/>
  <nd ref="9288127270"/>
  <nd ref="9288127267"/>
  <nd ref="9288127268"/>
  <nd ref="9288127269"/>
  <tag k="access" v="private"/>
  <tag k="highway" v="service"/>
 </way>
 <way id="1006731481" visible="true" version="2" changeset="156169888" timestamp="2024-09-04T06:14:52Z" user="Pyb" uid="150474">
  <nd ref="8206074932"/>
  <nd ref="9288127287"/>
  <nd ref="9288127271"/>
  <nd ref="9288127272"/>
  <nd ref="9288127273"/>
  <nd ref="9288127274"/>
  <nd ref="9288127275"/>
  <nd ref="9288127276"/>
  <nd ref="9288127277"/>
  <nd ref="9288127278"/>
  <nd ref="9288127279"/>
  <nd ref="9288127280"/>
  <nd ref="9288127281"/>
  <nd ref="9288127286"/>
  <nd ref="9288127282"/>
  <nd ref="9288127285"/>
  <nd ref="9288127283"/>
  <nd ref="9288127284"/>
  <tag k="access" v="private"/>
  <tag k="cycleway:both" v="no"/>
  <tag k="highway" v="service"/>
 </way>
 <way id="1015911147" visible="true" version="1" changeset="115436646" timestamp="2021-12-27T17:25:34Z" user="divulmappeur" uid="8490885">
  <nd ref="9370672745"/>
  <nd ref="9370672746"/>
  <nd ref="1533800473"/>
  <nd ref="9370672748"/>
  <nd ref="9370672747"/>
  <nd ref="9370672745"/>
  <tag k="landuse" v="residential"/>
  <tag k="name" v="Les Valroses"/>
 </way>
 <way id="1016998717" visible="true" version="3" changeset="116044417" timestamp="2022-01-11T23:13:20Z" user="divulmappeur" uid="8490885">
  <nd ref="9380420763"/>
  <nd ref="1678222554"/>
  <nd ref="9380420764"/>
  <nd ref="9380420765"/>
  <nd ref="9380420785"/>
  <nd ref="1533167569"/>
  <nd ref="4069811123"/>
  <nd ref="9411404699"/>
  <nd ref="9380420766"/>
  <nd ref="9380420767"/>
  <nd ref="9380420768"/>
  <nd ref="9380420769"/>
  <nd ref="9380420770"/>
  <nd ref="9380420771"/>
  <nd ref="9380420772"/>
  <nd ref="9380420788"/>
  <nd ref="9380420773"/>
  <nd ref="9380420789"/>
  <nd ref="9380420774"/>
  <nd ref="9380420790"/>
  <nd ref="9380420775"/>
  <nd ref="9380420791"/>
  <nd ref="9380420776"/>
  <nd ref="9380420777"/>
  <nd ref="9380420778"/>
  <nd ref="9380420779"/>
  <nd ref="9380420792"/>
  <nd ref="1678222468"/>
  <nd ref="1533312824"/>
  <nd ref="2628293177"/>
  <nd ref="2628293179"/>
  <nd ref="2628293180"/>
  <nd ref="2628293182"/>
  <nd ref="2628293187"/>
  <nd ref="2628293189"/>
  <nd ref="2628293200"/>
  <nd ref="2628293204"/>
  <nd ref="2628293206"/>
  <nd ref="2628293202"/>
  <nd ref="2628293191"/>
  <nd ref="2628293190"/>
  <nd ref="2628293196"/>
  <nd ref="2628293198"/>
  <nd ref="2628293207"/>
  <nd ref="2628293208"/>
  <nd ref="2628293209"/>
  <nd ref="2628293210"/>
  <nd ref="2628293211"/>
  <nd ref="2628293212"/>
  <nd ref="8206074940"/>
  <nd ref="9382563172"/>
  <nd ref="9288127287"/>
  <nd ref="9380420781"/>
  <nd ref="9380420793"/>
  <nd ref="9380420782"/>
  <nd ref="9380420794"/>
  <nd ref="9380420763"/>
  <tag k="landuse" v="residential"/>
  <tag k="name" v="Parc Liserb"/>
 </way>
 <way id="1016998724" visible="true" version="2" changeset="116044417" timestamp="2022-01-11T23:13:20Z" user="divulmappeur" uid="8490885">
  <nd ref="9380438318"/>
  <nd ref="9380438319"/>
  <nd ref="9380438320"/>
  <nd ref="9380438321"/>
  <nd ref="9380438322"/>
  <nd ref="9380438323"/>
  <nd ref="9380438324"/>
  <nd ref="9380438325"/>
  <nd ref="9380438326"/>
  <nd ref="9380438327"/>
  <nd ref="1533800473"/>
  <nd ref="9370672746"/>
  <nd ref="9380438328"/>
  <nd ref="9380438329"/>
  <nd ref="9288127294"/>
  <nd ref="9288127295"/>
  <nd ref="9380438330"/>
  <nd ref="9380438331"/>
  <nd ref="1533326652"/>
  <nd ref="1533326728"/>
  <nd ref="9380438318"/>
  <tag k="landuse" v="residential"/>
  <tag k="name" v="Domaine des Princes"/>
 </way>
 <way id="1047589918" visible="true" version="1" changeset="119255849" timestamp="2022-04-03T08:15:58Z" user="Patchi" uid="591881">
  <nd ref="281959043"/>
  <nd ref="9632952367"/>
  <nd ref="9632952366"/>
  <nd ref="9632952365"/>
  <nd ref="281959043"/>
  <tag k="amenity" v="shelter"/>
  <tag k="shelter_type" v="public_transport"/>
 </way>
 <way id="1053470762" visible="true" version="29" changeset="175622971" timestamp="2025-12-07T13:14:27Z" user="NicholasNCE" uid="186141">
  <nd ref="9681378064"/>
  <nd ref="9681378063"/>
  <nd ref="9681378062"/>
  <nd ref="9681378061"/>
  <nd ref="9681378060"/>
  <nd ref="9681378059"/>
  <nd ref="9681378058"/>
  <nd ref="9681378057"/>
  <nd ref="9681378056"/>
  <nd ref="9681378055"/>
  <nd ref="9681378054"/>
  <nd ref="9681378053"/>
  <nd ref="9681378052"/>
  <nd ref="9681378051"/>
  <nd ref="9681378050"/>
  <nd ref="9681378049"/>
  <nd ref="9681378048"/>
  <nd ref="9681378047"/>
  <nd ref="9681378046"/>
  <nd ref="9681378045"/>
  <nd ref="9681378044"/>
  <nd ref="9681378043"/>
  <nd ref="9681378042"/>
  <nd ref="9681378041"/>
  <nd ref="9681378040"/>
  <nd ref="9681378039"/>
  <nd ref="9681378038"/>
  <nd ref="9681378037"/>
  <nd ref="9681378036"/>
  <nd ref="9681378035"/>
  <nd ref="9681378034"/>
  <nd ref="9681378033"/>
  <nd ref="9681378032"/>
  <nd ref="9681378031"/>
  <nd ref="9681378030"/>
  <nd ref="9681378029"/>
  <nd ref="9681378028"/>
  <nd ref="9681378027"/>
  <nd ref="9681378026"/>
  <nd ref="9681378025"/>
  <nd ref="9681378024"/>
  <nd ref="9681378023"/>
  <nd ref="9681378022"/>
  <nd ref="9681378021"/>
  <nd ref="9681378020"/>
  <nd ref="9681378019"/>
  <nd ref="9681378018"/>
  <nd ref="9681378017"/>
  <nd ref="9681378016"/>
  <nd ref="9681378015"/>
  <nd ref="9681378014"/>
  <nd ref="9681378013"/>
  <nd ref="9681378012"/>
  <nd ref="9681378011"/>
  <nd ref="9681378010"/>
  <nd ref="9681378009"/>
  <nd ref="9681378008"/>
  <nd ref="9681378007"/>
  <nd ref="9681378006"/>
  <nd ref="9681378005"/>
  <nd ref="9681378004"/>
  <nd ref="9681378003"/>
  <nd ref="9681378002"/>
  <nd ref="9681378001"/>
  <nd ref="9681378000"/>
  <nd ref="9681377999"/>
  <nd ref="9681377998"/>
  <nd ref="9681377997"/>
  <nd ref="9681377996"/>
  <nd ref="9681377995"/>
  <nd ref="9681377994"/>
  <nd ref="9681377993"/>
  <nd ref="9681377992"/>
  <nd ref="9681377991"/>
  <nd ref="9681377990"/>
  <nd ref="9681377989"/>
  <nd ref="9681377988"/>
  <nd ref="9681377987"/>
  <nd ref="9681377986"/>
  <nd ref="9681377985"/>
  <nd ref="9681377984"/>
  <nd ref="9681377983"/>
  <nd ref="9681377982"/>
  <nd ref="9681377981"/>
  <nd ref="9681377980"/>
  <nd ref="9681377979"/>
  <nd ref="9681377978"/>
  <nd ref="9681377977"/>
  <nd ref="9681377976"/>
  <nd ref="9681377975"/>
  <nd ref="9681377974"/>
  <nd ref="9681377973"/>
  <nd ref="9681377972"/>
  <nd ref="9681377971"/>
  <nd ref="9681377970"/>
  <nd ref="9681377969"/>
  <nd ref="9681377968"/>
  <nd ref="9681377967"/>
  <nd ref="9681377966"/>
  <nd ref="9681377965"/>
  <nd ref="9681377964"/>
  <nd ref="9681377963"/>
  <nd ref="9681377962"/>
  <nd ref="9681377961"/>
  <nd ref="9681377960"/>
  <nd ref="9681377959"/>
  <nd ref="9681377958"/>
  <nd ref="9681377957"/>
  <nd ref="9681377956"/>
  <nd ref="9681377955"/>
  <nd ref="9681377954"/>
  <nd ref="9681377953"/>
  <nd ref="9681377952"/>
  <nd ref="9681377951"/>
  <nd ref="9681377950"/>
  <nd ref="9681377949"/>
  <nd ref="9681377948"/>
  <nd ref="9681377947"/>
  <nd ref="9681377946"/>
  <nd ref="9681377945"/>
  <nd ref="9681377944"/>
  <nd ref="9681377943"/>
  <nd ref="9681377942"/>
  <nd ref="9681377941"/>
  <nd ref="9681377940"/>
  <nd ref="9681377939"/>
  <nd ref="9681377938"/>
  <nd ref="9681377937"/>
  <nd ref="9681377936"/>
  <nd ref="9681377935"/>
  <nd ref="9681377934"/>
  <nd ref="9681377933"/>
  <nd ref="9681377932"/>
  <nd ref="9681377931"/>
  <nd ref="9681377930"/>
  <nd ref="9681377929"/>
  <nd ref="9681377928"/>
  <nd ref="9681377927"/>
  <nd ref="9681377926"/>
  <nd ref="9681377925"/>
  <nd ref="9681377924"/>
  <nd ref="9681377923"/>
  <nd ref="9681377922"/>
  <nd ref="9681377921"/>
  <nd ref="9681377920"/>
  <nd ref="9681377919"/>
  <nd ref="9681377918"/>
  <nd ref="9681377917"/>
  <nd ref="9681377916"/>
  <nd ref="9681377915"/>
  <nd ref="9681377914"/>
  <nd ref="9681377913"/>
  <nd ref="9681377912"/>
  <nd ref="9681377911"/>
  <nd ref="9681377910"/>
  <nd ref="9681377909"/>
  <nd ref="9681377908"/>
  <nd ref="9681377907"/>
  <nd ref="9681377906"/>
  <nd ref="9681377905"/>
  <nd ref="9681377904"/>
  <nd ref="9681377903"/>
  <nd ref="9681377902"/>
  <nd ref="9681377901"/>
  <nd ref="9681377900"/>
  <nd ref="9681377899"/>
  <nd ref="9681377898"/>
  <nd ref="9681377897"/>
  <nd ref="9681377896"/>
  <nd ref="9681377895"/>
  <nd ref="9681377894"/>
  <nd ref="9681377893"/>
  <nd ref="9681377892"/>
  <nd ref="9681377891"/>
  <nd ref="9681377890"/>
  <nd ref="9681377889"/>
  <nd ref="9681377888"/>
  <nd ref="9681377887"/>
  <nd ref="9681377886"/>
  <nd ref="9681377885"/>
  <nd ref="9681377884"/>
  <nd ref="9681377883"/>
  <nd ref="9681377882"/>
  <nd ref="9681377881"/>
  <nd ref="9681377880"/>
  <nd ref="9681377879"/>
  <nd ref="9681377878"/>
  <nd ref="9681377877"/>
  <nd ref="9681377876"/>
  <nd ref="9681377875"/>
  <nd ref="9681377874"/>
  <nd ref="9681377873"/>
  <nd ref="9681377872"/>
  <nd ref="9681377871"/>
  <nd ref="12049174040"/>
  <nd ref="9681377870"/>
  <nd ref="9681377869"/>
  <nd ref="9681377868"/>
  <nd ref="9681377867"/>
  <nd ref="9681377866"/>
  <nd ref="9681377865"/>
  <nd ref="9681377864"/>
  <nd ref="9681377863"/>
  <nd ref="9681377862"/>
  <nd ref="9681377861"/>
  <nd ref="9681377860"/>
  <nd ref="9681377859"/>
  <nd ref="9681377858"/>
  <nd ref="9681377857"/>
  <nd ref="9681377856"/>
  <nd ref="9681377855"/>
  <nd ref="9681377854"/>
  <nd ref="9681377853"/>
  <nd ref="9681377852"/>
  <nd ref="9681377851"/>
  <nd ref="9681377850"/>
  <nd ref="9681377849"/>
  <nd ref="9681377848"/>
  <nd ref="9681377847"/>
  <nd ref="9681377846"/>
  <nd ref="9681377845"/>
  <nd ref="9681377844"/>
  <nd ref="9681377843"/>
  <nd ref="9681377842"/>
  <nd ref="9681377841"/>
  <nd ref="9681377840"/>
  <nd ref="9681377839"/>
  <nd ref="9681377838"/>
  <nd ref="9681377837"/>
  <nd ref="9681377836"/>
  <nd ref="9681377835"/>
  <nd ref="9681377834"/>
  <nd ref="9681377833"/>
  <nd ref="9681377832"/>
  <nd ref="9681377831"/>
  <nd ref="9681377830"/>
  <nd ref="9681377829"/>
  <nd ref="9681377828"/>
  <nd ref="9681377827"/>
  <nd ref="9681377826"/>
  <nd ref="9681377825"/>
  <nd ref="9681377824"/>
  <nd ref="9681377823"/>
  <nd ref="9681377822"/>
  <nd ref="9681377821"/>
  <nd ref="9681377820"/>
  <nd ref="9681377819"/>
  <nd ref="9681377818"/>
  <nd ref="9681377817"/>
  <nd ref="9681377816"/>
  <nd ref="9681377815"/>
  <nd ref="9681377814"/>
  <nd ref="9681377813"/>
  <nd ref="9681377812"/>
  <nd ref="9681377811"/>
  <nd ref="9681377810"/>
  <nd ref="9681377809"/>
  <nd ref="9681377808"/>
  <nd ref="9681377807"/>
  <nd ref="9681377806"/>
  <nd ref="9681377805"/>
  <nd ref="9681377804"/>
  <nd ref="9681377803"/>
  <nd ref="9681377802"/>
  <nd ref="9681377801"/>
  <nd ref="9681377800"/>
  <nd ref="9681377799"/>
  <nd ref="9681377798"/>
  <nd ref="9681377797"/>
  <nd ref="9681377796"/>
  <nd ref="9681377795"/>
  <nd ref="9681377794"/>
  <nd ref="9681377793"/>
  <nd ref="9681377792"/>
  <nd ref="9681377791"/>
  <nd ref="9681377790"/>
  <nd ref="9681377789"/>
  <nd ref="9681377788"/>
  <nd ref="9681377787"/>
  <nd ref="9681377786"/>
  <nd ref="9681377785"/>
  <nd ref="9681377784"/>
  <nd ref="9681377783"/>
  <nd ref="9681377782"/>
  <nd ref="9681377781"/>
  <nd ref="9681377780"/>
  <nd ref="9681377779"/>
  <nd ref="9681377778"/>
  <nd ref="9681377777"/>
  <nd ref="9681377776"/>
  <nd ref="9681377775"/>
  <nd ref="9681377774"/>
  <nd ref="9681377773"/>
  <nd ref="9681377772"/>
  <nd ref="9681377771"/>
  <nd ref="9681377770"/>
  <nd ref="9681377769"/>
  <nd ref="9681377768"/>
  <nd ref="9681377767"/>
  <nd ref="9681377766"/>
  <nd ref="9681377765"/>
  <nd ref="9681377764"/>
  <nd ref="9681377763"/>
  <nd ref="9681377762"/>
  <nd ref="9681377761"/>
  <nd ref="9681377760"/>
  <nd ref="9681377759"/>
  <nd ref="9681377758"/>
  <nd ref="9681377757"/>
  <nd ref="9681377756"/>
  <nd ref="9681377755"/>
  <nd ref="9681377754"/>
  <nd ref="13358253698"/>
  <nd ref="9681377753"/>
  <nd ref="9681377752"/>
  <nd ref="9681377751"/>
  <nd ref="9681377750"/>
  <nd ref="9681377749"/>
  <nd ref="9681377748"/>
  <nd ref="9681377747"/>
  <nd ref="9681377746"/>
  <nd ref="9681377745"/>
  <nd ref="9681377744"/>
  <nd ref="9681377743"/>
  <nd ref="9681377742"/>
  <nd ref="9681377741"/>
  <nd ref="9681377740"/>
  <nd ref="9681377739"/>
  <nd ref="9681377738"/>
  <nd ref="9681377737"/>
  <nd ref="9681377736"/>
  <nd ref="9681377735"/>
  <nd ref="9681377734"/>
  <nd ref="9681377733"/>
  <nd ref="9681377732"/>
  <nd ref="9681377731"/>
  <nd ref="9681377730"/>
  <nd ref="9681377729"/>
  <nd ref="9681377728"/>
  <nd ref="9681377727"/>
  <nd ref="9681377726"/>
  <nd ref="9681377725"/>
  <nd ref="9681377724"/>
  <nd ref="9681377723"/>
  <nd ref="9681377722"/>
  <nd ref="9681377721"/>
  <nd ref="9681377720"/>
  <nd ref="9681377719"/>
  <nd ref="9681377718"/>
  <nd ref="9681377717"/>
  <nd ref="9681377716"/>
  <nd ref="9681377715"/>
  <nd ref="9681377714"/>
  <nd ref="9681377713"/>
  <nd ref="9681377712"/>
  <nd ref="9681377711"/>
  <nd ref="9681377710"/>
  <nd ref="9681377709"/>
  <nd ref="9681377708"/>
  <nd ref="9681377707"/>
  <nd ref="9681377706"/>
  <nd ref="9681377705"/>
  <nd ref="9681377704"/>
  <nd ref="9681377703"/>
  <nd ref="9681377702"/>
  <nd ref="9681377701"/>
  <nd ref="9681377700"/>
  <nd ref="9681377699"/>
  <nd ref="9681377698"/>
  <nd ref="9681377697"/>
  <nd ref="9681377696"/>
  <nd ref="9681377695"/>
  <nd ref="9681377694"/>
  <nd ref="9681377693"/>
  <nd ref="9681377692"/>
  <nd ref="9681377691"/>
  <nd ref="9681377690"/>
  <nd ref="9681377689"/>
  <nd ref="9681377688"/>
  <nd ref="9681377687"/>
  <nd ref="9681377686"/>
  <nd ref="9681377685"/>
  <nd ref="9681377684"/>
  <nd ref="9681377683"/>
  <nd ref="9681377682"/>
  <nd ref="9681377681"/>
  <nd ref="9681377680"/>
  <nd ref="9681377679"/>
  <nd ref="9681377678"/>
  <nd ref="9681377677"/>
  <nd ref="9681377676"/>
  <nd ref="9681377675"/>
  <nd ref="9681377674"/>
  <nd ref="9681377673"/>
  <nd ref="9681377672"/>
  <nd ref="9681377671"/>
  <nd ref="9681377670"/>
  <nd ref="9681377669"/>
  <nd ref="9681377668"/>
  <nd ref="9681377667"/>
  <nd ref="9681377666"/>
  <nd ref="9681377665"/>
  <nd ref="9681377664"/>
  <nd ref="9681377663"/>
  <nd ref="9681377662"/>
  <nd ref="9681377661"/>
  <nd ref="9681377660"/>
  <nd ref="9681377659"/>
  <nd ref="9681377658"/>
  <nd ref="9681377657"/>
  <nd ref="9681377656"/>
  <nd ref="9681377655"/>
  <nd ref="9681377654"/>
  <nd ref="9681377653"/>
  <nd ref="9681377652"/>
  <nd ref="9681377651"/>
  <nd ref="9681377650"/>
  <nd ref="9681377649"/>
  <nd ref="9681377648"/>
  <nd ref="9681377647"/>
  <nd ref="9681377646"/>
  <nd ref="9681377645"/>
  <nd ref="9681377644"/>
  <nd ref="9681377643"/>
  <nd ref="9681377642"/>
  <nd ref="9681377641"/>
  <nd ref="9681377640"/>
  <nd ref="9681377639"/>
  <nd ref="9681377638"/>
  <nd ref="9681377637"/>
  <nd ref="9681377636"/>
  <nd ref="9681377635"/>
  <nd ref="9681377634"/>
  <nd ref="9681377633"/>
  <nd ref="9681377632"/>
  <nd ref="9681377631"/>
  <nd ref="9681377630"/>
  <nd ref="9681377629"/>
  <nd ref="9681377628"/>
  <nd ref="9681377627"/>
  <nd ref="9681377626"/>
  <nd ref="9681377625"/>
  <nd ref="9681377624"/>
  <nd ref="9681377623"/>
  <nd ref="9681377622"/>
  <nd ref="9681377621"/>
  <nd ref="9681377620"/>
  <nd ref="9681377619"/>
  <nd ref="9681377618"/>
  <nd ref="9681377617"/>
  <nd ref="9681377616"/>
  <nd ref="9681377615"/>
  <nd ref="9681377614"/>
  <nd ref="9681377613"/>
  <nd ref="9681377612"/>
  <nd ref="9681377611"/>
  <nd ref="9681377610"/>
  <nd ref="9681377609"/>
  <nd ref="9681377608"/>
  <nd ref="9681377607"/>
  <nd ref="9681377606"/>
  <nd ref="9681377605"/>
  <nd ref="9681377604"/>
  <nd ref="9681377603"/>
  <nd ref="9681377602"/>
  <nd ref="9681377601"/>
  <nd ref="9681377600"/>
  <nd ref="9681377599"/>
  <nd ref="9681377598"/>
  <nd ref="9681377597"/>
  <nd ref="9681377596"/>
  <nd ref="9681377595"/>
  <nd ref="9681377594"/>
  <nd ref="9681377593"/>
  <nd ref="9681377592"/>
  <nd ref="9681377591"/>
  <nd ref="9681377590"/>
  <nd ref="9681377589"/>
  <nd ref="9681377588"/>
  <nd ref="9681377587"/>
  <nd ref="9681377586"/>
  <nd ref="9681377585"/>
  <nd ref="9681377584"/>
  <nd ref="9681377583"/>
  <nd ref="9681377582"/>
  <nd ref="9681377581"/>
  <nd ref="9681377580"/>
  <nd ref="9681377579"/>
  <nd ref="9681377578"/>
  <nd ref="9681377577"/>
  <nd ref="9681377576"/>
  <nd ref="9681377575"/>
  <nd ref="9681377574"/>
  <nd ref="9681377573"/>
  <nd ref="9681377572"/>
  <nd ref="9681377571"/>
  <nd ref="9681377570"/>
  <nd ref="9681377569"/>
  <nd ref="9681377568"/>
  <nd ref="9681377567"/>
  <nd ref="9681377566"/>
  <nd ref="9681377565"/>
  <nd ref="9681377564"/>
  <nd ref="9681377563"/>
  <nd ref="9681377562"/>
  <nd ref="9681377561"/>
  <nd ref="9681377560"/>
  <nd ref="9681377559"/>
  <nd ref="9681377558"/>
  <nd ref="9681377557"/>
  <nd ref="9681377556"/>
  <nd ref="9681377555"/>
  <nd ref="9681377554"/>
  <nd ref="9681377553"/>
  <nd ref="9681377552"/>
  <nd ref="9681377551"/>
  <nd ref="9681377550"/>
  <nd ref="9681377549"/>
  <nd ref="9681377548"/>
  <nd ref="9681377547"/>
  <nd ref="9681377546"/>
  <nd ref="9681377545"/>
  <nd ref="9681377544"/>
  <nd ref="9681377543"/>
  <nd ref="9681377542"/>
  <nd ref="9681377541"/>
  <nd ref="9681377540"/>
  <nd ref="9681377539"/>
  <nd ref="9681377538"/>
  <nd ref="9681377537"/>
  <nd ref="9681377536"/>
  <nd ref="9681377535"/>
  <nd ref="9681377534"/>
  <nd ref="9681377533"/>
  <nd ref="9681377532"/>
  <nd ref="9681377531"/>
  <nd ref="9681377530"/>
  <nd ref="9681377529"/>
  <nd ref="9681377528"/>
  <nd ref="9681377527"/>
  <nd ref="9681377526"/>
  <nd ref="9681377525"/>
  <nd ref="9681377524"/>
  <nd ref="9681377523"/>
  <nd ref="9681377522"/>
  <nd ref="9681377521"/>
  <nd ref="9681377520"/>
  <nd ref="9681377519"/>
  <nd ref="9681377518"/>
  <nd ref="9681377517"/>
  <nd ref="9681377516"/>
  <nd ref="9681377515"/>
  <nd ref="9681377514"/>
  <nd ref="9681377513"/>
  <nd ref="9681377512"/>
  <nd ref="9681377511"/>
  <nd ref="13311044805"/>
  <nd ref="9681377510"/>
  <nd ref="9681377509"/>
  <nd ref="9681377508"/>
  <nd ref="9681377507"/>
  <nd ref="9681377506"/>
  <nd ref="9681377505"/>
  <nd ref="9681377504"/>
  <nd ref="9681377503"/>
  <nd ref="9681377502"/>
  <nd ref="9681377501"/>
  <nd ref="9681377500"/>
  <nd ref="9681377499"/>
  <nd ref="9681377498"/>
  <nd ref="9681377497"/>
  <nd ref="9681377496"/>
  <nd ref="9681377495"/>
  <nd ref="9681377494"/>
  <nd ref="9681377493"/>
  <nd ref="9681377492"/>
  <nd ref="9681377491"/>
  <nd ref="9681377490"/>
  <nd ref="9681377489"/>
  <nd ref="9681377488"/>
  <nd ref="9681377487"/>
  <nd ref="9681377486"/>
  <nd ref="9681377485"/>
  <nd ref="9681377484"/>
  <nd ref="12352005941"/>
  <nd ref="9681377483"/>
  <nd ref="9681377482"/>
  <nd ref="9681377481"/>
  <nd ref="12352005940"/>
  <nd ref="9681377480"/>
  <nd ref="9681377479"/>
  <nd ref="9681377478"/>
  <nd ref="9681377477"/>
  <nd ref="9681377476"/>
  <nd ref="9681377475"/>
  <nd ref="12352005939"/>
  <nd ref="9681377474"/>
  <nd ref="9681377473"/>
  <nd ref="9681377472"/>
  <nd ref="9681377471"/>
  <nd ref="9681377470"/>
  <nd ref="9681377469"/>
  <nd ref="9681377468"/>
  <nd ref="9681377467"/>
  <nd ref="9681377466"/>
  <nd ref="9681377465"/>
  <nd ref="9681377464"/>
  <nd ref="9681377463"/>
  <nd ref="9681377462"/>
  <nd ref="9681377461"/>
  <nd ref="9681377460"/>
  <nd ref="9681377459"/>
  <nd ref="9681377458"/>
  <nd ref="9681377457"/>
  <nd ref="9681377456"/>
  <nd ref="9681377455"/>
  <nd ref="9681377454"/>
  <nd ref="9681377453"/>
  <nd ref="9681377452"/>
  <nd ref="9681377451"/>
  <nd ref="9681377450"/>
  <nd ref="12352005928"/>
  <nd ref="9681377449"/>
  <nd ref="9681377448"/>
  <nd ref="9681377447"/>
  <nd ref="9681377446"/>
  <nd ref="9681377445"/>
  <nd ref="9681377444"/>
  <nd ref="9681377443"/>
  <nd ref="9681377442"/>
  <nd ref="9681377441"/>
  <nd ref="9681377440"/>
  <nd ref="9681377439"/>
  <nd ref="9681377438"/>
  <nd ref="9681377437"/>
  <nd ref="9681377436"/>
  <nd ref="1534817093"/>
  <nd ref="9681377434"/>
  <nd ref="9681377433"/>
  <nd ref="9681377432"/>
  <nd ref="9681377430"/>
  <nd ref="9681377429"/>
  <nd ref="9681377428"/>
  <nd ref="9681377427"/>
  <nd ref="9681377426"/>
  <nd ref="9681377425"/>
  <nd ref="9681377424"/>
  <nd ref="9681377423"/>
  <nd ref="9681377422"/>
  <nd ref="9681377421"/>
  <nd ref="9681377420"/>
  <nd ref="9681377419"/>
  <nd ref="9681377418"/>
  <nd ref="9681377417"/>
  <nd ref="9681377416"/>
  <nd ref="9681377415"/>
  <nd ref="9681377414"/>
  <nd ref="9681377413"/>
  <nd ref="9681377412"/>
  <nd ref="9681377411"/>
  <nd ref="9681377410"/>
  <nd ref="9681377409"/>
  <nd ref="9681377408"/>
  <nd ref="9681377407"/>
  <nd ref="9681377406"/>
  <nd ref="9681377405"/>
  <nd ref="9681377404"/>
  <nd ref="9681377402"/>
  <nd ref="9681377401"/>
  <nd ref="9681377400"/>
  <nd ref="9681377399"/>
  <nd ref="9681377398"/>
  <nd ref="9681377397"/>
  <nd ref="9681377396"/>
  <nd ref="9681377395"/>
  <nd ref="1579382440"/>
  <nd ref="9681377393"/>
  <nd ref="9681377392"/>
  <nd ref="9681377391"/>
  <nd ref="9681377390"/>
  <nd ref="9681377389"/>
  <nd ref="9681377388"/>
  <nd ref="9681377387"/>
  <nd ref="9681377386"/>
  <nd ref="9681377385"/>
  <nd ref="9681377384"/>
  <nd ref="9681377383"/>
  <nd ref="9681377382"/>
  <nd ref="9681377381"/>
  <nd ref="9681377380"/>
  <nd ref="9681377379"/>
  <nd ref="13125437376"/>
  <nd ref="9681377378"/>
  <nd ref="9681377377"/>
  <nd ref="9681377376"/>
  <nd ref="9681377375"/>
  <nd ref="9681377374"/>
  <nd ref="9681377373"/>
  <nd ref="9681377372"/>
  <nd ref="9681377371"/>
  <nd ref="9681377370"/>
  <nd ref="9681377369"/>
  <nd ref="9681377368"/>
  <nd ref="9681377367"/>
  <nd ref="9681377366"/>
  <nd ref="9681377365"/>
  <nd ref="9681377364"/>
  <nd ref="9681377363"/>
  <nd ref="9681377362"/>
  <nd ref="9681377361"/>
  <nd ref="9681377360"/>
  <nd ref="9681377359"/>
  <nd ref="9681377358"/>
  <nd ref="9681377357"/>
  <nd ref="9681377356"/>
  <nd ref="9681377355"/>
  <nd ref="9681377354"/>
  <nd ref="9681377353"/>
  <nd ref="9681377352"/>
  <nd ref="9681377351"/>
  <nd ref="9681377350"/>
  <nd ref="9681377349"/>
  <nd ref="11822795706"/>
  <nd ref="9681377348"/>
  <nd ref="9681377347"/>
  <nd ref="1577097963"/>
  <nd ref="9681377346"/>
  <nd ref="9681377345"/>
  <nd ref="4423188625"/>
  <nd ref="4423188622"/>
  <nd ref="10839278637"/>
  <nd ref="9681377344"/>
  <nd ref="10837379681"/>
  <nd ref="11425823900"/>
  <nd ref="10837379682"/>
  <nd ref="9681377343"/>
  <nd ref="9681377342"/>
  <nd ref="9681377341"/>
  <nd ref="9681377340"/>
  <nd ref="9681377339"/>
  <nd ref="9681377338"/>
  <nd ref="9681377337"/>
  <nd ref="9681377336"/>
  <nd ref="9681377335"/>
  <nd ref="9681377334"/>
  <nd ref="9681377333"/>
  <nd ref="10211251307"/>
  <nd ref="9681377332"/>
  <nd ref="9681377331"/>
  <nd ref="9681377330"/>
  <nd ref="9681377329"/>
  <nd ref="9681377328"/>
  <nd ref="9681377327"/>
  <nd ref="9681377326"/>
  <nd ref="9681377325"/>
  <nd ref="9681377324"/>
  <nd ref="9681377323"/>
  <nd ref="9681377322"/>
  <nd ref="9681377321"/>
  <nd ref="9681377320"/>
  <nd ref="9681377319"/>
  <nd ref="9681377318"/>
  <nd ref="9681377317"/>
  <nd ref="9681377316"/>
  <nd ref="9681377315"/>
  <nd ref="9681377314"/>
  <nd ref="9681377313"/>
  <nd ref="9681377312"/>
  <nd ref="9681377311"/>
  <nd ref="9681377310"/>
  <nd ref="9681377309"/>
  <nd ref="9681377308"/>
  <nd ref="9681377307"/>
  <nd ref="9681377306"/>
  <nd ref="9681377305"/>
  <nd ref="9681377304"/>
  <nd ref="9681377303"/>
  <nd ref="9681377302"/>
  <nd ref="9681377301"/>
  <nd ref="9681377300"/>
  <nd ref="9681377299"/>
  <nd ref="9681377298"/>
  <nd ref="9681377297"/>
  <nd ref="9681377296"/>
  <nd ref="9681377295"/>
  <nd ref="9681377294"/>
  <nd ref="9681377293"/>
  <nd ref="9681377292"/>
  <nd ref="9681377291"/>
  <nd ref="9681377290"/>
  <nd ref="9681377289"/>
  <nd ref="9681377288"/>
  <nd ref="9681377287"/>
  <nd ref="9681377286"/>
  <nd ref="9681377285"/>
  <nd ref="9681377284"/>
  <nd ref="9681377283"/>
  <nd ref="9681377282"/>
  <nd ref="9681377281"/>
  <nd ref="9681377280"/>
  <nd ref="9681377279"/>
  <nd ref="9681377278"/>
  <nd ref="9681377277"/>
  <nd ref="9681377276"/>
  <nd ref="9681377275"/>
  <nd ref="9681377274"/>
  <nd ref="9681377273"/>
  <nd ref="9681377272"/>
  <nd ref="9681377271"/>
  <nd ref="9681377270"/>
  <nd ref="9681377269"/>
  <nd ref="9681377268"/>
  <nd ref="9681377267"/>
  <nd ref="9681377266"/>
  <nd ref="9681377265"/>
  <nd ref="9681377264"/>
  <nd ref="9681377263"/>
  <nd ref="9681377262"/>
  <nd ref="9681377261"/>
  <nd ref="9681377260"/>
  <nd ref="9681377259"/>
  <nd ref="9681377258"/>
  <nd ref="9681377257"/>
  <nd ref="9681377256"/>
  <nd ref="9681377255"/>
  <nd ref="9681377254"/>
  <nd ref="9681377253"/>
  <nd ref="9681377252"/>
  <nd ref="9681377251"/>
  <nd ref="1564528698"/>
  <nd ref="11163549317"/>
  <nd ref="11163549316"/>
  <nd ref="1564528643"/>
  <nd ref="9681377250"/>
  <nd ref="9681377249"/>
  <nd ref="9681377248"/>
  <nd ref="9681377247"/>
  <nd ref="9681377246"/>
  <nd ref="9681377245"/>
  <nd ref="9681377244"/>
  <nd ref="9681377243"/>
  <nd ref="9681377242"/>
  <nd ref="9681377241"/>
  <nd ref="9681377240"/>
  <nd ref="9681377239"/>
  <nd ref="9681377238"/>
  <nd ref="9681377237"/>
  <nd ref="9681377236"/>
  <nd ref="9681377235"/>
  <nd ref="9681377234"/>
  <nd ref="9681377233"/>
  <nd ref="9681377232"/>
  <nd ref="9681377231"/>
  <nd ref="9681377230"/>
  <nd ref="9681377229"/>
  <nd ref="9681377228"/>
  <nd ref="9681377227"/>
  <nd ref="9681377226"/>
  <nd ref="9681377225"/>
  <nd ref="9681377224"/>
  <nd ref="9681377223"/>
  <nd ref="9681377222"/>
  <nd ref="9681377221"/>
  <nd ref="9681377220"/>
  <nd ref="9681377219"/>
  <nd ref="9681377218"/>
  <nd ref="9681377217"/>
  <nd ref="9681376616"/>
  <nd ref="9681376615"/>
  <nd ref="9681376614"/>
  <nd ref="9681376613"/>
  <nd ref="9681376612"/>
  <nd ref="9681376611"/>
  <nd ref="9681376610"/>
  <nd ref="9681376609"/>
  <nd ref="9681376608"/>
  <nd ref="9681376607"/>
  <nd ref="9681376606"/>
  <nd ref="9681376605"/>
  <nd ref="9681376604"/>
  <nd ref="9681376603"/>
  <nd ref="9681376602"/>
  <nd ref="9681376601"/>
  <nd ref="9681376600"/>
  <nd ref="9681376599"/>
  <nd ref="9681376598"/>
  <nd ref="9681376597"/>
  <nd ref="9681376596"/>
  <nd ref="9681376595"/>
  <nd ref="9681376594"/>
  <nd ref="9681376593"/>
  <nd ref="9681376592"/>
  <nd ref="9681376591"/>
  <nd ref="9681376590"/>
  <nd ref="9681376589"/>
  <nd ref="9681376588"/>
  <nd ref="9681376587"/>
  <nd ref="9681376586"/>
  <nd ref="9681376585"/>
  <nd ref="9681376584"/>
  <nd ref="9681376583"/>
  <nd ref="9681376582"/>
  <nd ref="9681376581"/>
  <nd ref="9681376580"/>
  <nd ref="9681376579"/>
  <nd ref="9681376578"/>
  <nd ref="9681376577"/>
  <nd ref="9681376576"/>
  <nd ref="9681376575"/>
  <nd ref="9681376574"/>
  <nd ref="9681376573"/>
  <nd ref="9681376572"/>
  <nd ref="9681376571"/>
  <nd ref="9681376570"/>
  <nd ref="9681376569"/>
  <nd ref="9681376568"/>
  <nd ref="9681376567"/>
  <nd ref="9681376566"/>
  <nd ref="9681376565"/>
  <nd ref="9681376564"/>
  <nd ref="9681376563"/>
  <nd ref="9681376562"/>
  <nd ref="9681376561"/>
  <nd ref="9681376560"/>
  <nd ref="9681376559"/>
  <nd ref="9681376558"/>
  <nd ref="9681376557"/>
  <nd ref="9681376556"/>
  <nd ref="9681376555"/>
  <nd ref="9681376554"/>
  <nd ref="9681376553"/>
  <nd ref="9681376552"/>
  <nd ref="9681376551"/>
  <nd ref="9681376550"/>
  <nd ref="9681376549"/>
  <nd ref="9681376548"/>
  <nd ref="9681376547"/>
  <nd ref="9681376546"/>
  <nd ref="9681376545"/>
  <nd ref="9681376544"/>
  <nd ref="9681376543"/>
  <nd ref="9681376542"/>
  <nd ref="9681376541"/>
  <nd ref="9681376540"/>
  <nd ref="9681376539"/>
  <nd ref="9681376538"/>
  <nd ref="9681376537"/>
  <nd ref="9681376536"/>
  <nd ref="9681376535"/>
  <nd ref="9681376534"/>
  <nd ref="9681376533"/>
  <nd ref="9681376532"/>
  <nd ref="9681376531"/>
  <nd ref="9681376530"/>
  <nd ref="9681376529"/>
  <nd ref="9681376528"/>
  <nd ref="1541980518"/>
  <tag k="source" v="https://whc.unesco.org/fr/list/1635/"/>
 </way>
 <way id="1065666189" visible="true" version="1" changeset="121778201" timestamp="2022-05-31T17:30:11Z" user="divulmappeur" uid="8490885">
  <nd ref="9786472500"/>
  <nd ref="9786472501"/>
  <tag k="highway" v="service"/>
  <tag k="service" v="parking_aisle"/>
 </way>
 <way id="1065666193" visible="true" version="1" changeset="121778201" timestamp="2022-05-31T17:30:11Z" user="divulmappeur" uid="8490885">
  <nd ref="9786472541"/>
  <nd ref="9786472549"/>
  <nd ref="9786472542"/>
  <nd ref="9786472543"/>
  <nd ref="9786472544"/>
  <nd ref="9786472545"/>
  <nd ref="9786472546"/>
  <nd ref="9786472547"/>
  <nd ref="9786472548"/>
  <nd ref="9786472541"/>
  <tag k="access" v="private"/>
  <tag k="garden:type" v="private"/>
  <tag k="leisure" v="garden"/>
 </way>
 <way id="1065666194" visible="true" version="1" changeset="121778201" timestamp="2022-05-31T17:30:11Z" user="divulmappeur" uid="8490885">
  <nd ref="9786472550"/>
  <nd ref="9786472551"/>
  <nd ref="9786472552"/>
  <nd ref="9786472553"/>
  <nd ref="9786472554"/>
  <nd ref="9786472555"/>
  <nd ref="9786472556"/>
  <nd ref="9786472557"/>
  <nd ref="9786472558"/>
  <nd ref="9786472559"/>
  <nd ref="9786472560"/>
  <nd ref="9786472550"/>
  <tag k="access" v="private"/>
  <tag k="garden:type" v="private"/>
  <tag k="leisure" v="garden"/>
 </way>
 <way id="1065666195" visible="true" version="1" changeset="121778201" timestamp="2022-05-31T17:30:11Z" user="divulmappeur" uid="8490885">
  <nd ref="1533799940"/>
  <nd ref="9786472561"/>
  <nd ref="9786472562"/>
  <nd ref="9786472563"/>
  <nd ref="9786472564"/>
  <nd ref="9786472565"/>
  <nd ref="9786472566"/>
  <nd ref="9786472567"/>
  <nd ref="9786472568"/>
  <nd ref="9786472569"/>
  <nd ref="9786472570"/>
  <nd ref="1533800660"/>
  <nd ref="9370672747"/>
  <nd ref="1533799940"/>
  <tag k="access" v="private"/>
  <tag k="garden:type" v="private"/>
  <tag k="leisure" v="garden"/>
 </way>
 <way id="1065666196" visible="true" version="1" changeset="121778201" timestamp="2022-05-31T17:30:11Z" user="divulmappeur" uid="8490885">
  <nd ref="8206074961"/>
  <nd ref="9786472571"/>
  <nd ref="9786472572"/>
  <nd ref="9786472573"/>
  <nd ref="9786472574"/>
  <nd ref="9786472575"/>
  <nd ref="9786472576"/>
  <nd ref="9786472577"/>
  <nd ref="9786472578"/>
  <nd ref="9786472579"/>
  <nd ref="9786472580"/>
  <nd ref="9786472581"/>
  <nd ref="277297879"/>
  <nd ref="8206074953"/>
  <nd ref="9786472582"/>
  <nd ref="9786472583"/>
  <nd ref="8206074960"/>
  <nd ref="8206074961"/>
  <tag k="addr:city" v="Nice"/>
  <tag k="addr:housenumber" v="65"/>
  <tag k="addr:postcode" v="06108"/>
  <tag k="addr:street" v="Avenue Valrose"/>
  <tag k="leisure" v="sports_centre"/>
  <tag k="name" v="Complexe Sportif Universitaire - Valrose"/>
  <tag k="operator" v="Université Côte d'Azur"/>
  <tag k="source" v="cadastre-dgi-fr source : Direction Générale des Impôts - Cadastre. Mise à jour : 2011"/>
  <tag k="website" v="https://sport.univ-cotedazur.fr/"/>
 </way>
 <way id="1065666197" visible="true" version="1" changeset="121778201" timestamp="2022-05-31T17:30:11Z" user="divulmappeur" uid="8490885">
  <nd ref="1533796528"/>
  <nd ref="1533796546"/>
  <nd ref="9786472584"/>
  <nd ref="9786472585"/>
  <nd ref="9786472586"/>
  <nd ref="9786472587"/>
  <nd ref="9786472588"/>
  <nd ref="9786472589"/>
  <nd ref="1533798296"/>
  <nd ref="1533798416"/>
  <nd ref="9786472590"/>
  <nd ref="9786472591"/>
  <nd ref="9786472592"/>
  <nd ref="9786472593"/>
  <nd ref="9786472594"/>
  <nd ref="1533798502"/>
  <nd ref="1533798260"/>
  <nd ref="9786472595"/>
  <nd ref="1533798075"/>
  <nd ref="1533798076"/>
  <nd ref="9786472596"/>
  <nd ref="9786472597"/>
  <nd ref="9786472598"/>
  <nd ref="9786472599"/>
  <nd ref="9786472600"/>
  <nd ref="1533799148"/>
  <nd ref="9786472601"/>
  <nd ref="9786472602"/>
  <nd ref="9786472603"/>
  <nd ref="9786472604"/>
  <nd ref="9786472605"/>
  <nd ref="9786472606"/>
  <nd ref="9786472607"/>
  <nd ref="9786472608"/>
  <nd ref="9786472609"/>
  <nd ref="1533799599"/>
  <nd ref="1533799141"/>
  <nd ref="9786472610"/>
  <nd ref="9786472611"/>
  <nd ref="1533797954"/>
  <nd ref="1533797649"/>
  <nd ref="9786472612"/>
  <nd ref="9786472613"/>
  <nd ref="9786472614"/>
  <nd ref="9786472615"/>
  <nd ref="9786472616"/>
  <nd ref="9786472617"/>
  <nd ref="9786472618"/>
  <nd ref="9786472619"/>
  <nd ref="1533796536"/>
  <nd ref="1533796528"/>
  <tag k="access" v="private"/>
  <tag k="garden:type" v="private"/>
  <tag k="leisure" v="garden"/>
 </way>
 <way id="1113474201" visible="true" version="2" changeset="136230609" timestamp="2023-05-17T21:56:17Z" user="user_18305684" uid="18305684">
  <nd ref="1533873207"/>
  <nd ref="1533873179"/>
  <nd ref="1533873257"/>
  <nd ref="1533873438"/>
  <nd ref="1533873306"/>
  <nd ref="7805118282"/>
  <nd ref="1533873207"/>
  <tag k="building" v="university"/>
  <tag k="height" v="19"/>
  <tag k="name" v="Amphi Physique"/>
  <tag k="name:de" v="Aula Physik"/>
  <tag k="name:fr" v="Amphi Physique"/>
  <tag k="operator" v="Université Côte d'Azur"/>
  <tag k="operator:type" v="university"/>
  <tag k="source" v="cadastre-dgi-fr source : Direction Générale des Impôts - Cadastre. Mise à jour : 2011"/>
  <tag k="wheelchair" v="yes"/>
 </way>
 <way id="1113474202" visible="true" version="2" changeset="136230609" timestamp="2023-05-17T21:56:17Z" user="user_18305684" uid="18305684">
  <nd ref="1533873179"/>
  <nd ref="1533873207"/>
  <nd ref="1533873167"/>
  <nd ref="1533873115"/>
  <nd ref="7805118283"/>
  <nd ref="1533872970"/>
  <nd ref="1533873064"/>
  <nd ref="1533873078"/>
  <nd ref="1533873122"/>
  <nd ref="7805118284"/>
  <nd ref="1533873179"/>
  <tag k="building" v="university"/>
  <tag k="height" v="19"/>
  <tag k="name" v="TP Physique et Électronique"/>
  <tag k="name:fr" v="TP Physique et Électronique"/>
  <tag k="operator" v="Université Côte d'Azur"/>
  <tag k="operator:type" v="university"/>
  <tag k="source" v="cadastre-dgi-fr source : Direction Générale des Impôts - Cadastre. Mise à jour : 2011"/>
  <tag k="wheelchair" v="yes"/>
 </way>
 <relation id="31889" visible="true" version="9" changeset="186528826" timestamp="2026-07-28T16:13:50Z" user="Lisapple" uid="16291142">
  <member type="way" ref="25331775" role="street"/>
  <member type="way" ref="164214560" role="street"/>
  <member type="way" ref="1052085237" role="street"/>
  <member type="way" ref="841682565" role="street"/>
  <member type="way" ref="139974834" role="house"/>
  <member type="way" ref="141225385" role="house"/>
  <tag k="name" v="Avenue Edith Cavell"/>
  <tag k="ref:FR:FANTOIR" v="060882160"/>
  <tag k="type" v="associatedStreet"/>
 </relation>
 <relation id="170100" visible="true" version="69" changeset="166418579" timestamp="2025-05-18T07:38:12Z" user="R-one" uid="2430364">
  <member type="node" ref="1701090139" role="admin_centre"/>
  <member type="way" ref="37550728" role="outer"/>
  <member type="way" ref="36005892" role="outer"/>
  <member type="way" ref="36006266" role="outer"/>
  <member type="way" ref="165296539" role="outer"/>
  <member type="way" ref="35154184" role="outer"/>
  <member type="way" ref="35154183" role="outer"/>
  <member type="way" ref="724762799" role="outer"/>
  <member type="way" ref="889963378" role="outer"/>
  <member type="way" ref="889963379" role="outer"/>
  <member type="way" ref="1245389142" role="outer"/>
  <member type="way" ref="165296536" role="outer"/>
  <member type="way" ref="177383250" role="outer"/>
  <member type="way" ref="329741690" role="outer"/>
  <member type="way" ref="164304913" role="outer"/>
  <member type="way" ref="164304884" role="outer"/>
  <member type="way" ref="637608558" role="outer"/>
  <member type="way" ref="164304889" role="outer"/>
  <member type="way" ref="1213440062" role="outer"/>
  <member type="way" ref="177383248" role="outer"/>
  <member type="way" ref="362587060" role="outer"/>
  <member type="way" ref="137216465" role="outer"/>
  <member type="way" ref="177383241" role="outer"/>
  <member type="way" ref="177383242" role="outer"/>
  <member type="way" ref="772215332" role="outer"/>
  <member type="way" ref="42463908" role="outer"/>
  <member type="way" ref="1046187729" role="outer"/>
  <member type="way" ref="164243289" role="outer"/>
  <member type="way" ref="1046196571" role="outer"/>
  <member type="way" ref="37811842" role="outer"/>
  <member type="way" ref="37811856" role="outer"/>
  <member type="way" ref="319047125" role="outer"/>
  <member type="way" ref="37811845" role="outer"/>
  <member type="way" ref="178755502" role="outer"/>
  <member type="way" ref="164243299" role="outer"/>
  <member type="way" ref="37854193" role="outer"/>
  <member type="way" ref="37853210" role="outer"/>
  <member type="way" ref="37853205" role="outer"/>
  <member type="way" ref="178755509" role="outer"/>
  <member type="way" ref="329760355" role="outer"/>
  <member type="way" ref="37862532" role="outer"/>
  <member type="way" ref="37849205" role="outer"/>
  <member type="way" ref="165296543" role="outer"/>
  <member type="way" ref="319047132" role="outer"/>
  <member type="way" ref="329757254" role="outer"/>
  <member type="way" ref="37550729" role="outer"/>
  <member type="relation" ref="4618057" role="subarea"/>
  <member type="relation" ref="4618411" role="subarea"/>
  <member type="relation" ref="4430164" role="subarea"/>
  <member type="relation" ref="4623547" role="subarea"/>
  <member type="relation" ref="4618445" role="subarea"/>
  <member type="relation" ref="4623548" role="subarea"/>
  <member type="relation" ref="4430165" role="subarea"/>
  <member type="relation" ref="4623549" role="subarea"/>
  <member type="relation" ref="4623550" role="subarea"/>
  <tag k="admin_level" v="8"/>
  <tag k="boundary" v="administrative"/>
  <tag k="name" v="Nice"/>
  <tag k="name:ar" v="نيس"/>
  <tag k="name:br" v="Nisa"/>
  <tag k="name:ca" v="Niça"/>
  <tag k="name:de" v="Nizza"/>
  <tag k="name:eo" v="Nico"/>
  <tag k="name:es" v="Niza"/>
  <tag k="name:fi" v="Nizza"/>
  <tag k="name:fr" v="Nice"/>
  <tag k="name:it" v="Nizza"/>
  <tag k="name:ja" v="ニース"/>
  <tag k="name:ko" v="니스"/>
  <tag k="name:lt" v="Nica"/>
  <tag k="name:mi" v="Nīhi"/>
  <tag k="name:Nissart" v="Nissa"/>
  <tag k="name:oc" v="Niça"/>
  <tag k="name:pl" v="Nicea"/>
  <tag k="name:pronunciation" v="nis"/>
  <tag k="name:pt" v="Nice"/>
  <tag k="name:ru" v="Ницца"/>
  <tag k="name:sl" v="Nica"/>
  <tag k="name:sr" v="Ница"/>
  <tag k="name:uk" v="Ніцца"/>
  <tag k="name:zh" v="尼斯"/>
  <tag k="population" v="348085"/>
  <tag k="population:date" v="2021"/>
  <tag k="postal_code" v="06000;06100;06200;06300"/>
  <tag k="ref:FR:SIREN" v="210600888"/>
  <tag k="ref:INSEE" v="06088"/>
  <tag k="source:name:oc" v="ieo-bdtopoc"/>
  <tag k="source:population" v="INSEE 2024"/>
  <tag k="subject:wikidata" v="Q33959"/>
  <tag k="type" v="boundary"/>
  <tag k="website" v="https://www.nice.fr/"/>
  <tag k="wikidata" v="Q33959"/>
  <tag k="wikipedia" v="fr:Nice"/>
 </relation>
 <relation id="1891267" visible="true" version="2" changeset="17703418" timestamp="2013-09-06T13:37:55Z" user="_Fractal_" uid="491742">
  <member type="way" ref="139974841" role="outer"/>
  <member type="way" ref="139974958" role="inner"/>
  <tag k="natural" v="water"/>
  <tag k="type" v="multipolygon"/>
  <tag k="water" v="pond"/>
 </relation>
 <relation id="1891268" visible="true" version="9" changeset="166819564" timestamp="2025-05-27T10:51:38Z" user="VLD528" uid="16019190">
  <member type="way" ref="139974833" role="outer"/>
  <member type="way" ref="139974942" role="inner"/>
  <tag k="amenity" v="university"/>
  <tag k="building" v="university"/>
  <tag k="name" v="Institut de Chimie"/>
  <tag k="operator" v="Université Côte d'Azur"/>
  <tag k="short_name" v="ICN"/>
  <tag k="type" v="multipolygon"/>
 </relation>
 <relation id="2190697" visible="true" version="40" changeset="160694087" timestamp="2024-12-27T21:49:35Z" user="divulmappeur" uid="8490885">
  <member type="node" ref="1701090139" role="admin_centre"/>
  <member type="way" ref="164214586" role="outer"/>
  <member type="way" ref="164214580" role="outer"/>
  <member type="way" ref="1051661306" role="outer"/>
  <member type="way" ref="8349655" role="outer"/>
  <member type="way" ref="164243283" role="outer"/>
  <member type="way" ref="23046173" role="outer"/>
  <member type="way" ref="23045980" role="outer"/>
  <member type="way" ref="319047146" role="outer"/>
  <member type="way" ref="23046143" role="outer"/>
  <member type="way" ref="164214573" role="outer"/>
  <member type="way" ref="164214585" role="outer"/>
  <member type="way" ref="164214582" role="outer"/>
  <member type="way" ref="164214587" role="outer"/>
  <member type="way" ref="25787856" role="outer"/>
  <member type="way" ref="489105574" role="outer"/>
  <member type="way" ref="488431178" role="outer"/>
  <member type="way" ref="300233171" role="outer"/>
  <member type="way" ref="1346745800" role="outer"/>
  <member type="way" ref="300233173" role="outer"/>
  <member type="way" ref="23161147" role="outer"/>
  <member type="way" ref="25331734" role="outer"/>
  <member type="way" ref="164214589" role="outer"/>
  <member type="way" ref="255728242" role="outer"/>
  <member type="way" ref="164214583" role="outer"/>
  <member type="way" ref="155427374" role="outer"/>
  <member type="way" ref="164214568" role="outer"/>
  <member type="way" ref="25345204" role="outer"/>
  <member type="way" ref="25331775" role="outer"/>
  <member type="way" ref="25331777" role="outer"/>
  <member type="way" ref="164214588" role="outer"/>
  <member type="way" ref="164214564" role="outer"/>
  <member type="way" ref="27255168" role="outer"/>
  <member type="way" ref="321528039" role="outer"/>
  <member type="way" ref="164214562" role="outer"/>
  <member type="way" ref="23245875" role="outer"/>
  <member type="way" ref="1042750597" role="outer"/>
  <member type="way" ref="23245876" role="outer"/>
  <member type="way" ref="164214557" role="outer"/>
  <member type="way" ref="1042750601" role="outer"/>
  <member type="way" ref="23329509" role="outer"/>
  <member type="way" ref="164214558" role="outer"/>
  <member type="way" ref="4186541" role="outer"/>
  <member type="way" ref="1043274990" role="outer"/>
  <member type="way" ref="1042750610" role="outer"/>
  <member type="way" ref="388295103" role="outer"/>
  <member type="way" ref="37596917" role="outer"/>
  <member type="way" ref="164192413" role="outer"/>
  <member type="way" ref="37596918" role="outer"/>
  <member type="way" ref="1043274991" role="outer"/>
  <member type="way" ref="202885600" role="outer"/>
  <member type="way" ref="202885599" role="outer"/>
  <member type="way" ref="37561957" role="outer"/>
  <member type="way" ref="25380447" role="outer"/>
  <member type="way" ref="164214559" role="outer"/>
  <member type="way" ref="1052085239" role="outer"/>
  <member type="way" ref="25427217" role="outer"/>
  <member type="way" ref="1052085240" role="outer"/>
  <member type="way" ref="164214571" role="outer"/>
  <member type="way" ref="329760357" role="outer"/>
  <member type="way" ref="329760360" role="outer"/>
  <member type="way" ref="25380380" role="outer"/>
  <tag k="boundary" v="disused"/>
  <tag k="disused:boundary" v="political"/>
  <tag k="disused:political_division" v="canton"/>
  <tag k="end_date" v="2015-03"/>
  <tag k="name" v="Nice-VI"/>
  <tag k="name:de" v="Nizza-VI"/>
  <tag k="ref:INSEE" v="0633"/>
  <tag k="source" v="(JORF 1973-08-17) Décret nº 73-811 du 16 août 1973 portant création de cantons dans le département des Alpes-Maritimes"/>
  <tag k="start_date" v="1955"/>
  <tag k="type" v="boundary"/>
  <tag k="wikidata" v="Q1125305"/>
  <tag k="wikipedia" v="fr:Canton de Nice-6"/>
 </relation>
 <relation id="4430168" visible="true" version="10" changeset="169960162" timestamp="2025-08-04T14:36:14Z" user="Dren ar Frankig" uid="11707888">
  <member type="relation" ref="4425633" role="01"/>
  <member type="relation" ref="4425634" role="02"/>
  <member type="relation" ref="4425635" role="03"/>
  <member type="relation" ref="4425636" role="04"/>
  <member type="relation" ref="4335107" role="05"/>
  <member type="relation" ref="4335108" role="06"/>
  <member type="relation" ref="4335112" role="07"/>
  <member type="relation" ref="4335116" role="08"/>
  <member type="relation" ref="4335117" role="09"/>
  <member type="relation" ref="4425637" role="10"/>
  <member type="relation" ref="4425638" role="11"/>
  <member type="relation" ref="4425641" role="12"/>
  <member type="relation" ref="4425642" role="13"/>
  <member type="relation" ref="4425643" role="14"/>
  <member type="relation" ref="4618057" role="15"/>
  <member type="relation" ref="4618411" role="16"/>
  <member type="relation" ref="4430166" role="17"/>
  <member type="relation" ref="4623547" role="18"/>
  <member type="relation" ref="4618445" role="19"/>
  <member type="relation" ref="4623548" role="20"/>
  <member type="relation" ref="4430167" role="21"/>
  <member type="relation" ref="4623549" role="22"/>
  <member type="relation" ref="4623550" role="23"/>
  <member type="relation" ref="4425644" role="24"/>
  <member type="relation" ref="4425645" role="25"/>
  <member type="relation" ref="4425646" role="26"/>
  <member type="relation" ref="4425647" role="27"/>
  <tag k="boundary" v="political"/>
  <tag k="collection" v="boundary"/>
  <tag k="description" v="27 cantons"/>
  <tag k="name" v="Alpes-Maritimes - cantons (mars 2015)"/>
  <tag k="name:br" v="Alpoù-an-Arvor - kantonioù (Meurzh 2015)"/>
  <tag k="name:it" v="Cantoni del dipartimento delle Alpi Marittime"/>
  <tag k="planned:ref" v="006"/>
  <tag k="political_division" v="canton"/>
  <tag k="source" v="(JORF 2014-02-27) Décret nº 2014-227 du 24 février 2014 portant délimitation des cantons dans le département des Alpes-Maritimes"/>
  <tag k="source:2" v="(JORF 2014-03-20) Décret nº 2014-351 du 19 mars 2014 portant correction d’erreurs matérielles dans les décrets délimitant les cantons de divers départements"/>
  <tag k="source:url" v="http://www.legifrance.gouv.fr/affichTexte.do?cidTexte=JORFTEXT000028658238"/>
  <tag k="start_date" v="2015-03"/>
  <tag k="type" v="collection"/>
 </relation>
 <relation id="4618445" visible="true" version="45" changeset="175496299" timestamp="2025-12-04T14:07:54Z" user="yoann_immergis" uid="22411393">
  <member type="node" ref="1701090139" role="admin_centre"/>
  <member type="way" ref="164214563" role="outer"/>
  <member type="way" ref="164214564" role="outer"/>
  <member type="way" ref="23161155" role="outer"/>
  <member type="way" ref="4276702" role="outer"/>
  <member type="way" ref="4276701" role="outer"/>
  <member type="way" ref="164214562" role="outer"/>
  <member type="way" ref="164214561" role="outer"/>
  <member type="way" ref="782847010" role="outer"/>
  <member type="way" ref="4276708" role="outer"/>
  <member type="way" ref="329821820" role="outer"/>
  <member type="way" ref="329821826" role="outer"/>
  <member type="way" ref="329821806" role="outer"/>
  <member type="way" ref="150592443" role="outer"/>
  <member type="way" ref="329821829" role="outer"/>
  <member type="way" ref="329821807" role="outer"/>
  <member type="way" ref="329821824" role="outer"/>
  <member type="way" ref="329821805" role="outer"/>
  <member type="way" ref="329821823" role="outer"/>
  <member type="way" ref="25803642" role="outer"/>
  <member type="way" ref="329821803" role="outer"/>
  <member type="way" ref="329821825" role="outer"/>
  <member type="way" ref="329821804" role="outer"/>
  <member type="way" ref="329821813" role="outer"/>
  <member type="way" ref="139348925" role="outer"/>
  <member type="way" ref="25787218" role="outer"/>
  <member type="way" ref="329821816" role="outer"/>
  <member type="way" ref="887034974" role="outer"/>
  <member type="way" ref="891842285" role="outer"/>
  <member type="way" ref="329821808" role="outer"/>
  <member type="way" ref="329821811" role="outer"/>
  <member type="way" ref="329821818" role="outer"/>
  <member type="way" ref="1051858450" role="outer"/>
  <member type="way" ref="25787142" role="outer"/>
  <member type="way" ref="1323348380" role="outer"/>
  <member type="way" ref="261832898" role="outer"/>
  <member type="way" ref="329821827" role="outer"/>
  <member type="way" ref="329821809" role="outer"/>
  <member type="way" ref="22995576" role="outer"/>
  <member type="way" ref="1053721159" role="outer"/>
  <member type="way" ref="22995575" role="outer"/>
  <member type="way" ref="1053721161" role="outer"/>
  <member type="way" ref="1053721162" role="outer"/>
  <member type="way" ref="23278341" role="outer"/>
  <member type="way" ref="146902600" role="outer"/>
  <member type="way" ref="998650193" role="outer"/>
  <member type="way" ref="1050757980" role="outer"/>
  <member type="way" ref="25849517" role="outer"/>
  <member type="way" ref="329818569" role="outer"/>
  <member type="way" ref="1046330741" role="outer"/>
  <member type="way" ref="86934530" role="outer"/>
  <member type="way" ref="520914988" role="outer"/>
  <member type="way" ref="520915066" role="outer"/>
  <member type="way" ref="32138765" role="outer"/>
  <member type="way" ref="329818570" role="outer"/>
  <member type="way" ref="746330663" role="outer"/>
  <member type="way" ref="1456018103" role="outer"/>
  <member type="way" ref="1456018178" role="outer"/>
  <member type="way" ref="4186535" role="outer"/>
  <member type="way" ref="1456018104" role="outer"/>
  <member type="way" ref="1429692239" role="outer"/>
  <member type="way" ref="1429692244" role="outer"/>
  <member type="way" ref="1345101043" role="outer"/>
  <member type="way" ref="1185652655" role="outer"/>
  <member type="way" ref="32110029" role="outer"/>
  <member type="way" ref="771620543" role="outer"/>
  <member type="way" ref="329818568" role="outer"/>
  <member type="way" ref="814038222" role="outer"/>
  <member type="way" ref="329818571" role="outer"/>
  <member type="way" ref="38036556" role="outer"/>
  <member type="way" ref="25307266" role="outer"/>
  <member type="way" ref="163433115" role="outer"/>
  <member type="way" ref="329818578" role="outer"/>
  <member type="way" ref="636825608" role="outer"/>
  <member type="way" ref="388247881" role="outer"/>
  <member type="way" ref="25385965" role="outer"/>
  <member type="way" ref="806195495" role="outer"/>
  <member type="way" ref="1055822250" role="outer"/>
  <member type="way" ref="281186486" role="outer"/>
  <member type="way" ref="281186483" role="outer"/>
  <member type="way" ref="329741596" role="outer"/>
  <member type="way" ref="185753925" role="outer"/>
  <member type="way" ref="1212094325" role="outer"/>
  <member type="way" ref="1144295008" role="outer"/>
  <member type="way" ref="329741667" role="outer"/>
  <member type="way" ref="1024609518" role="outer"/>
  <member type="way" ref="1032543625" role="outer"/>
  <member type="way" ref="13246112" role="outer"/>
  <member type="way" ref="1004148646" role="outer"/>
  <member type="way" ref="37596919" role="outer"/>
  <member type="way" ref="762254201" role="outer"/>
  <member type="way" ref="26775062" role="outer"/>
  <member type="way" ref="1043274991" role="outer"/>
  <member type="way" ref="201021494" role="outer"/>
  <member type="way" ref="201021493" role="outer"/>
  <member type="way" ref="316377226" role="outer"/>
  <member type="way" ref="316377227" role="outer"/>
  <member type="way" ref="80031943" role="outer"/>
  <member type="way" ref="1070341730" role="outer"/>
  <member type="way" ref="1052085230" role="outer"/>
  <member type="way" ref="27626897" role="outer"/>
  <member type="way" ref="808047706" role="outer"/>
  <member type="way" ref="38627754" role="outer"/>
  <tag k="boundary" v="political"/>
  <tag k="name" v="Nice-5"/>
  <tag k="name:de" v="Nizza-5"/>
  <tag k="political_division" v="canton"/>
  <tag k="ref:INSEE" v="0619"/>
  <tag k="source" v="(JORF 2014-02-27) Décret nº 2014-227 du 24 février 2014 portant délimitation des cantons dans le département des Alpes-Maritimes"/>
  <tag k="source:2" v="(JORF 2014-03-20) Décret nº 2014-351 du 19 mars 2014 portant correction d’erreurs matérielles dans les décrets délimitant les cantons de divers départements"/>
  <tag k="source:url" v="http://www.legifrance.gouv.fr/affichTexte.do?cidTexte=JORFTEXT000028658238"/>
  <tag k="start_date" v="2015-03"/>
  <tag k="type" v="boundary"/>
  <tag k="wikidata" v="Q1225371"/>
  <tag k="wikipedia" v="fr:Canton de Nice-5"/>
 </relation>
 <relation id="4623548" visible="true" version="62" changeset="181453041" timestamp="2026-04-17T11:19:08Z" user="billybug" uid="397998">
  <member type="node" ref="1701090139" role="admin_centre"/>
  <member type="way" ref="178755509" role="outer"/>
  <member type="way" ref="329760355" role="outer"/>
  <member type="way" ref="329760349" role="outer"/>
  <member type="way" ref="329760339" role="outer"/>
  <member type="way" ref="329760364" role="outer"/>
  <member type="way" ref="1007498797" role="outer"/>
  <member type="way" ref="155875947" role="outer"/>
  <member type="way" ref="329760358" role="outer"/>
  <member type="way" ref="329760345" role="outer"/>
  <member type="way" ref="25787147" role="outer"/>
  <member type="way" ref="1500213244" role="outer"/>
  <member type="way" ref="22995579" role="outer"/>
  <member type="way" ref="951722047" role="outer"/>
  <member type="way" ref="1051850529" role="outer"/>
  <member type="way" ref="951722048" role="outer"/>
  <member type="way" ref="22995578" role="outer"/>
  <member type="way" ref="22995577" role="outer"/>
  <member type="way" ref="329821821" role="outer"/>
  <member type="way" ref="329821809" role="outer"/>
  <member type="way" ref="329821827" role="outer"/>
  <member type="way" ref="261832898" role="outer"/>
  <member type="way" ref="1323348380" role="outer"/>
  <member type="way" ref="25787142" role="outer"/>
  <member type="way" ref="1051858450" role="outer"/>
  <member type="way" ref="329821818" role="outer"/>
  <member type="way" ref="329821811" role="outer"/>
  <member type="way" ref="329821808" role="outer"/>
  <member type="way" ref="891842285" role="outer"/>
  <member type="way" ref="887034974" role="outer"/>
  <member type="way" ref="329821816" role="outer"/>
  <member type="way" ref="25787218" role="outer"/>
  <member type="way" ref="139348925" role="outer"/>
  <member type="way" ref="329821813" role="outer"/>
  <member type="way" ref="329821804" role="outer"/>
  <member type="way" ref="329821825" role="outer"/>
  <member type="way" ref="329821803" role="outer"/>
  <member type="way" ref="25803642" role="outer"/>
  <member type="way" ref="329821823" role="outer"/>
  <member type="way" ref="329821805" role="outer"/>
  <member type="way" ref="329821824" role="outer"/>
  <member type="way" ref="329821807" role="outer"/>
  <member type="way" ref="329821829" role="outer"/>
  <member type="way" ref="150592443" role="outer"/>
  <member type="way" ref="329821806" role="outer"/>
  <member type="way" ref="329821826" role="outer"/>
  <member type="way" ref="329821820" role="outer"/>
  <member type="way" ref="4276708" role="outer"/>
  <member type="way" ref="782847010" role="outer"/>
  <member type="way" ref="164214561" role="outer"/>
  <member type="way" ref="164214562" role="outer"/>
  <member type="way" ref="4276701" role="outer"/>
  <member type="way" ref="4276702" role="outer"/>
  <member type="way" ref="23161155" role="outer"/>
  <member type="way" ref="164214564" role="outer"/>
  <member type="way" ref="164214563" role="outer"/>
  <member type="way" ref="38627754" role="outer"/>
  <member type="way" ref="808047706" role="outer"/>
  <member type="way" ref="27626897" role="outer"/>
  <member type="way" ref="1052085230" role="outer"/>
  <member type="way" ref="1070341730" role="outer"/>
  <member type="way" ref="80031943" role="outer"/>
  <member type="way" ref="316377227" role="outer"/>
  <member type="way" ref="316377226" role="outer"/>
  <member type="way" ref="201021493" role="outer"/>
  <member type="way" ref="201021494" role="outer"/>
  <member type="way" ref="1043274991" role="outer"/>
  <member type="way" ref="26775062" role="outer"/>
  <member type="way" ref="762254201" role="outer"/>
  <member type="way" ref="4186539" role="outer"/>
  <member type="way" ref="488710783" role="outer"/>
  <member type="way" ref="202885601" role="outer"/>
  <member type="way" ref="329741686" role="outer"/>
  <member type="way" ref="1436274011" role="outer"/>
  <member type="way" ref="1436274012" role="outer"/>
  <member type="way" ref="37596913" role="outer"/>
  <member type="way" ref="197680008" role="outer"/>
  <member type="way" ref="106547954" role="outer"/>
  <member type="way" ref="1436274014" role="outer"/>
  <member type="way" ref="1436274013" role="outer"/>
  <member type="way" ref="1342740249" role="outer"/>
  <member type="way" ref="1342740250" role="outer"/>
  <member type="way" ref="1350332094" role="outer"/>
  <member type="way" ref="1042750618" role="outer"/>
  <member type="way" ref="508643023" role="outer"/>
  <member type="way" ref="329741682" role="outer"/>
  <member type="way" ref="164192418" role="outer"/>
  <member type="way" ref="27245936" role="outer"/>
  <member type="way" ref="1444125522" role="outer"/>
  <member type="way" ref="362625249" role="outer"/>
  <member type="way" ref="664465444" role="outer"/>
  <member type="way" ref="637608554" role="outer"/>
  <member type="way" ref="570057942" role="outer"/>
  <member type="way" ref="744313466" role="outer"/>
  <member type="way" ref="409573842" role="outer"/>
  <member type="way" ref="409771799" role="outer"/>
  <member type="way" ref="4246630" role="outer"/>
  <member type="way" ref="375360935" role="outer"/>
  <member type="way" ref="23706851" role="outer"/>
  <member type="way" ref="629007844" role="outer"/>
  <member type="way" ref="629007846" role="outer"/>
  <member type="way" ref="1019646819" role="outer"/>
  <member type="way" ref="749411304" role="outer"/>
  <member type="way" ref="1443493147" role="outer"/>
  <member type="way" ref="362454123" role="outer"/>
  <member type="way" ref="629007845" role="outer"/>
  <member type="way" ref="217583537" role="outer"/>
  <member type="way" ref="629007862" role="outer"/>
  <member type="way" ref="629007861" role="outer"/>
  <member type="way" ref="166623683" role="outer"/>
  <member type="way" ref="320114627" role="outer"/>
  <member type="way" ref="329826624" role="outer"/>
  <member type="way" ref="217583535" role="outer"/>
  <member type="way" ref="329760363" role="outer"/>
  <member type="way" ref="329760342" role="outer"/>
  <member type="way" ref="329760359" role="outer"/>
  <member type="way" ref="329760360" role="outer"/>
  <member type="way" ref="329760362" role="outer"/>
  <member type="way" ref="156775069" role="outer"/>
  <member type="way" ref="329760344" role="outer"/>
  <member type="way" ref="329760347" role="outer"/>
  <member type="way" ref="329760361" role="outer"/>
  <member type="way" ref="329760351" role="outer"/>
  <member type="way" ref="329760365" role="outer"/>
  <member type="way" ref="156775071" role="outer"/>
  <member type="way" ref="319047147" role="outer"/>
  <member type="way" ref="319047144" role="outer"/>
  <member type="way" ref="319047142" role="outer"/>
  <member type="way" ref="156775067" role="outer"/>
  <member type="way" ref="319047135" role="outer"/>
  <member type="way" ref="25331719" role="outer"/>
  <member type="way" ref="519132270" role="outer"/>
  <member type="way" ref="23161150" role="outer"/>
  <member type="way" ref="519132269" role="outer"/>
  <member type="way" ref="25331734" role="outer"/>
  <member type="way" ref="23161147" role="outer"/>
  <member type="way" ref="300233173" role="outer"/>
  <member type="way" ref="1346745800" role="outer"/>
  <member type="way" ref="300233171" role="outer"/>
  <member type="way" ref="488431178" role="outer"/>
  <member type="way" ref="489105574" role="outer"/>
  <member type="way" ref="25787856" role="outer"/>
  <member type="way" ref="164214587" role="outer"/>
  <member type="way" ref="164214582" role="outer"/>
  <member type="way" ref="164214585" role="outer"/>
  <member type="way" ref="178755503" role="outer"/>
  <member type="way" ref="178755506" role="outer"/>
  <member type="way" ref="178755508" role="outer"/>
  <member type="way" ref="178755510" role="outer"/>
  <tag k="boundary" v="political"/>
  <tag k="name" v="Nice-6"/>
  <tag k="name:de" v="Nizza-6"/>
  <tag k="political_division" v="canton"/>
  <tag k="ref:INSEE" v="0620"/>
  <tag k="source" v="(JORF 2014-02-27) Décret nº 2014-227 du 24 février 2014 portant délimitation des cantons dans le département des Alpes-Maritimes"/>
  <tag k="source:2" v="(JORF 2014-03-20) Décret nº 2014-351 du 19 mars 2014 portant correction d’erreurs matérielles dans les décrets délimitant les cantons de divers départements"/>
  <tag k="source:url" v="http://www.legifrance.gouv.fr/affichTexte.do?cidTexte=JORFTEXT000028658238"/>
  <tag k="start_date" v="2015-03"/>
  <tag k="type" v="boundary"/>
  <tag k="wikidata" v="Q1125305"/>
  <tag k="wikipedia" v="fr:Canton de Nice-6"/>
 </relation>
 <relation id="8183090" visible="true" version="1" changeset="57838743" timestamp="2018-04-05T15:13:23Z" user="rusefkuma" uid="7637564">
  <member type="way" ref="363728810" role="outer"/>
  <member type="way" ref="576798467" role="inner"/>
  <tag k="building" v="yes"/>
  <tag k="height" v="5"/>
  <tag k="source" v="cadastre-dgi-fr source : Direction Générale des Finances Publiques - Cadastre. Mise à jour : 2015"/>
  <tag k="type" v="multipolygon"/>
 </relation>
 <relation id="10307057" visible="true" version="25" changeset="160694087" timestamp="2024-12-27T21:49:35Z" user="divulmappeur" uid="8490885">
  <member type="node" ref="9774490936" role="platform"/>
  <member type="node" ref="250312572" role="stop"/>
  <member type="node" ref="4006042359" role="platform"/>
  <member type="node" ref="4812433337" role="stop"/>
  <member type="node" ref="4769249922" role="platform"/>
  <member type="node" ref="250312558" role="stop"/>
  <member type="node" ref="281460577" role="platform"/>
  <member type="node" ref="4813319476" role="stop"/>
  <member type="node" ref="4813319475" role="platform"/>
  <member type="node" ref="1398629871" role="stop"/>
  <member type="node" ref="1398629755" role="platform"/>
  <member type="node" ref="1398629870" role="stop"/>
  <member type="node" ref="281459302" role="platform"/>
  <member type="node" ref="6984428242" role="stop"/>
  <member type="node" ref="2183626069" role="platform"/>
  <member type="node" ref="6984428243" role="stop"/>
  <member type="node" ref="2183626062" role="platform"/>
  <member type="node" ref="6984373969" role="stop"/>
  <member type="node" ref="2183626054" role="platform"/>
  <member type="node" ref="6984373972" role="stop"/>
  <member type="node" ref="6984373971" role="platform"/>
  <member type="node" ref="6976329333" role="stop"/>
  <member type="node" ref="6976329331" role="platform"/>
  <member type="node" ref="9627467554" role="stop"/>
  <member type="node" ref="6976329329" role="platform"/>
  <member type="node" ref="6984373975" role="stop"/>
  <member type="node" ref="4209124288" role="platform"/>
  <member type="node" ref="6984449295" role="stop"/>
  <member type="node" ref="6984449294" role="platform"/>
  <member type="node" ref="6984449300" role="stop"/>
  <member type="node" ref="281457021" role="platform"/>
  <member type="node" ref="6984449305" role="stop"/>
  <member type="node" ref="6984449306" role="platform"/>
  <member type="node" ref="6984449308" role="stop"/>
  <member type="node" ref="281941677" role="platform"/>
  <member type="node" ref="6984449318" role="stop"/>
  <member type="node" ref="6984449317" role="platform"/>
  <member type="node" ref="6984449339" role="stop"/>
  <member type="node" ref="6984449338" role="platform"/>
  <member type="node" ref="6984449349" role="stop"/>
  <member type="node" ref="6984449342" role="platform"/>
  <member type="node" ref="9632940586" role="stop"/>
  <member type="node" ref="6984449353" role="platform"/>
  <member type="node" ref="6984449362" role="stop_exit_only"/>
  <member type="node" ref="6984449361" role="platform_exit_only"/>
  <member type="way" ref="25380008" role=""/>
  <member type="way" ref="746334486" role=""/>
  <member type="way" ref="25803795" role=""/>
  <member type="way" ref="146825613" role=""/>
  <member type="way" ref="25331734" role=""/>
  <member type="way" ref="23161147" role=""/>
  <member type="way" ref="300233173" role=""/>
  <member type="way" ref="1346745800" role=""/>
  <member type="way" ref="300233171" role=""/>
  <member type="way" ref="204363852" role=""/>
  <member type="way" ref="1020072892" role=""/>
  <member type="way" ref="1020072891" role=""/>
  <member type="way" ref="1020072890" role=""/>
  <member type="way" ref="1020072889" role=""/>
  <member type="way" ref="1051661294" role=""/>
  <member type="way" ref="804747769" role=""/>
  <member type="way" ref="804747756" role=""/>
  <member type="way" ref="329821819" role=""/>
  <member type="way" ref="329821820" role=""/>
  <member type="way" ref="315713345" role=""/>
  <member type="way" ref="164214565" role=""/>
  <member type="way" ref="164214562" role=""/>
  <member type="way" ref="164214561" role=""/>
  <member type="way" ref="782847010" role=""/>
  <member type="way" ref="993903797" role=""/>
  <member type="way" ref="329821815" role=""/>
  <member type="way" ref="139935368" role=""/>
  <member type="way" ref="343336334" role=""/>
  <member type="way" ref="10626268" role=""/>
  <member type="way" ref="23152950" role=""/>
  <member type="way" ref="1064804355" role=""/>
  <member type="way" ref="1174888163" role=""/>
  <member type="way" ref="1174888162" role=""/>
  <member type="way" ref="146793505" role=""/>
  <member type="way" ref="804747771" role=""/>
  <member type="way" ref="677399555" role=""/>
  <member type="way" ref="1020179993" role=""/>
  <member type="way" ref="1020179992" role=""/>
  <member type="way" ref="1020179991" role=""/>
  <member type="way" ref="1003343463" role=""/>
  <member type="way" ref="1174888178" role=""/>
  <member type="way" ref="1174888179" role=""/>
  <member type="way" ref="23278344" role=""/>
  <member type="way" ref="1047655123" role=""/>
  <member type="way" ref="23278341" role=""/>
  <member type="way" ref="146902600" role=""/>
  <member type="way" ref="998650193" role=""/>
  <member type="way" ref="1050757980" role=""/>
  <member type="way" ref="25849517" role=""/>
  <member type="way" ref="329818569" role=""/>
  <member type="way" ref="1046330741" role=""/>
  <member type="way" ref="80391467" role=""/>
  <member type="way" ref="746330664" role=""/>
  <member type="way" ref="4247575" role=""/>
  <member type="way" ref="746330667" role=""/>
  <member type="way" ref="25833839" role=""/>
  <member type="way" ref="746330668" role=""/>
  <member type="way" ref="746330669" role=""/>
  <tag k="colour" v="#5bc5f2"/>
  <tag k="from" v="Collège Matisse"/>
  <tag k="gtfs:feed" v="FR-PAC-Lignes-d-Azur"/>
  <tag k="gtfs:route_id" v="16"/>
  <tag k="name" v="Bus 16 : Collège Matisse =&gt; Col de Bast"/>
  <tag k="network" v="Lignes d'Azur"/>
  <tag k="network:guid" v="FR-PAC-Lignes-d-Azur"/>
  <tag k="network:short" v="Lignes d'Azur"/>
  <tag k="network:wikidata" v="Q3240177"/>
  <tag k="network:wikipedia" v="fr:Lignes d'Azur"/>
  <tag k="operator" v="Régie Ligne d'Azur"/>
  <tag k="operator:wikidata" v="Q16674298"/>
  <tag k="operator:wikipedia" v="fr:Régie Ligne d'Azur"/>
  <tag k="public_transport:version" v="2"/>
  <tag k="ref" v="16"/>
  <tag k="route" v="bus"/>
  <tag k="source:name:oc" v="ieo-bdtopoc"/>
  <tag k="to" v="Col de Bast"/>
  <tag k="type" v="route"/>
  <tag k="website" v="https://www.lignesdazur.com/"/>
 </relation>
 <relation id="10307078" visible="true" version="18" changeset="146365658" timestamp="2024-01-17T13:51:14Z" user="Snusmumriken" uid="76269">
  <member type="node" ref="6984449362" role="stop_entry_only"/>
  <member type="node" ref="6984449361" role="platform_entry_only"/>
  <member type="node" ref="6984449355" role="stop"/>
  <member type="node" ref="6984449354" role="platform"/>
  <member type="node" ref="6984449341" role="stop"/>
  <member type="node" ref="6984449340" role="platform"/>
  <member type="node" ref="6984449332" role="stop"/>
  <member type="node" ref="6984449331" role="platform"/>
  <member type="node" ref="6984449315" role="stop"/>
  <member type="node" ref="6984449309" role="platform"/>
  <member type="node" ref="6984449307" role="stop"/>
  <member type="node" ref="281952928" role="platform"/>
  <member type="node" ref="6984449301" role="stop"/>
  <member type="node" ref="6984449302" role="platform"/>
  <member type="node" ref="9632952333" role="stop"/>
  <member type="node" ref="281457034" role="platform"/>
  <member type="node" ref="6984449298" role="stop"/>
  <member type="node" ref="6984449299" role="platform"/>
  <member type="node" ref="6984449297" role="stop"/>
  <member type="node" ref="6984449296" role="platform"/>
  <member type="node" ref="6984373977" role="stop"/>
  <member type="node" ref="6984373976" role="platform"/>
  <member type="node" ref="6984373974" role="stop"/>
  <member type="node" ref="6984373973" role="platform"/>
  <member type="node" ref="1398629759" role="stop"/>
  <member type="node" ref="1398629881" role="platform"/>
  <member type="node" ref="6984373970" role="stop"/>
  <member type="node" ref="2920631661" role="platform"/>
  <member type="node" ref="250312493" role="stop"/>
  <member type="node" ref="281959043" role="platform"/>
  <member type="node" ref="6984428244" role="stop"/>
  <member type="node" ref="6984428245" role="platform"/>
  <member type="node" ref="9632952380" role="stop"/>
  <member type="node" ref="281459303" role="platform"/>
  <member type="node" ref="6984428237" role="stop"/>
  <member type="node" ref="6984428238" role="platform"/>
  <member type="node" ref="6984428231" role="stop"/>
  <member type="node" ref="6984428232" role="platform"/>
  <member type="node" ref="9774490936" role="platform"/>
  <member type="way" ref="1047589908" role=""/>
  <member type="way" ref="1047589907" role=""/>
  <member type="way" ref="1047589906" role=""/>
  <member type="way" ref="746330668" role=""/>
  <member type="way" ref="25833839" role=""/>
  <member type="way" ref="746330667" role=""/>
  <member type="way" ref="4247575" role=""/>
  <member type="way" ref="138716153" role=""/>
  <member type="way" ref="746330666" role=""/>
  <member type="way" ref="746330665" role=""/>
  <member type="way" ref="746330663" role=""/>
  <member type="way" ref="80391467" role=""/>
  <member type="way" ref="1046330741" role=""/>
  <member type="way" ref="329818569" role=""/>
  <member type="way" ref="25849517" role=""/>
  <member type="way" ref="1050757980" role=""/>
  <member type="way" ref="998650193" role=""/>
  <member type="way" ref="146902600" role=""/>
  <member type="way" ref="1047655126" role=""/>
  <member type="way" ref="23278343" role=""/>
  <member type="way" ref="1050757981" role=""/>
  <member type="way" ref="1047655124" role=""/>
  <member type="way" ref="23278344" role=""/>
  <member type="way" ref="1174888179" role=""/>
  <member type="way" ref="1174888178" role=""/>
  <member type="way" ref="1003343463" role=""/>
  <member type="way" ref="164214584" role=""/>
  <member type="way" ref="677399555" role=""/>
  <member type="way" ref="804747771" role=""/>
  <member type="way" ref="146793505" role=""/>
  <member type="way" ref="1174888162" role=""/>
  <member type="way" ref="1174888163" role=""/>
  <member type="way" ref="1064804355" role=""/>
  <member type="way" ref="10626265" role=""/>
  <member type="way" ref="164214576" role=""/>
  <member type="way" ref="516631391" role=""/>
  <member type="way" ref="23278110" role=""/>
  <member type="way" ref="23278111" role=""/>
  <member type="way" ref="164214557" role=""/>
  <member type="way" ref="4276711" role=""/>
  <member type="way" ref="4276701" role=""/>
  <member type="way" ref="315713345" role=""/>
  <member type="way" ref="329821820" role=""/>
  <member type="way" ref="329821819" role=""/>
  <member type="way" ref="804747756" role=""/>
  <member type="way" ref="804747769" role=""/>
  <member type="way" ref="1051661293" role=""/>
  <member type="way" ref="164214578" role=""/>
  <member type="way" ref="993884160" role=""/>
  <member type="way" ref="993884161" role=""/>
  <member type="way" ref="25380008" role=""/>
  <tag k="colour" v="#5bc5f2"/>
  <tag k="from" v="Col de Bast"/>
  <tag k="gtfs:feed" v="FR-PAC-Lignes-d-Azur"/>
  <tag k="gtfs:route_id" v="16"/>
  <tag k="name" v="Bus 16 : Col de Bast =&gt; Cimiez / Hôpital"/>
  <tag k="name:oc" v="Bus 16 : Còl de Bast =&gt; Cimier / Espitau"/>
  <tag k="network" v="Lignes d'Azur"/>
  <tag k="network:guid" v="FR-PAC-Lignes-d-Azur"/>
  <tag k="network:short" v="Lignes d'Azur"/>
  <tag k="network:wikidata" v="Q3240177"/>
  <tag k="network:wikipedia" v="fr:Lignes d'Azur"/>
  <tag k="operator" v="Régie Ligne d'Azur"/>
  <tag k="operator:wikidata" v="Q16674298"/>
  <tag k="operator:wikipedia" v="fr:Régie Ligne d'Azur"/>
  <tag k="public_transport:version" v="2"/>
  <tag k="ref" v="16"/>
  <tag k="route" v="bus"/>
  <tag k="source:name:oc" v="ieo-bdtopoc"/>
  <tag k="to" v="Cimiez / Hôpital"/>
  <tag k="type" v="route"/>
  <tag k="website" v="https://www.lignesdazur.com/"/>
 </relation>
 <relation id="10307079" visible="true" version="5" changeset="136292492" timestamp="2023-05-19T10:15:22Z" user="Patchi" uid="591881">
  <member type="relation" ref="10307057" role=""/>
  <member type="relation" ref="10307078" role=""/>
  <tag k="colour" v="#5bc5f2"/>
  <tag k="gtfs:feed" v="FR-PAC-Lignes-d-Azur"/>
  <tag k="gtfs:route_id" v="16"/>
  <tag k="name" v="Bus 16"/>
  <tag k="network" v="Lignes d'Azur"/>
  <tag k="network:guid" v="FR-PAC-Lignes-d-Azur"/>
  <tag k="network:short" v="Lignes d'Azur"/>
  <tag k="network:wikidata" v="Q3240177"/>
  <tag k="network:wikipedia" v="fr:Lignes d'Azur"/>
  <tag k="operator" v="Régie Ligne d'Azur"/>
  <tag k="operator:wikidata" v="Q16674298"/>
  <tag k="operator:wikipedia" v="fr:Régie Ligne d'Azur"/>
  <tag k="ref" v="16"/>
  <tag k="route_master" v="bus"/>
  <tag k="type" v="route_master"/>
  <tag k="website" v="https://www.lignesdazur.com/"/>
 </relation>
 <relation id="14042936" visible="true" version="13" changeset="183550743" timestamp="2026-06-02T14:50:48Z" user="Snusmumriken" uid="76269">
  <member type="node" ref="9668449915" role="stop_entry_only"/>
  <member type="node" ref="4069825688" role="platform_entry_only"/>
  <member type="node" ref="25743622" role="stop"/>
  <member type="node" ref="277298218" role="platform"/>
  <member type="node" ref="9668459033" role="stop"/>
  <member type="node" ref="9668459032" role="platform"/>
  <member type="node" ref="1600219152" role="stop"/>
  <member type="node" ref="6976329345" role="platform"/>
  <member type="node" ref="9668449914" role="stop"/>
  <member type="node" ref="9668449913" role="platform"/>
  <member type="node" ref="9668449891" role="stop"/>
  <member type="node" ref="9668449890" role="platform"/>
  <member type="node" ref="275661984" role="stop"/>
  <member type="node" ref="2192469483" role="platform"/>
  <member type="node" ref="9668459072" role="stop"/>
  <member type="node" ref="2192469481" role="platform"/>
  <member type="node" ref="9668459085" role="stop"/>
  <member type="node" ref="9668459084" role="platform"/>
  <member type="node" ref="9668459102" role="stop"/>
  <member type="node" ref="9668459106" role="platform"/>
  <member type="node" ref="9668459116" role="stop"/>
  <member type="node" ref="9668459111" role="platform"/>
  <member type="node" ref="9668459124" role="stop"/>
  <member type="node" ref="9668459123" role="platform"/>
  <member type="node" ref="9668459166" role="stop"/>
  <member type="node" ref="9668459146" role="platform"/>
  <member type="node" ref="9668449883" role="stop"/>
  <member type="node" ref="9668449882" role="platform"/>
  <member type="node" ref="9668449864" role="stop"/>
  <member type="node" ref="9668449863" role="platform"/>
  <member type="node" ref="9668459200" role="stop"/>
  <member type="node" ref="4126904573" role="platform"/>
  <member type="node" ref="8252302752" role="stop"/>
  <member type="node" ref="8252302751" role="platform"/>
  <member type="node" ref="9668459212" role="stop"/>
  <member type="node" ref="9668459211" role="platform"/>
  <member type="node" ref="8252302772" role="stop"/>
  <member type="node" ref="8252302771" role="platform"/>
  <member type="node" ref="9668449856" role="stop"/>
  <member type="node" ref="277027999" role="platform"/>
  <member type="node" ref="12852763671" role="stop"/>
  <member type="node" ref="9668449854" role="platform"/>
  <member type="node" ref="12852763668" role="stop_exit_only"/>
  <member type="node" ref="9656040189" role="platform_exit_only"/>
  <member type="way" ref="4276703" role=""/>
  <member type="way" ref="409582976" role=""/>
  <member type="way" ref="4276702" role=""/>
  <member type="way" ref="164214565" role=""/>
  <member type="way" ref="996130889" role=""/>
  <member type="way" ref="37978640" role=""/>
  <member type="way" ref="651127504" role=""/>
  <member type="way" ref="651126959" role=""/>
  <member type="way" ref="25406113" role=""/>
  <member type="way" ref="25304717" role=""/>
  <member type="way" ref="27626894" role=""/>
  <member type="way" ref="676811378" role=""/>
  <member type="way" ref="25352777" role=""/>
  <member type="way" ref="808047706" role=""/>
  <member type="way" ref="27626897" role=""/>
  <member type="way" ref="25341024" role=""/>
  <member type="way" ref="841670990" role=""/>
  <member type="way" ref="841682563" role=""/>
  <member type="way" ref="841682564" role=""/>
  <member type="way" ref="1052085238" role=""/>
  <member type="way" ref="25331744" role=""/>
  <member type="way" ref="25427205" role=""/>
  <member type="way" ref="1052085239" role=""/>
  <member type="way" ref="25427207" role=""/>
  <member type="way" ref="25427208" role=""/>
  <member type="way" ref="1052085242" role=""/>
  <member type="way" ref="95810348" role=""/>
  <member type="way" ref="25331743" role=""/>
  <member type="way" ref="25331749" role=""/>
  <member type="way" ref="25331752" role=""/>
  <member type="way" ref="206822550" role=""/>
  <member type="way" ref="1455955131" role=""/>
  <member type="way" ref="206822548" role=""/>
  <member type="way" ref="185949787" role=""/>
  <member type="way" ref="943951554" role=""/>
  <member type="way" ref="1455955129" role=""/>
  <member type="way" ref="629007860" role=""/>
  <member type="way" ref="4246570" role=""/>
  <member type="way" ref="4246510" role=""/>
  <member type="way" ref="4246509" role=""/>
  <member type="way" ref="25418858" role=""/>
  <member type="way" ref="229329522" role=""/>
  <member type="way" ref="229329565" role=""/>
  <member type="way" ref="4245071" role=""/>
  <member type="way" ref="1126237368" role=""/>
  <member type="way" ref="1019738268" role=""/>
  <member type="way" ref="1052085226" role=""/>
  <member type="way" ref="1282457077" role=""/>
  <member type="way" ref="492633054" role=""/>
  <member type="way" ref="4246483" role=""/>
  <member type="way" ref="769241843" role=""/>
  <member type="way" ref="146740132" role=""/>
  <member type="way" ref="1059958684" role=""/>
  <tag k="colour" v="#00b1eb"/>
  <tag k="from" v="Résidence Universitaire Montebello"/>
  <tag k="gtfs:feed" v="FR-PAC-Lignes-d-Azur"/>
  <tag k="gtfs:route_id" v="36"/>
  <tag k="name" v="Bus 37 : Résidence Universitaire Montebello =&gt; Riquier"/>
  <tag k="network" v="Lignes d'Azur"/>
  <tag k="network:guid" v="FR-PAC-Lignes-d-Azur"/>
  <tag k="network:short" v="Lignes d'Azur"/>
  <tag k="network:wikidata" v="Q3240177"/>
  <tag k="network:wikipedia" v="fr:Lignes d'Azur"/>
  <tag k="operator" v="Régie Ligne d'Azur"/>
  <tag k="operator:wikidata" v="Q16674298"/>
  <tag k="operator:wikipedia" v="fr:Régie Ligne d'Azur"/>
  <tag k="public_transport:version" v="2"/>
  <tag k="ref" v="37"/>
  <tag k="route" v="bus"/>
  <tag k="to" v="Riquier"/>
  <tag k="type" v="route"/>
  <tag k="website" v="https://www.lignesdazur.com/"/>
 </relation>
 <relation id="14042937" visible="true" version="8" changeset="166761027" timestamp="2025-05-26T06:19:59Z" user="Snusmumriken" uid="76269">
  <member type="node" ref="12852763668" role="stop_entry_only"/>
  <member type="node" ref="9656040189" role="platform_entry_only"/>
  <member type="node" ref="12852763669" role="stop"/>
  <member type="node" ref="9668459218" role="platform"/>
  <member type="node" ref="12852763670" role="stop"/>
  <member type="node" ref="4609386391" role="platform"/>
  <member type="node" ref="9664361200" role="platform"/>
  <member type="node" ref="9668459214" role="stop"/>
  <member type="node" ref="9668459213" role="platform"/>
  <member type="node" ref="9668459209" role="stop"/>
  <member type="node" ref="276689400" role="platform"/>
  <member type="node" ref="9668459200" role="stop"/>
  <member type="node" ref="4126904574" role="platform"/>
  <member type="node" ref="9668459191" role="stop"/>
  <member type="node" ref="4126904575" role="platform"/>
  <member type="node" ref="9668459149" role="stop"/>
  <member type="node" ref="4126909090" role="platform"/>
  <member type="node" ref="276007382" role="stop"/>
  <member type="node" ref="9668459147" role="platform"/>
  <member type="node" ref="9668459122" role="stop"/>
  <member type="node" ref="9668459121" role="platform"/>
  <member type="node" ref="9668459116" role="stop"/>
  <member type="node" ref="9668459112" role="platform"/>
  <member type="node" ref="9668459103" role="stop"/>
  <member type="node" ref="4006007037" role="platform"/>
  <member type="node" ref="9668459083" role="stop"/>
  <member type="node" ref="4006007008" role="platform"/>
  <member type="node" ref="9668459071" role="stop"/>
  <member type="node" ref="2192469482" role="platform"/>
  <member type="node" ref="9668459062" role="stop"/>
  <member type="node" ref="2192469484" role="platform"/>
  <member type="node" ref="9668459044" role="stop"/>
  <member type="node" ref="3620654314" role="platform"/>
  <member type="node" ref="6976329347" role="stop"/>
  <member type="node" ref="6976329346" role="platform"/>
  <member type="node" ref="9668459036" role="stop"/>
  <member type="node" ref="9668459035" role="platform"/>
  <member type="node" ref="25743622" role="stop"/>
  <member type="node" ref="9668449916" role="platform"/>
  <member type="node" ref="9668449915" role="stop_exit_only"/>
  <member type="node" ref="4069825688" role="platform_exit_only"/>
  <member type="way" ref="146740132" role=""/>
  <member type="way" ref="1059958684" role=""/>
  <member type="way" ref="1388480585" role=""/>
  <member type="way" ref="201021483" role=""/>
  <member type="way" ref="329826625" role=""/>
  <member type="way" ref="217583536" role=""/>
  <member type="way" ref="1176614736" role=""/>
  <member type="way" ref="329826626" role=""/>
  <member type="way" ref="320096313" role=""/>
  <member type="way" ref="320114634" role=""/>
  <member type="way" ref="629007860" role=""/>
  <member type="way" ref="150195534" role=""/>
  <member type="way" ref="140067120" role=""/>
  <member type="way" ref="146825535" role=""/>
  <member type="way" ref="25331749" role=""/>
  <member type="way" ref="25331743" role=""/>
  <member type="way" ref="95810348" role=""/>
  <member type="way" ref="1052085242" role=""/>
  <member type="way" ref="25331740" role=""/>
  <member type="way" ref="25427217" role=""/>
  <member type="way" ref="25427205" role=""/>
  <member type="way" ref="25331744" role=""/>
  <member type="way" ref="1052085238" role=""/>
  <member type="way" ref="841682564" role=""/>
  <member type="way" ref="841682563" role=""/>
  <member type="way" ref="841670990" role=""/>
  <member type="way" ref="25341024" role=""/>
  <member type="way" ref="1052085234" role=""/>
  <member type="way" ref="25406062" role=""/>
  <member type="way" ref="37975415" role=""/>
  <member type="way" ref="996192888" role=""/>
  <member type="way" ref="27626894" role=""/>
  <member type="way" ref="25307979" role=""/>
  <member type="way" ref="651126965" role=""/>
  <member type="way" ref="651126962" role=""/>
  <member type="way" ref="651127504" role=""/>
  <member type="way" ref="37978640" role=""/>
  <member type="way" ref="996130889" role=""/>
  <member type="way" ref="4276701" role=""/>
  <member type="way" ref="4276702" role=""/>
  <member type="way" ref="409582976" role=""/>
  <member type="way" ref="4276703" role=""/>
  <member type="way" ref="1052085232" role=""/>
  <member type="way" ref="444896384" role=""/>
  <member type="way" ref="1052085232" role=""/>
  <tag k="colour" v="#00b1eb"/>
  <tag k="from" v="Riquier"/>
  <tag k="gtfs:feed" v="FR-PAC-Lignes-d-Azur"/>
  <tag k="gtfs:route_id" v="36"/>
  <tag k="name" v="Bus 37 : Riquier =&gt; Résidence Universitaire Montebello"/>
  <tag k="network" v="Lignes d'Azur"/>
  <tag k="network:guid" v="FR-PAC-Lignes-d-Azur"/>
  <tag k="network:short" v="Lignes d'Azur"/>
  <tag k="network:wikidata" v="Q3240177"/>
  <tag k="network:wikipedia" v="fr:Lignes d'Azur"/>
  <tag k="operator" v="Régie Ligne d'Azur"/>
  <tag k="operator:wikidata" v="Q16674298"/>
  <tag k="operator:wikipedia" v="fr:Régie Ligne d'Azur"/>
  <tag k="public_transport:version" v="2"/>
  <tag k="ref" v="37"/>
  <tag k="route" v="bus"/>
  <tag k="to" v="Résidence Universitaire Montebello"/>
  <tag k="type" v="route"/>
  <tag k="website" v="https://www.lignesdazur.com/"/>
 </relation>
 <relation id="14042938" visible="true" version="2" changeset="136294740" timestamp="2023-05-19T11:14:14Z" user="Patchi" uid="591881">
  <member type="relation" ref="14042937" role=""/>
  <member type="relation" ref="14042936" role=""/>
  <tag k="colour" v="#00b1eb"/>
  <tag k="gtfs:feed" v="FR-PAC-Lignes-d-Azur"/>
  <tag k="gtfs:route_id" v="36"/>
  <tag k="name" v="Bus 37"/>
  <tag k="network" v="Lignes d'Azur"/>
  <tag k="network:guid" v="FR-PAC-Lignes-d-Azur"/>
  <tag k="network:short" v="Lignes d'Azur"/>
  <tag k="network:wikidata" v="Q3240177"/>
  <tag k="network:wikipedia" v="fr:Lignes d'Azur"/>
  <tag k="operator" v="Régie Ligne d'Azur"/>
  <tag k="operator:wikidata" v="Q16674298"/>
  <tag k="operator:wikipedia" v="fr:Régie Ligne d'Azur"/>
  <tag k="ref" v="37"/>
  <tag k="route_master" v="bus"/>
  <tag k="type" v="route_master"/>
  <tag k="website" v="https://www.lignesdazur.com/"/>
 </relation>
 <relation id="15763503" visible="true" version="9" changeset="187509428" timestamp="2026-08-15T21:39:46Z" user="NaoiseMcG" uid="23872480">
  <member type="node" ref="33017158" role=""/>
  <member type="way" ref="867524682" role="platform"/>
  <member type="way" ref="867524681" role="platform"/>
  <member type="way" ref="867524677" role="platform"/>
  <member type="way" ref="867524676" role="platform"/>
  <member type="node" ref="3400645194" role="stop"/>
  <member type="node" ref="3400645195" role="stop"/>
  <member type="node" ref="8018589178" role="stop"/>
  <member type="node" ref="3400645196" role="stop"/>
  <member type="node" ref="3400645197" role="stop"/>
  <member type="node" ref="3400644663" role="stop"/>
  <member type="node" ref="3400644664" role="stop"/>
  <member type="node" ref="875251475" role="entrance"/>
  <member type="node" ref="10837379667" role=""/>
  <member type="node" ref="4249975599" role=""/>
  <member type="way" ref="1165126785" role=""/>
  <member type="node" ref="10837441114" role="entrance"/>
  <member type="node" ref="10837441115" role="entrance"/>
  <member type="node" ref="11425823900" role="entrance"/>
  <member type="node" ref="10837379685" role="entrance"/>
  <tag k="gtfs:stop_id:FR-SNCF" v="StopArea:OCE87756056"/>
  <tag k="name" v="Nice Ville"/>
  <tag k="public_transport" v="stop_area"/>
  <tag k="ref:FR:uic8" v="87756056"/>
  <tag k="type" v="public_transport"/>
  <tag k="uic_ref" v="8775605"/>
  <tag k="wheelchair" v="yes"/>
 </relation>
 <relation id="16271240" visible="true" version="1" changeset="140728072" timestamp="2023-09-02T16:48:54Z" user="AmiFritz" uid="172867">
  <member type="way" ref="25341024" role="street"/>
  <member type="way" ref="841670990" role="street"/>
  <member type="way" ref="841682563" role="street"/>
  <member type="way" ref="841682564" role="street"/>
  <member type="node" ref="3991754367" role="house"/>
  <member type="node" ref="4100162609" role="house"/>
  <member type="node" ref="4067150047" role="house"/>
  <member type="node" ref="11163263969" role="house"/>
  <member type="node" ref="1546195203" role="house"/>
  <member type="node" ref="1546195402" role="house"/>
  <member type="node" ref="3991754365" role="house"/>
  <member type="node" ref="3991754364" role="house"/>
  <member type="node" ref="11163263958" role="house"/>
  <member type="node" ref="11163263957" role="house"/>
  <member type="node" ref="3991754361" role="house"/>
  <member type="node" ref="11163263956" role="house"/>
  <member type="node" ref="3991754366" role="house"/>
  <member type="node" ref="845105938" role="house"/>
  <member type="node" ref="11163263955" role="house"/>
  <member type="node" ref="1546159988" role="house"/>
  <member type="node" ref="11163263959" role="house"/>
  <member type="node" ref="4006007014" role="house"/>
  <member type="node" ref="11163263960" role="house"/>
  <member type="node" ref="4006007051" role="house"/>
  <member type="node" ref="11163263962" role="house"/>
  <member type="node" ref="11163263961" role="house"/>
  <member type="node" ref="11163263963" role="house"/>
  <member type="node" ref="4006007017" role="house"/>
  <member type="node" ref="11163263964" role="house"/>
  <member type="node" ref="4006007056" role="house"/>
  <member type="node" ref="4006007058" role="house"/>
  <member type="node" ref="4006007035" role="house"/>
  <member type="node" ref="4006007059" role="house"/>
  <member type="node" ref="4006007061" role="house"/>
  <member type="node" ref="4006007060" role="house"/>
  <member type="node" ref="4006007062" role="house"/>
  <member type="node" ref="4006007033" role="house"/>
  <member type="node" ref="4006007013" role="house"/>
  <member type="node" ref="1534802789" role="house"/>
  <member type="node" ref="4006007065" role="house"/>
  <member type="node" ref="4006007067" role="house"/>
  <member type="node" ref="11163263966" role="house"/>
  <member type="node" ref="11163263965" role="house"/>
  <member type="node" ref="4006007026" role="house"/>
  <member type="node" ref="11163263967" role="house"/>
  <member type="node" ref="11163263968" role="house"/>
  <member type="node" ref="9681377492" role="house"/>
  <member type="node" ref="4006007012" role="house"/>
  <member type="node" ref="4006007032" role="house"/>
  <member type="node" ref="4006007071" role="house"/>
  <member type="node" ref="4006007027" role="house"/>
  <tag k="name" v="Avenue George V"/>
  <tag k="ref:FR:FANTOIR" v="060882870T"/>
  <tag k="type" v="associatedStreet"/>
 </relation>
 <relation id="16271542" visible="true" version="1" changeset="140733006" timestamp="2023-09-02T19:15:56Z" user="AmiFritz" uid="172867">
  <member type="way" ref="27059270" role="street"/>
  <member type="node" ref="10032158245" role="house"/>
  <member type="node" ref="10032158246" role="house"/>
  <member type="node" ref="11163549317" role="house"/>
  <member type="node" ref="11163549316" role="house"/>
  <member type="node" ref="11163549315" role="house"/>
  <member type="node" ref="10032221419" role="house"/>
  <tag k="name" v="Rue Père Auguste Valensin"/>
  <tag k="ref:FR:FANTOIR" v="060884945Y"/>
  <tag k="type" v="associatedStreet"/>
 </relation>
 <relation id="17139027" visible="true" version="5" changeset="179370992" timestamp="2026-03-04T22:04:14Z" user="Đuro Jiří" uid="14617702">
  <member type="way" ref="1053470762" role="outer"/>
  <member type="way" ref="1245389140" role="outer"/>
  <tag k="boundary" v="protected_area"/>
  <tag k="heritage" v="1"/>
  <tag k="heritage:operator" v="whc"/>
  <tag k="heritage:website" v="https://whc.unesco.org/fr/list/1635/"/>
  <tag k="name" v="Nice, la ville de la villégiature d’hiver de riviera"/>
  <tag k="name:ar" v="مدينة نيس، المنتجع الشتوي في منطقة الريفييرا"/>
  <tag k="name:en" v="Nice, Winter Resort Town of the Riviera"/>
  <tag k="name:es" v="Niza, ciudad balnearia de invierno de la Riviera"/>
  <tag k="name:fr" v="Nice, la ville de la villégiature d’hiver de riviera"/>
  <tag k="name:ru" v="Ницца, зимний курортный город Ривьеры"/>
  <tag k="name:zh" v="里维埃拉旅游之都尼斯"/>
  <tag k="ref:whc" v="1635"/>
  <tag k="type" v="multipolygon"/>
  <tag k="website" v="https://patrimoinemondial.nice.fr/"/>
  <tag k="whc:criteria" v="(ii)"/>
  <tag k="whc:inscription_date" v="2021"/>
  <tag k="wikidata" v="Q108094935"/>
 </relation>
 <relation id="17832857" visible="true" version="6" changeset="175402155" timestamp="2025-12-02T13:13:10Z" user="Snusmumriken" uid="76269">
  <member type="way" ref="201021486" role="street"/>
  <member type="way" ref="201021485" role="street"/>
  <member type="way" ref="201021484" role="street"/>
  <member type="way" ref="27569332" role="street"/>
  <member type="way" ref="1300899146" role="street"/>
  <member type="way" ref="362587067" role="street"/>
  <member type="way" ref="4243039" role="street"/>
  <member type="node" ref="12033927646" role="house"/>
  <member type="node" ref="12033927653" role="house"/>
  <member type="node" ref="11685327168" role="house"/>
  <member type="node" ref="12033927647" role="house"/>
  <member type="node" ref="12033927648" role="house"/>
  <member type="node" ref="11685357370" role="house"/>
  <member type="node" ref="12033927649" role="house"/>
  <member type="node" ref="12049149758" role="house"/>
  <member type="node" ref="11685357371" role="house"/>
  <member type="node" ref="11685357372" role="house"/>
  <member type="node" ref="12049149763" role="house"/>
  <member type="node" ref="12049163673" role="house"/>
  <member type="node" ref="11685357373" role="house"/>
  <member type="node" ref="11685357374" role="house"/>
  <member type="node" ref="12049163678" role="house"/>
  <member type="node" ref="11685357376" role="house"/>
  <member type="node" ref="11685357375" role="house"/>
  <member type="node" ref="12049175481" role="house"/>
  <member type="node" ref="11685357377" role="house"/>
  <member type="node" ref="11685357379" role="house"/>
  <member type="node" ref="12049175482" role="house"/>
  <member type="node" ref="12049175483" role="house"/>
  <member type="node" ref="11685357380" role="house"/>
  <member type="node" ref="12049174034" role="house"/>
  <member type="node" ref="12049174036" role="house"/>
  <member type="node" ref="12049174037" role="house"/>
  <member type="node" ref="12049174040" role="house"/>
  <member type="node" ref="12049174043" role="house"/>
  <member type="node" ref="12049174042" role="house"/>
  <member type="node" ref="12049174044" role="house"/>
  <member type="node" ref="11685357383" role="house"/>
  <member type="node" ref="11685357382" role="house"/>
  <member type="node" ref="12051527404" role="house"/>
  <member type="node" ref="12051527403" role="house"/>
  <member type="node" ref="12052826882" role="house"/>
  <member type="node" ref="12053021200" role="house"/>
  <tag k="addr:postcode" v="06300"/>
  <tag k="addr:street" v="Boulevard Stalingrad"/>
  <tag k="name" v="Boulevard Stalingrad"/>
  <tag k="ref:FR:FANTOIR" v="060886285"/>
  <tag k="type" v="associatedStreet"/>
 </relation>
</osm>
